"family","shape","seed","package","lambda_index","lambda","objective","loss","penalty","kkt","relative_kkt","intercept_kkt","nonzero"
"binomial","tall",74001,"picasso",1,0.0690306098442477,0.692366852568226,0.692366852568226,0,6.33659791304808e-17,9.17940306096848e-16,6.33659791304808e-17,0
"binomial","tall",74001,"picasso",2,0.0631580562184167,0.692297646218886,0.69075255616394,0.00154509005494574,2.73025630674448e-06,4.32284378097239e-05,2.73025630674448e-06,2
"binomial","tall",74001,"picasso",3,0.0577850909080602,0.692055632976551,0.688264599802561,0.0037910331739892,4.36578813127164e-06,7.55479386592754e-05,4.36578813127164e-06,2
"binomial","tall",74001,"picasso",4,0.052869213069276,0.691640307805885,0.686177886793153,0.00546242101273139,5.46982038838323e-06,0.000103448760152327,3.65348992286352e-06,2
"binomial","tall",74001,"picasso",5,0.0483715374786166,0.691020265786867,0.68228433018472,0.00873593560214738,9.35592404979757e-07,1.93414217959479e-05,3.48006091660524e-09,4
"binomial","tall",74001,"picasso",6,0.0442564869459906,0.690046037228527,0.676798289359897,0.0132477478686298,6.90634346734581e-06,0.000156028332987988,9.42953796426171e-09,6
"binomial","tall",74001,"picasso",7,0.0404915108945314,0.688694258785976,0.671737317732372,0.0169569410536036,8.28196687079757e-06,0.000204494055047146,1.12620888518822e-08,6
"binomial","tall",74001,"picasso",8,0.0370468278813642,0.687058166506374,0.667210135614556,0.0198480308918176,7.81622766574119e-06,0.000210937869022373,1.57302033657325e-08,9
"binomial","tall",74001,"picasso",9,0.0338951900225779,0.685096657671421,0.660301853819038,0.0247948038523822,7.48269384123063e-06,0.000220711030773888,1.61063549700691e-08,15
"binomial","tall",74001,"picasso",10,0.0310116674589726,0.682622793323858,0.65173461562557,0.0308881776982877,9.85804909236707e-06,0.000317780925693166,2.71850138586771e-08,18
"binomial","tall",74001,"picasso",11,0.0283734511576802,0.679620834917332,0.643074545355147,0.0365462895621849,1.16371278241663e-05,0.000409973282701013,3.02119451337929e-08,21
"binomial","tall",74001,"picasso",12,0.0259596724897918,0.676127212387099,0.634134764666912,0.0419924477201869,1.23457036369859e-05,0.000475346334083098,2.95775077222837e-08,25
"binomial","tall",74001,"picasso",13,0.0237512381568302,0.672178080960637,0.62565841275769,0.0465196682029476,1.28095769690237e-05,0.000539031780802427,2.83750044948183e-08,25
"binomial","tall",74001,"picasso",14,0.021730679160313,0.66787813282805,0.617903020387854,0.0499751124401951,1.36569290418061e-05,0.000628068338609428,2.51985328552778e-08,27
"binomial","tall",74001,"picasso",15,0.0198820126197363,0.663319979552082,0.610850614721275,0.0524693648308078,1.33350147181015e-05,0.000670257939851634,2.21156767270941e-08,30
"binomial","tall",74001,"picasso",16,0.018190615345943,0.658570023134547,0.604420119585673,0.0541499035488746,1.3278396340053e-05,0.000729426161679393,2.09685728365244e-08,30
"binomial","tall",74001,"picasso",17,0.016643108169823,0.653713929159084,0.598749873545045,0.0549640556140386,1.45201901630733e-05,0.000871684122690167,1.8397534135059e-08,33
"binomial","tall",74001,"picasso",18,0.0152272501113716,0.648806175684287,0.593501413342834,0.0553047623414527,1.52207007782287e-05,0.000998571751641221,1.82457134027258e-08,35
"binomial","tall",74001,"picasso",19,0.0139318415519697,0.643895585594248,0.588893176676201,0.0550024089180477,1.58138648186819e-05,0.00113380093973695,1.69603794105133e-08,35
"binomial","tall",74001,"picasso",20,0.0127466356439657,0.63903857437421,0.58489688540837,0.0541416889658403,1.62136020180944e-05,0.00127037479685004,1.54597809451235e-08,36
"binomial","tall",74001,"picasso",21,0.0116622572567979,0.634275226473422,0.58133179551233,0.0529434309610919,1.69453415447152e-05,0.00145089884365221,1.41430113725083e-08,40
"binomial","tall",74001,"picasso",22,0.0106701288185108,0.629627873695105,0.578124370257284,0.0515035034378204,1.74762751161909e-05,0.00163519094905668,1.35754148389844e-08,42
"binomial","tall",74001,"picasso",23,0.00976240246606207,0.625118686217649,0.575239881780019,0.04987880443763,1.70668099877432e-05,0.00174516729957322,1.06452023368453e-08,46
"binomial","tall",74001,"picasso",24,0.00893189796772073,0.620761093047294,0.572682256589606,0.0480788364576876,1.69533295200988e-05,0.00189446991093996,9.26730545294796e-09,48
"binomial","tall",74001,"picasso",25,0.0081720459265141,0.616569919647403,0.5704264877476,0.0461434318998031,1.69666849562048e-05,0.00207188409167177,7.89614520897708e-09,51
"binomial","tall",74001,"picasso",26,0.0074768358154563,0.612551458961073,0.568334696635054,0.0442167623260188,1.66508413050985e-05,0.00222204189688847,6.42257451544115e-09,56
"binomial","tall",74001,"picasso",27,0.0068407684335098,0.608705373127437,0.566440116640934,0.0422652564865029,1.68883023831407e-05,0.00246269287506729,6.38598594737694e-09,59
"binomial","tall",74001,"picasso",28,0.00625881240620077,0.605033741125032,0.564735018033348,0.0402987230916833,1.73526443726698e-05,0.0027648483162635,7.92315072416227e-09,64
"binomial","tall",74001,"picasso",29,0.00572636438680242,0.601536958207791,0.563209867946426,0.038327090261365,1.75843021561831e-05,0.0030613612879211,8.86237624032893e-09,66
"binomial","tall",74001,"picasso",30,0.0052392126432727,0.598215471370616,0.561842502320626,0.03637296904999,1.78489122211562e-05,0.00339522602745699,6.17022239651766e-09,72
"binomial","tall",74001,"picasso",31,0.00479350374291428,0.595065733419713,0.560610417756127,0.034455315663586,1.7625822875832e-05,0.0036635519028965,6.16985911790213e-09,75
"binomial","tall",74001,"picasso",32,0.00438571207122835,0.592085376168786,0.559515212644847,0.0325701635239385,1.72773500610899e-05,0.0039240044451504,6.39961952342283e-09,79
"binomial","tall",74001,"picasso",33,0.00401261194385219,0.589270436957669,0.558536367599307,0.0307340693583614,1.72552956768058e-05,0.00428185214330351,6.26170561507378e-09,82
"binomial","tall",74001,"picasso",34,0.00367125209098273,0.586617231577027,0.557677294076776,0.0289399375002506,1.65870876772836e-05,0.00449777955971241,5.41917360244448e-09,85
"binomial","tall",74001,"picasso",35,0.00335893231245427,0.584120914680213,0.55691399967734,0.0272069150028725,1.63253677811907e-05,0.00483677672279286,5.33943840037854e-09,89
"binomial","tall",74001,"picasso",36,0.0030731821188093,0.581776495490515,0.556254009905322,0.0255224855851927,1.61242153860919e-05,0.00521936436267706,4.90329949108526e-09,90
"binomial","tall",74001,"picasso",37,0.00281174118941041,0.579579088206212,0.555673990007239,0.0239050981989736,1.55424916335528e-05,0.00549732300927574,4.5122634976108e-09,94
"binomial","tall",74001,"picasso",38,0.00257254149301447,0.577522380488896,0.555166284638355,0.022356095850541,1.49148042002762e-05,0.0057642728947079,3.63306261194629e-09,95
"binomial","tall",74001,"picasso",39,0.00235369092938061,0.575601154461779,0.55476767062125,0.0208334838405288,9.53010257156747e-05,0.0389143890478512,2.65813486364924e-07,96
"binomial","tall",74001,"picasso",40,0.0021534583625149,0.573808555300497,0.554360101413615,0.0194484538868819,1.57649795002775e-05,0.00726756862464519,3.22802289511037e-09,98
"binomial","tall",74001,"picasso",41,0.00197025992716286,0.572139679960599,0.554066514647545,0.0180731653130542,8.55218436825365e-05,0.0416006430718409,2.12734516713456e-07,99
"binomial","tall",74001,"picasso",42,0.00180264650023247,0.570587393119707,0.55379170949534,0.0167956836243669,9.08080307783221e-05,0.0479589180997369,1.95468332158485e-07,103
"binomial","tall",74001,"picasso",43,0.00164929223804476,0.569145464106833,0.553553285850673,0.0155921782561604,8.68380449429434e-05,0.0500181615365315,1.7540833391548e-07,103
"binomial","tall",74001,"picasso",44,0.00150898408874059,0.567807787910398,0.553349568967395,0.0144582189430024,8.19879039704841e-05,0.0515332163897955,1.54110406979463e-07,105
"binomial","tall",74001,"picasso",45,0.00138061219688495,0.56656818274965,0.553175411279833,0.013392771469817,7.57067640721198e-05,0.0519850157154902,1.29474887900896e-07,107
"binomial","tall",74001,"glmnet",1,0.0690306098442477,0.692366852568226,0.692366852568226,0,2.53047582887689e-16,3.66573007914365e-15,2.53047582887689e-16,0
"binomial","tall",74001,"glmnet",2,0.0631580562184167,0.692297646202829,0.690752356591161,0.00154528961166757,5.51874337895164e-10,8.73798793244e-09,7.36230049147579e-13,2
"binomial","tall",74001,"glmnet",3,0.0577850909080602,0.69205563290525,0.688263283268112,0.00379234963713791,1.04749350374189e-07,1.81273995278562e-06,5.11578204798191e-12,2
"binomial","tall",74001,"glmnet",4,0.052869213069276,0.69164030767242,0.686175705911749,0.00546460176067139,2.07098906003511e-07,3.91719243364442e-06,1.00692252869017e-11,2
"binomial","tall",74001,"glmnet",5,0.0483715374786166,0.691020265789184,0.682284686729284,0.0087355790598996,1.00783283485395e-06,2.08348109111257e-05,3.97076994340662e-11,4
"binomial","tall",74001,"glmnet",6,0.0442564869459906,0.690046037115996,0.676797587872745,0.0132484492432509,2.34633008173307e-06,5.3013825897701e-05,1.4468467973705e-10,6
"binomial","tall",74001,"glmnet",7,0.0404915108945314,0.688694258642438,0.67173675228278,0.0169575063596577,3.40106578666788e-06,8.39874844029952e-05,2.45129083809026e-10,6
"binomial","tall",74001,"glmnet",8,0.0370468278813642,0.687058166189281,0.667207687103526,0.019850479085755,3.791409004264e-06,0.000102330516382208,2.86506001284659e-10,9
"binomial","tall",74001,"glmnet",9,0.0338951900225779,0.685096657410791,0.660300068339688,0.0247965890711028,4.68058383797099e-06,0.00013807084670952,5.29865532089557e-10,15
"binomial","tall",74001,"glmnet",10,0.0310116674589726,0.682622792908063,0.651733644845162,0.0308891480629009,6.04275347267438e-06,0.000194816233412673,1.03634618062176e-09,18
"binomial","tall",74001,"glmnet",11,0.0283734511576802,0.679620834270244,0.64307298909341,0.0365478451768339,7.04487213262772e-06,0.000248229351778324,1.35535531982367e-09,21
"binomial","tall",74001,"glmnet",12,0.0259596724897918,0.676127211806229,0.634133062555364,0.0419941492508651,9.30204858020159e-06,0.00035819853288611,1.46109182917742e-09,25
"binomial","tall",74001,"glmnet",13,0.0237512381568302,0.672178080424433,0.625657357959642,0.0465207224647903,1.06384328573961e-05,0.000447710130016121,1.33694484664992e-09,25
"binomial","tall",74001,"glmnet",14,0.021730679160313,0.667878132022788,0.617901516536989,0.0499766154857988,1.08526433094912e-05,0.000499166452829371,1.15687333868131e-09,27
"binomial","tall",74001,"glmnet",15,0.0198820126197363,0.663319978514494,0.610848694960497,0.0524712835539971,1.09113750888686e-05,0.000548505342487961,9.07171728417588e-10,30
"binomial","tall",74001,"glmnet",16,0.018190615345943,0.658570021664756,0.604417336581116,0.0541526850836391,1.12806209276069e-05,0.000619749774866246,8.1117529804331e-10,30
"binomial","tall",74001,"glmnet",17,0.016643108169823,0.6537139269802,0.598745598145189,0.0549683288350111,1.09100227335644e-05,0.00065509852381695,6.46419260771913e-10,33
"binomial","tall",74001,"glmnet",18,0.0152272501113716,0.648806172751805,0.593496094649279,0.055310078102526,1.0628917875094e-05,0.000697532632638274,7.06527344726538e-10,35
"binomial","tall",74001,"glmnet",19,0.0139318415519697,0.643895581789338,0.588886774184499,0.0550088076048394,1.02132167969313e-05,0.00073254745920316,5.59235882241493e-10,35
"binomial","tall",74001,"glmnet",20,0.0127466356439657,0.639038569718588,0.584889619022225,0.0541489506963625,9.66087411309428e-06,0.000757341607683894,4.58535059727483e-10,36
"binomial","tall",74001,"glmnet",21,0.0116622572567979,0.634275221041792,0.581323751464255,0.0529514695775367,9.41539998810213e-06,0.000806688147017894,4.84734658093289e-10,40
"binomial","tall",74001,"glmnet",22,0.0106701288185108,0.629627867746971,0.57811600830495,0.0515118594420207,9.37804631560846e-06,0.000878134771044123,6.51993493500091e-10,42
"binomial","tall",74001,"glmnet",23,0.00976240246606207,0.62511867977359,0.575231306465024,0.0498873733085663,8.89644610383572e-06,0.000910467091817144,5.89499140252192e-10,46
"binomial","tall",74001,"glmnet",24,0.00893189796772073,0.620761086068737,0.57267354202122,0.0480875440475161,8.65880884153881e-06,0.000968486533661744,4.96472886551969e-10,48
"binomial","tall",74001,"glmnet",25,0.0081720459265141,0.616569912082306,0.570417710676109,0.0461522014061971,8.08786567419242e-06,0.000988720463461859,4.19702432807867e-10,51
"binomial","tall",74001,"glmnet",26,0.0074768358154563,0.612551450896557,0.568325989920706,0.0442254609758509,7.90427517277474e-06,0.00105605205752848,2.88376947585323e-10,56
"binomial","tall",74001,"glmnet",27,0.0068407684335098,0.608705364538232,0.566431532914006,0.0422738316242255,7.55103175470017e-06,0.00110261090958153,2.42372241943123e-10,59
"binomial","tall",74001,"glmnet",28,0.00625881240620077,0.60503373185198,0.564726467050371,0.0403072648016087,7.41844886241114e-06,0.00118387736328242,2.6790129054044e-10,64
"binomial","tall",74001,"glmnet",29,0.00572636438680242,0.60153694833907,0.563201484545986,0.038335463793084,6.7248269196938e-06,0.00117298487237874,1.99650259671835e-10,66
"binomial","tall",74001,"glmnet",30,0.0052392126432727,0.598215461441906,0.561834616993516,0.0363808444483897,6.47328217723807e-06,0.00123402015851394,1.71840182555671e-10,72
"binomial","tall",74001,"glmnet",31,0.00479350374291428,0.595065723425835,0.560603033262876,0.0344626901629592,6.06200367215138e-06,0.0012630316974953,1.31204736908419e-10,75
"binomial","tall",74001,"glmnet",32,0.00438571207122835,0.592085366144235,0.559508182577411,0.0325771835668242,5.72366280853203e-06,0.00130336936600698,1.17975315003238e-10,79
"binomial","tall",74001,"glmnet",33,0.00401261194385219,0.589270427151711,0.558529739324894,0.0307406878268175,5.23526889848348e-06,0.0013030034795423,1.32021565305007e-10,82
"binomial","tall",74001,"glmnet",34,0.00367125209098273,0.5866172220621,0.557671032970875,0.028946189091226,4.9180928692826e-06,0.00133783057457075,7.23524127138608e-11,85
"binomial","tall",74001,"glmnet",35,0.00335893231245427,0.584120905279495,0.556908139639945,0.0272127656395501,4.6125157628584e-06,0.00137132578824683,6.02491080359258e-11,89
"binomial","tall",74001,"glmnet",36,0.0030731821188093,0.58177648656708,0.556248582945197,0.0255279036218826,4.31998474594106e-06,0.00140373088322197,4.92362143972302e-11,90
"binomial","tall",74001,"glmnet",37,0.00281174118941041,0.579579079459018,0.55566893194825,0.0239101475107685,4.59530955620275e-06,0.00163166211064938,3.3066442847729e-11,94
"binomial","tall",74001,"glmnet",38,0.00257254149301447,0.577522373784145,0.555163114806483,0.0223592589776626,7.15413016034051e-06,0.00277324584190129,8.83243964910907e-11,95
"binomial","tall",74001,"glmnet",39,0.00235369092938061,0.575600775695994,0.554729117224515,0.0208716584714791,6.76042345056039e-06,0.00286403845707382,7.61995599812826e-11,96
"binomial","tall",74001,"glmnet",40,0.0021534583625149,0.573808547238154,0.554356834432498,0.0194517128056556,6.37709432684203e-06,0.00295258340474096,6.69385738782946e-11,98
"binomial","tall",74001,"glmnet",41,0.00197025992716286,0.572139372096263,0.554036441226087,0.0181029308701768,6.01226700935138e-06,0.00304222618072592,5.91770436819683e-11,99
"binomial","tall",74001,"glmnet",42,0.00180264650023247,0.57058704505116,0.553762065477108,0.0168249795740525,5.63824854867261e-06,0.00311800923636227,5.19555168748687e-11,103
"binomial","tall",74001,"glmnet",43,0.00164929223804476,0.569145142864953,0.553527020498829,0.0156181223661236,5.36424912612912e-06,0.00324191103574666,4.49073686431545e-11,103
"binomial","tall",74001,"glmnet",44,0.00150898408874059,0.567807503680113,0.553326932868517,0.0144805708115959,5.06500910768732e-06,0.00334534006518385,3.95715138434838e-11,105
"binomial","tall",74001,"glmnet",45,0.00138061219688495,0.56656793592438,0.553155964374495,0.0134119715498854,4.71085820408462e-06,0.00340054847624105,3.32238485056813e-11,107
"binomial","tall",74002,"picasso",1,0.065910313707099,0.690934422979081,0.690934422979081,0,2.95041768794135e-16,4.47641275241507e-15,2.95041768794135e-16,0
"binomial","tall",74002,"picasso",2,0.0603032090818668,0.690871260093148,0.689512746797489,0.00135851329565883,4.20137323728553e-06,6.9669933658915e-05,4.20137323728553e-06,1
"binomial","tall",74002,"picasso",3,0.0551731105655422,0.690688010355974,0.687732582002733,0.00295542835324105,4.48414654238566e-06,8.12706282914079e-05,4.48414654238566e-06,2
"binomial","tall",74002,"picasso",4,0.0504794384216759,0.690301395922682,0.684217664201586,0.00608373172109603,5.56428260959571e-05,0.0011010732489603,8.91940590768875e-06,4
"binomial","tall",74002,"picasso",5,0.0461850651023328,0.689508761981357,0.677416976550527,0.0120917854308297,1.22846131515517e-05,0.000265915971959624,2.42673886812206e-08,8
"binomial","tall",74002,"picasso",6,0.0422560215644313,0.688121081122699,0.669100299745007,0.0190207813776918,1.39503427441165e-05,0.000330029619483812,3.8785232329086e-08,9
"binomial","tall",74002,"picasso",7,0.0386612285702612,0.686110358590035,0.659365054561853,0.0267453040281819,1.42610578545491e-05,0.000368736323487467,4.84509004620159e-08,14
"binomial","tall",74002,"picasso",8,0.035372250846732,0.68338315114458,0.649158793940521,0.034224357204059,1.16371210235472e-05,0.000328881920329157,5.75945164105196e-08,15
"binomial","tall",74002,"picasso",9,0.03236307215872,0.680078024468665,0.640002730688472,0.0400752937801926,1.08936788372274e-05,0.000336495037150796,5.658591925084e-08,18
"binomial","tall",74002,"picasso",10,0.029609889517316,0.676252191653082,0.630456972545517,0.0457952191075645,1.15586701309109e-05,0.000390212863927743,7.31306568639289e-08,19
"binomial","tall",74002,"picasso",11,0.0270909248951331,0.671982243503934,0.622042139849129,0.0499401036548048,1.29407375376867e-05,0.000477449885306692,7.48588849196485e-08,19
"binomial","tall",74002,"picasso",12,0.0247862529593211,0.66740008016111,0.614524206825773,0.0528758733353371,1.4680952821304e-05,0.00059195161252038,7.49003780790569e-08,20
"binomial","tall",74002,"picasso",13,0.0226776434596304,0.662611610480094,0.607969290548583,0.0546423199315112,1.56288040098589e-05,0.0006886976822157,7.01832159132887e-08,21
"binomial","tall",74002,"picasso",14,0.0207484170247976,0.657698223072899,0.601923956167116,0.0557742669057831,1.65945148802409e-05,0.000799157508221561,7.23015950988559e-08,23
"binomial","tall",74002,"picasso",15,0.0189833132265819,0.652684703335397,0.595726130970011,0.0569585723653858,1.82044584360087e-05,0.000958052863870048,8.21089113530737e-08,27
"binomial","tall",74002,"picasso",16,0.0173683698678229,0.647584184329109,0.589940648394466,0.0576435359346427,2.0063534847712e-05,0.0011538437295122,8.35355387766579e-08,30
"binomial","tall",74002,"picasso",17,0.0158908125396726,0.642443267757676,0.584553560496385,0.0578897072612908,2.20166968335558e-05,0.00138358154331517,8.95822737705526e-08,32
"binomial","tall",74002,"picasso",18,0.0145389535743844,0.637298472082591,0.579620658004386,0.057677814078205,2.28198350635672e-05,0.00156710549065138,8.94911593709025e-08,33
"binomial","tall",74002,"picasso",19,0.0133020995943648,0.632198934945067,0.575295566024668,0.0569033689203991,2.40441825710633e-05,0.00180428659434679,8.30778287310152e-08,36
"binomial","tall",74002,"picasso",20,0.0121704669261861,0.627182983927236,0.571351765024345,0.0558312189028912,2.49773307555729e-05,0.00204808699292408,7.95596623004435e-08,40
"binomial","tall",74002,"picasso",21,0.0111351042104765,0.6222696887126,0.567677951830357,0.0545917368822423,2.50364882412087e-05,0.00224338464156509,7.54125973217862e-08,43
"binomial","tall",74002,"picasso",22,0.0101878215955209,0.617480006951577,0.564420837249998,0.0530591697015793,2.54048575676919e-05,0.00248744681069999,7.05960902777636e-08,45
"binomial","tall",74002,"picasso",23,0.00932112595448447,0.612836957073468,0.561519393685668,0.0513175633878,2.59090287519741e-05,0.00277189812581647,6.55357568259962e-08,48
"binomial","tall",74002,"picasso",24,0.00852816161381964,0.60835384417285,0.558902894424785,0.049450949748065,2.64213825642394e-05,0.00308856464136335,6.15459611810337e-08,50
"binomial","tall",74002,"picasso",25,0.00780265612401,0.604041659141724,0.556546921285652,0.0474947378560716,2.66760845564953e-05,0.00340719793794259,5.83909634294111e-08,54
"binomial","tall",74002,"picasso",26,0.00713887064369115,0.599903065876974,0.554347777814413,0.0455552880625609,2.65114431553934e-05,0.00369993432786512,5.51514125222141e-08,62
"binomial","tall",74002,"picasso",27,0.00653155454468033,0.595936281482622,0.552313307434818,0.0436229740478041,2.74730577896152e-05,0.00418858700629185,5.14531507324334e-08,67
"binomial","tall",74002,"picasso",28,0.00597590387883487,0.592143535201909,0.550503142333901,0.0416403928680074,2.7284756792278e-05,0.00454504405048194,4.82009307132547e-08,69
"binomial","tall",74002,"picasso",29,0.00546752337820695,0.588527530294952,0.548871049898775,0.0396564803961774,2.6635226137643e-05,0.00484791722550215,4.53687580538042e-08,73
"binomial","tall",74002,"picasso",30,0.00500239168791115,0.585088720144089,0.547421145153406,0.0376675749906827,2.61263704878188e-05,0.00519564018352898,4.32270255150691e-08,78
"binomial","tall",74002,"picasso",31,0.0045768295566921,0.581826227066648,0.546133427275211,0.0356927997914366,2.55650438229123e-05,0.00555472662427762,4.17343981466423e-08,83
"binomial","tall",74002,"picasso",32,0.00418747073357572,0.578737674434396,0.544987624513799,0.033750049920597,2.49397663837515e-05,0.00592054510926498,3.59350902808531e-08,84
"binomial","tall",74002,"picasso",33,0.00383123534039282,0.575821613552716,0.54399945352904,0.0318221600236758,2.40456944855571e-05,0.00623707954569793,3.13640178860319e-08,86
"binomial","tall",74002,"picasso",34,0.00350530550954821,0.573075660109206,0.543149072699597,0.029926587409609,2.32233653192798e-05,0.00658159990830509,2.81865771837586e-08,87
"binomial","tall",74002,"picasso",35,0.00320710309432708,0.570496632448248,0.542424522857748,0.0280721095905001,2.23634426841706e-05,0.00692481015916244,2.48786626053932e-08,87
"binomial","tall",74002,"picasso",36,0.00293426927542415,0.568079656155229,0.541792463052441,0.0262871931027886,2.17480427709064e-05,0.00735721087865134,2.12079736423842e-08,90
"binomial","tall",74002,"picasso",37,0.00268464590238086,0.565818416880167,0.541244843184418,0.0245735736957491,2.10317392304615e-05,0.0077731873549934,1.91122955829071e-08,92
"binomial","tall",74002,"picasso",38,0.00245625842233874,0.563706154773679,0.540769370447891,0.022936784325788,2.0368367592213e-05,0.00822423777172371,1.67204832619561e-08,95
"binomial","tall",74002,"picasso",39,0.00224730026107334,0.561736364355174,0.540394817008296,0.0213415473468773,9.47086763338576e-05,0.0404390755394419,5.81207830005315e-07,96
"binomial","tall",74002,"picasso",40,0.00205611853276072,0.559900710652578,0.54000292016667,0.0198977904859077,2.15431035502801e-05,0.0103689181981196,1.74105226197485e-08,97
"binomial","tall",74002,"picasso",41,0.00188120096543884,0.558194253087888,0.539726893592192,0.0184673594956958,8.0372654396661e-05,0.0409735599948583,3.88236466771885e-07,99
"binomial","tall",74002,"picasso",42,0.00172116393874255,0.556608622039705,0.539463047631704,0.0171455744080016,8.9332228979577e-05,0.0493412969175019,3.6456295600612e-07,103
"binomial","tall",74002,"picasso",43,0.00157474153928936,0.555137002329985,0.539233114448322,0.0159038878816639,8.62164604551535e-05,0.0519076704338191,3.22700396344355e-07,105
"binomial","tall",74002,"picasso",44,0.00144077554714231,0.553772797653517,0.539036458613514,0.0147363390400029,8.13455542213366e-05,0.0534422354098239,2.84358878448632e-07,105
"binomial","tall",74002,"picasso",45,0.00131820627414198,0.552509593074402,0.538870076247296,0.0136395168271054,7.59055348775351e-05,0.0544472361445097,2.38614930642006e-07,105
"binomial","tall",74002,"glmnet",1,0.065910313707099,0.690934422979081,0.690934422979081,0,3.58824081558851e-16,5.44412644056651e-15,3.58824081558851e-16,0
"binomial","tall",74002,"glmnet",2,0.0603032090818668,0.690871260056516,0.689512563553748,0.00135869650276826,6.30009235058626e-09,1.04473572606065e-07,2.57714061202563e-12,1
"binomial","tall",74002,"glmnet",3,0.0551731105655422,0.690688010302308,0.687731847537841,0.00295616276446746,2.77646330440473e-08,5.03227584206453e-07,4.82273232460528e-12,2
"binomial","tall",74002,"glmnet",4,0.0504794384216759,0.690301385768251,0.684209877702524,0.00609150806572763,8.1764136664747e-07,1.61972507751616e-05,3.1315025073031e-11,4
"binomial","tall",74002,"glmnet",5,0.0461850651023328,0.689508761495315,0.677412681205868,0.0120960802894479,2.57325507590361e-06,5.57130688516975e-05,2.08961466463542e-10,8
"binomial","tall",74002,"glmnet",6,0.0422560215644313,0.688121080278476,0.669096543942513,0.0190245363359626,4.62734042037949e-06,0.00010949525244626,6.66571402463401e-10,9
"binomial","tall",74002,"glmnet",7,0.0386612285702612,0.686110357726479,0.659360476496933,0.0267498812295455,6.11336267767465e-06,0.000158101446131909,1.3455748645308e-09,14
"binomial","tall",74002,"glmnet",8,0.035372250846732,0.683383150474545,0.64915663646067,0.0342265140138751,7.7817909841793e-06,0.000219948666070016,2.7335449218624e-09,15
"binomial","tall",74002,"glmnet",9,0.03236307215872,0.68007802415378,0.640002252202321,0.0400757719514593,8.63332245592402e-06,0.00026669346973221,3.18178105301881e-09,18
"binomial","tall",74002,"glmnet",10,0.029609889517316,0.676252191352382,0.630456653476475,0.0457955378759074,1.02436578250202e-05,0.000345834293331851,4.21236141007197e-09,19
"binomial","tall",74002,"glmnet",11,0.0270909248951331,0.671982243167965,0.6220420170744,0.0499402260935646,1.0964508063923e-05,0.000404566187279532,4.34439353563798e-09,19
"binomial","tall",74002,"glmnet",12,0.0247862529593211,0.667400079559944,0.61452346451409,0.0528766150458549,1.16132266603057e-05,0.000468315562847534,4.34835495782826e-09,20
"binomial","tall",74002,"glmnet",13,0.0226776434596304,0.66261160946009,0.607967593009936,0.0546440164501548,1.17200956287131e-05,0.000516545807914322,3.96328254043121e-09,21
"binomial","tall",74002,"glmnet",14,0.0207484170247976,0.657698221436979,0.601921529414515,0.0557766920224639,1.14610427419497e-05,0.000552076592389546,3.8154086104969e-09,23
"binomial","tall",74002,"glmnet",15,0.0189833132265819,0.65268470036714,0.595721486777344,0.0569632135897965,1.14736274125088e-05,0.000604040861353284,3.79007927558961e-09,27
"binomial","tall",74002,"glmnet",16,0.0173683698678229,0.647584180128101,0.589934605565821,0.0576495745622796,1.14002373187358e-05,0.000655948683427242,3.62334156889244e-09,30
"binomial","tall",74002,"glmnet",17,0.0158908125396726,0.642443261579316,0.584544855149604,0.0578984064297118,1.15955418605665e-05,0.000729168928448765,3.54401290109108e-09,32
"binomial","tall",74002,"glmnet",18,0.0145389535743844,0.637298464219087,0.579610550066715,0.0576879141523722,1.20542801952759e-05,0.000828415482676136,3.44868908165596e-09,33
"binomial","tall",74002,"glmnet",19,0.0133020995943648,0.632198925595602,0.575284323936558,0.0569146016590438,1.15232645598023e-05,0.000865524334128018,2.95048092970041e-09,36
"binomial","tall",74002,"glmnet",20,0.0121704669261861,0.62718297291834,0.571339552041257,0.0558434208770833,1.11407599162217e-05,0.000914555796188704,2.60234356991296e-09,40
"binomial","tall",74002,"glmnet",21,0.0111351042104765,0.622269676320905,0.567665272404875,0.05460440391603,1.1330505019818e-05,0.0010165138278759,2.22260872558e-09,43
"binomial","tall",74002,"glmnet",22,0.0101878215955209,0.617479993238738,0.5644075434677,0.0530724497710376,1.08906981429215e-05,0.00106785031573913,1.83951609861177e-09,45
"binomial","tall",74002,"glmnet",23,0.00932112595448447,0.612836941825485,0.56150554425538,0.0513313975701051,1.05608283335178e-05,0.00113171697457345,1.46972771275511e-09,48
"binomial","tall",74002,"glmnet",24,0.00852816161381964,0.608353827648555,0.558889115248622,0.0494647123999334,1.00955282036821e-05,0.00118238746336114,1.19782080279518e-09,50
"binomial","tall",74002,"glmnet",25,0.00780265612401,0.60404164147954,0.556533209673552,0.0475084318059883,9.39540398911878e-06,0.00120268074979342,1.07795593098925e-09,54
"binomial","tall",74002,"glmnet",26,0.00713887064369115,0.599903047179998,0.554334331888217,0.0455687152917806,9.21399524783737e-06,0.00128901596906735,9.75790453688896e-10,62
"binomial","tall",74002,"glmnet",27,0.00653155454468033,0.595936261196577,0.552299856561647,0.04363640463493,8.99331911360848e-06,0.00137501006045566,8.79530211439494e-10,67
"binomial","tall",74002,"glmnet",28,0.00597590387883487,0.592143514030664,0.550489814321607,0.0416536997090563,8.37718240374267e-06,0.0013998644645893,6.9807929886645e-10,69
"binomial","tall",74002,"glmnet",29,0.00546752337820695,0.588527508842054,0.548858426696596,0.0396690821454585,8.05294201826432e-06,0.00147070217769024,5.82558369738306e-10,73
"binomial","tall",74002,"glmnet",30,0.00500239168791115,0.585088698881131,0.54740917783646,0.0376795210446711,7.80491004511406e-06,0.00155780514646826,5.23988046757795e-10,78
"binomial","tall",74002,"glmnet",31,0.0045768295566921,0.581826206302365,0.546122159334442,0.0357040469679226,7.42406862823657e-06,0.00161947161632398,4.73689423158286e-10,83
"binomial","tall",74002,"glmnet",32,0.00418747073357572,0.578737653924751,0.544977044484586,0.0337606094401649,7.21921134775889e-06,0.00172103574818343,3.82199534548766e-10,84
"binomial","tall",74002,"glmnet",33,0.00383123534039282,0.57582159392555,0.543989653566825,0.0318319403587257,6.71660404522566e-06,0.0017500490215776,3.0106593290613e-10,86
"binomial","tall",74002,"glmnet",34,0.00350530550954821,0.573075641415599,0.543140106616873,0.0299355347987258,6.23542499794336e-06,0.00177569480583294,2.40421365732546e-10,87
"binomial","tall",74002,"glmnet",35,0.00320710309432708,0.57049661481548,0.54241633718806,0.0280802776274209,5.79617012970088e-06,0.00180403107991027,1.94548978288411e-10,87
"binomial","tall",74002,"glmnet",36,0.00293426927542415,0.568079639230347,0.541784941421717,0.0262946978086303,5.39243001031068e-06,0.00183437094150727,1.73755139137866e-10,90
"binomial","tall",74002,"glmnet",37,0.00268464590238086,0.565818400664856,0.541237870925417,0.0245805297394393,5.03263211040989e-06,0.001871090558174,1.46239600373743e-10,92
"binomial","tall",74002,"glmnet",38,0.00245625842233874,0.563706139538978,0.540763091299947,0.022943048239031,4.72638279036802e-06,0.00192052497866604,1.20687082355575e-10,95
"binomial","tall",74002,"glmnet",39,0.00224730026107334,0.561735862858531,0.540349188341871,0.0213866745166595,4.416271949771e-06,0.00196129125713786,1.01370012495217e-10,96
"binomial","tall",74002,"glmnet",40,0.00205611853276072,0.559900695441593,0.539998446046478,0.0199022493951154,8.67218495197207e-06,0.00420003096564616,3.16839501079969e-10,97
"binomial","tall",74002,"glmnet",41,0.00188120096543884,0.558193864376324,0.539694021519651,0.0184998428566724,8.12756638403811e-06,0.0043018280024578,2.62529720823634e-10,100
"binomial","tall",74002,"glmnet",42,0.00172116393874255,0.556608167555534,0.539429879912756,0.0171782876427775,7.6649975104101e-06,0.00443363559556279,2.28122443296508e-10,103
"binomial","tall",74002,"glmnet",43,0.00157474153928936,0.555136582170126,0.539203719507135,0.0159328626629905,7.26611168153633e-06,0.00459296873632504,1.99342231554933e-10,105
"binomial","tall",74002,"glmnet",44,0.00144077554714231,0.553772423200269,0.539010912642284,0.0147615105579853,6.85630351968808e-06,0.00473622041166937,1.74516643108857e-10,105
"binomial","tall",74002,"glmnet",45,0.00131820627414198,0.552509265896492,0.538848098236926,0.0136611676595659,6.40263678057702e-06,0.00483360539686975,1.49231007690043e-10,105
"binomial","tall",74003,"picasso",1,0.0680022204468354,0.691970594035553,0.691970594035553,0,7.8534401204422e-17,1.15487995374829e-15,7.8534401204422e-17,0
"binomial","tall",74003,"picasso",2,0.0622171536894845,0.691903498573504,0.690460382453426,0.00144311612007758,3.24638657917968e-06,5.21777687194394e-05,3.24638657917968e-06,1
"binomial","tall",74003,"picasso",3,0.056924232588071,0.691668063667117,0.687921390274169,0.0037466733929484,5.49790138322007e-06,9.65764288646615e-05,5.49790138322007e-06,2
"binomial","tall",74003,"picasso",4,0.0520815894586394,0.691250725329888,0.68550577366841,0.00574495166147855,5.25230128835263e-06,0.000100837392149075,4.82789236895415e-06,3
"binomial","tall",74003,"picasso",5,0.0476509183736749,0.690633552443438,0.682094140997952,0.00853941144548623,1.98520072272473e-05,0.000416439823997483,6.32045721819757e-06,6
"binomial","tall",74003,"picasso",6,0.0435971721573098,0.689677486463473,0.67662205709938,0.0130554293640929,3.04501455181821e-06,6.9839435427936e-05,7.73698778719356e-09,8
"binomial","tall",74003,"picasso",7,0.0398882851576722,0.688251094509355,0.668892897003154,0.0193581975062009,8.48579653610348e-06,0.000212693817899276,2.14901358885078e-08,11
"binomial","tall",74003,"picasso",8,0.0364949196034725,0.686243874910071,0.660662217449867,0.0255816574602038,8.4805296941548e-06,0.00023232163752465,2.95816603174542e-08,13
"binomial","tall",74003,"picasso",9,0.0333902335384741,0.683712791375926,0.65244727697893,0.0312655143969965,9.14910000323482e-06,0.000273930213090069,3.10636370563916e-08,15
"binomial","tall",74003,"picasso",10,0.0305496684981806,0.680692854969959,0.643842061529863,0.0368507934400961,1.09226025672045e-05,0.000357408092376106,3.9310079346086e-08,20
"binomial","tall",74003,"picasso",11,0.0279507552492363,0.677127796643462,0.634129073217428,0.0429987234260339,1.35988340443927e-05,0.000486291727099935,4.91599296346817e-08,22
"binomial","tall",74003,"picasso",12,0.0255729360549112,0.673087550830834,0.62539619862382,0.0476913522070138,1.30809761897388e-05,0.000511254884800487,5.37153101829446e-08,23
"binomial","tall",74003,"picasso",13,0.0233974020607707,0.668680818632008,0.617478882647685,0.0512019359843234,1.63734062023843e-05,0.000699306535397516,6.21474945591838e-08,25
"binomial","tall",74003,"picasso",14,0.0214069445142269,0.664009569337253,0.610384148214908,0.0536254211223454,1.53707722592399e-05,0.000717512185479607,5.23759564206028e-08,25
"binomial","tall",74003,"picasso",15,0.0195858186411015,0.659169034575398,0.604028355373158,0.0551406792022407,1.50099222600703e-05,0.000765779987899452,4.78830846752931e-08,27
"binomial","tall",74003,"picasso",16,0.0179196191024449,0.654226504138376,0.598349839782892,0.0558766643554845,1.50941883603796e-05,0.000841618603856803,4.41051141876203e-08,28
"binomial","tall",74003,"picasso",17,0.0163951660464599,0.649247505524886,0.593194393459468,0.056053112065418,1.55984421032554e-05,0.00095050063719616,4.30220118999014e-08,33
"binomial","tall",74003,"picasso",18,0.0150004008541854,0.64425986025527,0.588205243560801,0.0560546166944685,1.63933079751575e-05,0.00109166495845468,3.60331993850549e-08,35
"binomial","tall",74003,"picasso",19,0.0137242907542758,0.639292434875594,0.583737562606857,0.0555548722687373,1.74692174489521e-05,0.00127125037003244,3.41951331287171e-08,36
"binomial","tall",74003,"picasso",20,0.0125567415523663,0.634391466557084,0.579813789166448,0.0545776773906357,1.83788993711256e-05,0.00146152869403222,3.14312995486343e-08,37
"binomial","tall",74003,"picasso",21,0.0114885177847022,0.629592764397584,0.576304911127601,0.0532878532699832,1.90188832134616e-05,0.00165273279263045,2.94325031866827e-08,39
"binomial","tall",74003,"picasso",22,0.0105111696644379,0.62492215774288,0.57322730607675,0.0516948516661295,1.91649847353769e-05,0.001819978697152,2.76263081241956e-08,41
"binomial","tall",74003,"picasso",23,0.00961696624273996,0.620403129772505,0.570504739507775,0.0498983902647297,1.9064023429282e-05,0.00197841049713315,2.53681186574706e-08,43
"binomial","tall",74003,"picasso",24,0.00879883425599202,0.616049413519304,0.568055338623666,0.0479940748956382,1.94804661082255e-05,0.00220909172808314,2.35562928094235e-08,48
"binomial","tall",74003,"picasso",25,0.00805030217537305,0.611868076637221,0.565855239855449,0.0460128367817724,2.00201607075765e-05,0.00248071388896956,2.13810546148552e-08,50
"binomial","tall",74003,"picasso",26,0.00736544901623554,0.60786731459264,0.563903647797864,0.0439636667947765,2.02047815713894e-05,0.00273567948410863,2.03579364880246e-08,55
"binomial","tall",74003,"picasso",27,0.00673885750235843,0.604047510451004,0.562111979043831,0.0419355314071724,2.09819618763839e-05,0.00310391422568479,2.33187689658299e-08,59
"binomial","tall",74003,"picasso",28,0.00616557121459821,0.600408538959081,0.560514548938337,0.0398939900207435,2.0587502524907e-05,0.00332799455466949,1.85222642141158e-08,62
"binomial","tall",74003,"picasso",29,0.00564105538497854,0.596951486242913,0.55910170874363,0.0378497774992835,2.03444905978456e-05,0.00359354418429494,1.76986166145476e-08,65
"binomial","tall",74003,"picasso",30,0.00516116102609466,0.593675105571289,0.557833423748453,0.035841681822836,2.00797748592281e-05,0.00387547609358965,1.55910255769665e-08,69
"binomial","tall",74003,"picasso",31,0.0047220921120915,0.590575429183584,0.55670231652533,0.033873112658254,1.94340713809372e-05,0.00409869536283036,1.33981200020339e-08,75
"binomial","tall",74003,"picasso",32,0.00432037555161291,0.58764781738862,0.555677007600015,0.031970809788605,1.92212557642533e-05,0.00442927226132572,1.19393809022428e-08,79
"binomial","tall",74003,"picasso",33,0.00395283371520409,0.584887076820905,0.554765028569344,0.030122048251561,1.86712671348703e-05,0.00470130774552727,1.06887111440135e-08,83
"binomial","tall",74003,"picasso",34,0.00361655929985553,0.582288064249088,0.553951419360456,0.0283366448886318,1.84878541945673e-05,0.00508600120192896,1.00935395293544e-08,87
"binomial","tall",74003,"picasso",35,0.00330889233186381,0.579845166193965,0.553237254148288,0.0266079120456764,1.83212634537158e-05,0.00550648851624669,9.77239646604566e-09,90
"binomial","tall",74003,"picasso",36,0.0030273991260988,0.577553736387326,0.552622951459854,0.0249307849274721,1.76699476902445e-05,0.00580280685332941,8.7998199001238e-09,90
"binomial","tall",74003,"picasso",37,0.00276985303524255,0.575408904195281,0.552094199377973,0.0233147048173075,1.69517352151334e-05,0.0060828571110668,7.47311716498e-09,93
"binomial","tall",74003,"picasso",38,0.00253421683672376,0.573405050468887,0.551667888869655,0.0217371615992315,9.77472555472548e-05,0.0371385216972747,4.09399341932487e-07,97
"binomial","tall",74003,"picasso",39,0.00231862661802625,0.571534089754473,0.551228364561066,0.0203057251934063,1.69205857825706e-05,0.00724480573759179,7.32949027984486e-09,98
"binomial","tall",74003,"picasso",40,0.0021213770329022,0.56979128424108,0.550912024991454,0.018879259249626,8.39934560544981e-05,0.0380858710475596,3.59717146488386e-07,98
"binomial","tall",74003,"picasso",41,0.00194090781186485,0.56816970118031,0.550620384246568,0.0175493169337417,8.85405897860566e-05,0.0436279088022297,3.2985720373907e-07,99
"binomial","tall",74003,"picasso",42,0.00177579142025702,0.566663176775958,0.550369715927297,0.0162934608486605,8.48291055925031e-05,0.0455918358493718,2.87446858528884e-07,99
"binomial","tall",74003,"picasso",43,0.00162472176626903,0.565265334835887,0.550154642599022,0.0151106922368656,8.04947520772026e-05,0.0472050037113577,2.47614454903261e-07,101
"binomial","tall",74003,"picasso",44,0.00148650386958527,0.563969910313421,0.549972715670022,0.0139971946433987,7.5156393974549e-05,0.0481259565401437,2.12257510157771e-07,102
"binomial","tall",74003,"picasso",45,0.00136004440893671,0.562770682153654,0.549818233297023,0.0129524488566313,7.02049345657854e-05,0.0490858009372426,1.83210851363913e-07,102
"binomial","tall",74003,"glmnet",1,0.0680022204468354,0.691970594035553,0.691970594035553,0,1.27703403407509e-16,1.87792990535284e-15,1.27703403407509e-16,0
"binomial","tall",74003,"glmnet",2,0.0622171536894845,0.691903498551496,0.690460218276231,0.00144328027526496,3.64080764841956e-09,5.85177434110596e-08,1.16536851002547e-12,1
"binomial","tall",74003,"glmnet",3,0.056924232588071,0.691668063565529,0.687919963319512,0.0037481002460171,2.68524524699165e-08,4.7172247357865e-07,7.2986295895916e-12,2
"binomial","tall",74003,"glmnet",4,0.0520815894586394,0.691250725174801,0.685503417999881,0.00574730717491931,3.40706172233252e-08,6.5417732617698e-07,1.40284607264007e-11,3
"binomial","tall",74003,"glmnet",5,0.0476509183736749,0.690633550524919,0.682093031000589,0.00854051952433001,5.26306424053491e-07,1.10449206228011e-05,3.74192121177508e-11,6
"binomial","tall",74003,"glmnet",6,0.0435971721573098,0.689677486509,0.676623089624326,0.0130543968846737,5.09481833118469e-06,0.000116847555977559,2.11442918396365e-10,8
"binomial","tall",74003,"glmnet",7,0.0398882851576722,0.688251094126478,0.668889678134814,0.0193614159916635,4.58087417368191e-06,0.000114829407594457,4.48466557140259e-10,11
"binomial","tall",74003,"glmnet",8,0.0364949196034725,0.686243874523288,0.66066059687167,0.0255832776516185,6.11395084761795e-06,0.000167500759629704,9.31714577934173e-10,13
"binomial","tall",74003,"glmnet",9,0.0333902335384741,0.683712791199597,0.652447746957721,0.031265044241876,7.35096374041705e-06,0.000220104652776,1.333335556436e-09,15
"binomial","tall",74003,"glmnet",10,0.0305496684981806,0.680692854971549,0.643844454865471,0.036848400106078,8.37307144550478e-06,0.000274005499548354,1.76642363149127e-09,20
"binomial","tall",74003,"glmnet",11,0.0279507552492363,0.677127797032728,0.634132432020398,0.0429953650123299,1.01187714784436e-05,0.000361890385506087,2.73637298221774e-09,22
"binomial","tall",74003,"glmnet",12,0.0255729360549112,0.673087551239338,0.625398139516787,0.047689411722551,1.05571675943321e-05,0.000412655437727521,2.90545823600219e-09,23
"binomial","tall",74003,"glmnet",13,0.0233974020607707,0.668680818514334,0.617480090794261,0.0512007277200727,1.05587816901821e-05,0.000451076527393579,2.86526400744558e-09,25
"binomial","tall",74003,"glmnet",14,0.0214069445142269,0.664009569400759,0.610385554489628,0.0536240149111311,1.16028090614249e-05,0.000541717833907869,2.66371885984662e-09,25
"binomial","tall",74003,"glmnet",15,0.0195858186411015,0.659169034206484,0.604028913620024,0.0551401205864605,1.13482966355716e-05,0.000579078428613008,2.17864374352228e-09,27
"binomial","tall",74003,"glmnet",16,0.0179196191024449,0.654226503233236,0.598349353641763,0.0558771495914727,1.11542335637753e-05,0.000622072085500924,1.83706166578812e-09,28
"binomial","tall",74003,"glmnet",17,0.0163951660464599,0.649247503617536,0.593191087554517,0.0560564160630188,1.02817098634085e-05,0.00062672534246714,1.43670547786412e-09,33
"binomial","tall",74003,"glmnet",18,0.0150004008541854,0.644259858220667,0.588202388810542,0.0560574694101254,1.11124648821265e-05,0.000740262800021067,1.26815817086401e-09,35
"binomial","tall",74003,"glmnet",19,0.0137242907542758,0.639292432072793,0.583733674166142,0.0555587579066516,1.11323453429214e-05,0.000810484341267248,1.20845380280343e-09,36
"binomial","tall",74003,"glmnet",20,0.0125567415523663,0.634391462817254,0.579808777449009,0.0545826853682453,1.09317951766576e-05,0.000869834445434158,9.63702348227846e-10,37
"binomial","tall",74003,"glmnet",21,0.0114885177847022,0.629592759645855,0.576298820700498,0.053293938945357,1.04480925928723e-05,0.00090861149640441,7.55494760307229e-10,39
"binomial","tall",74003,"glmnet",22,0.0105111696644379,0.624922152291128,0.573220710022866,0.0517014422682621,9.93871876534859e-06,0.000944645602284224,6.06167344763264e-10,41
"binomial","tall",74003,"glmnet",23,0.00961696624273996,0.620403123697638,0.570497654137899,0.0499054695597387,9.27907106198361e-06,0.000963934614119945,4.45376876878623e-10,43
"binomial","tall",74003,"glmnet",24,0.00879883425599202,0.616049406556063,0.568047625196062,0.0480017813600006,8.90462760443946e-06,0.00101100040795072,3.68055115607113e-10,47
"binomial","tall",74003,"glmnet",25,0.00805030217537305,0.611868069047538,0.565847281508048,0.0460207875394906,8.54436074911036e-06,0.00106024611720945,3.17133533822567e-10,50
"binomial","tall",74003,"glmnet",26,0.00736544901623554,0.607867306446089,0.563895573737397,0.0439717327086921,7.93012323995184e-06,0.00107550732031338,2.72837992809638e-10,55
"binomial","tall",74003,"glmnet",27,0.00673885750235843,0.604047501137851,0.562103018214338,0.0419444829235133,6.31458885245063e-06,0.000936164232292707,2.02454205955327e-10,59
"binomial","tall",74003,"glmnet",28,0.00616557121459821,0.600408529978796,0.560506692550709,0.0399018374280865,7.0714484797221e-06,0.0011456111856305,2.03560442030293e-10,62
"binomial","tall",74003,"glmnet",29,0.00564105538497854,0.596951477088201,0.559094173815577,0.0378573032726237,6.60833602533946e-06,0.0011701008331574,1.6729724877651e-10,65
"binomial","tall",74003,"glmnet",30,0.00516116102609466,0.593675096296214,0.557826212131152,0.0358488841650624,6.23059352505839e-06,0.00120575214415758,1.47012758772158e-10,69
"binomial","tall",74003,"glmnet",31,0.0047220921120915,0.59057541969435,0.556695313184457,0.0338801065098931,5.82356413023934e-06,0.00123174026971927,1.40455823222085e-10,75
"binomial","tall",74003,"glmnet",32,0.00432037555161291,0.587647807704925,0.555670305817461,0.0319775018874638,5.37060537286489e-06,0.00124154427420382,9.79407144552358e-11,79
"binomial","tall",74003,"glmnet",33,0.00395283371520409,0.584887067767825,0.554759028974548,0.0301280387932765,4.86332829660596e-06,0.00122882783678263,7.553681644068e-11,83
"binomial","tall",74003,"glmnet",34,0.00361655929985553,0.582288055022016,0.553945638733465,0.0283424162885502,4.5826160707009e-06,0.00126551683891371,7.40527358045195e-11,87
"binomial","tall",74003,"glmnet",35,0.00330889233186381,0.579845157120718,0.553231821943478,0.02661333517724,4.34108248041371e-06,0.00131022537127011,6.0199806112271e-11,90
"binomial","tall",74003,"glmnet",36,0.0030273991260988,0.577553727816482,0.552617974390527,0.0249357534259549,4.04366903764821e-06,0.00133390906935,5.41042433077621e-11,90
"binomial","tall",74003,"glmnet",37,0.00276985303524255,0.575408896157802,0.552089726940992,0.0233191692168096,3.71814731853475e-06,0.00134056314902344,4.28359424597957e-11,93
"binomial","tall",74003,"glmnet",38,0.00253421683672376,0.573404679592098,0.5516273519837,0.021777327608398,3.42651360205753e-06,0.00135027390733122,3.7084478654581e-11,97
"binomial","tall",74003,"glmnet",39,0.00231862661802625,0.571534082148038,0.551225269627679,0.0203088125203592,6.30486656073848e-06,0.00271185047926628,1.15556435531516e-10,98
"binomial","tall",74003,"glmnet",40,0.0021213770329022,0.569790994350297,0.550882628053159,0.0189083662971381,5.9316299565724e-06,0.00278832595388448,9.86581498163552e-11,98
"binomial","tall",74003,"glmnet",41,0.00194090781186485,0.568169375174834,0.550591393403174,0.0175779817716602,5.55614322615759e-06,0.0028544804087563,8.39755670001274e-11,99
"binomial","tall",74003,"glmnet",42,0.00177579142025702,0.566662868986066,0.550343418674468,0.0163194503115973,5.25043401744551e-06,0.0029479565597207,7.13557503639883e-11,100
"binomial","tall",74003,"glmnet",43,0.00162472176626903,0.565265071515047,0.550132501481671,0.0151325700333758,4.95084415328903e-06,0.00303793787882711,6.18568806454167e-11,101
"binomial","tall",74003,"glmnet",44,0.00148650386958527,0.563969678824593,0.549953567998462,0.0140161108261314,4.61911289360807e-06,0.00309774106353666,5.36981242527101e-11,102
"binomial","tall",74003,"glmnet",45,0.00136004440893671,0.562770468971556,0.549801089434693,0.0129693795368629,4.41163028570813e-06,0.00323325204982218,6.1588928346179e-11,103
"binomial","wide",74001,"picasso",1,0.0933183411524672,0.69210191835895,0.69210191835895,0,9.99200722162641e-17,1.07074419650271e-15,9.99200722162641e-17,0
"binomial","wide",74001,"picasso",2,0.0853795881278607,0.691935557231515,0.68729728869828,0.00463826853323569,3.75133522493021e-05,0.000439178473622607,7.48760399039102e-06,3
"binomial","wide",74001,"picasso",3,0.078116198582795,0.691097268238254,0.675561799365436,0.0155354688728185,5.59605601088697e-05,0.000715863047949976,1.89859016093268e-05,8
"binomial","wide",74001,"picasso",4,0.0714707181755007,0.689104852084605,0.659692497408771,0.0294123546758339,3.97853151924421e-05,0.00055652060845313,8.73893498911014e-08,12
"binomial","wide",74001,"picasso",5,0.065390580304645,0.685822729667608,0.640261583543549,0.0455611461240586,5.72454293972097e-05,0.000874958037431626,2.04108668690076e-07,22
"binomial","wide",74001,"picasso",6,0.0598276903007805,0.680775822730798,0.612692232919727,0.0680835898110707,8.36747655133252e-05,0.00139664261398044,1.60926078068042e-07,34
"binomial","wide",74001,"picasso",7,0.0547380449913495,0.673567784577495,0.579219981739837,0.0943478028376575,7.59243518478128e-05,0.00138512778325614,2.4184869503888e-07,44
"binomial","wide",74001,"picasso",8,0.0500813846299514,0.66397234537857,0.543005180246691,0.12096716513188,9.67302217266194e-05,0.00192773726180318,3.549871484381e-07,55
"binomial","wide",74001,"picasso",9,0.0458208744365917,0.652108569190951,0.506955342130683,0.145153227060268,2.37972196448569e-05,0.000519161808802462,1.19500707177319e-08,63
"binomial","wide",74001,"picasso",10,0.0419228132298534,0.63824486988311,0.471961279105612,0.166283590777498,4.04783455632204e-05,0.00096505225270598,1.5156884274971e-08,82
"binomial","wide",74001,"picasso",11,0.0383563668462347,0.622564540312445,0.436637528588994,0.185927011723451,6.13422953963452e-05,0.00159806930080093,5.01620323599207e-08,96
"binomial","wide",74001,"picasso",12,0.0350933242379659,0.6052562840598,0.402199692596846,0.203056591462955,5.45500588177844e-05,0.001552975473352,7.85219135512882e-08,107
"binomial","wide",74001,"picasso",13,0.0321078743200075,0.586568039329782,0.369804864017962,0.21676317531182,4.71924332225149e-05,0.00146832514900281,8.95978874636074e-08,114
"binomial","wide",74001,"picasso",14,0.029376401801061,0.566796408108467,0.339073570228275,0.227722837880192,6.20618042318603e-05,0.00210829494201421,1.05084175613866e-07,131
"binomial","wide",74001,"picasso",15,0.0268773003835894,0.54615621672142,0.310005273265272,0.236150943456147,7.17923177939069e-05,0.00266582734952077,1.48949116245253e-07,142
"binomial","wide",74001,"picasso",16,0.0245908018552362,0.524890988420213,0.282956996368896,0.241933992051316,8.78033507623645e-05,0.00356203826186028,2.03789282529541e-07,154
"binomial","wide",74001,"picasso",17,0.022498819719733,0.503210724801817,0.257913671339948,0.245297053461869,4.7676436553977e-05,0.00211550356353986,2.10953382237137e-08,159
"binomial","wide",74001,"picasso",18,0.0205848061303971,0.481343458338763,0.235112250464173,0.24623120787459,7.51925130944783e-05,0.00364644042235836,1.77871240712525e-08,169
"binomial","wide",74001,"picasso",19,0.0188336209945445,0.459481773616612,0.214239723755768,0.245242049860843,9.66874764866468e-05,0.00511455328756652,6.17300515677004e-08,173
"binomial","wide",74001,"picasso",20,0.017231412213417,0.437787707758574,0.195282196309546,0.242505511449028,9.08601138597843e-05,0.00525185313792369,9.40108490832259e-09,178
"binomial","wide",74001,"picasso",21,0.015765506110307,0.416399174801211,0.17794381344117,0.238455361360041,9.16042487288313e-05,0.00578682018103811,2.28803588514515e-08,186
"binomial","wide",74001,"picasso",22,0.0144243071801507,0.395420540067057,0.162118542872516,0.233301997194541,9.62583095686902e-05,0.00663961597134539,1.46444290145225e-08,193
"binomial","wide",74001,"picasso",23,0.0131972063675978,0.374941131365692,0.147710020747146,0.227231110618545,9.57578491418993e-05,0.00721191700146558,5.65038489847014e-08,194
"binomial","wide",74001,"picasso",24,0.012074497148025,0.355027340463697,0.134507178963485,0.220520161500212,8.67384850936573e-05,0.007153385943749,4.16503422705018e-08,202
"binomial","wide",74001,"picasso",25,0.0110472987476819,0.335741414491296,0.122510058687789,0.213231355803507,8.91696158057016e-05,0.00802526011460153,6.88014358170484e-08,204
"binomial","wide",74001,"picasso",26,0.0101074858956338,0.317126561131752,0.111664199561575,0.205462361570177,9.29012775825449e-05,0.00913738899278788,2.54151087557077e-08,208
"binomial","wide",74001,"picasso",27,0.00924762455182759,0.299214868554694,0.101782801833485,0.197432066721209,8.29756787072127e-05,0.0089178016172663,2.72077985361393e-08,212
"binomial","wide",74001,"picasso",28,0.00846091310288211,0.282025840638126,0.0928037595685075,0.189222081069618,7.23036648447757e-05,0.00848616624520137,3.10352907908643e-08,217
"binomial","wide",74001,"picasso",29,0.00774112856045551,0.265575524884381,0.0846205102187126,0.180955014665668,9.732952305299e-05,0.0124414893757226,4.1573162177126e-07,223
"binomial","wide",74001,"picasso",30,0.00708257733661008,0.24986009619986,0.0771765632105231,0.172683532989337,9.23582169614834e-05,0.0128723409808899,4.61254313762205e-07,227
"binomial","wide",74001,"picasso",31,0.00648005020680226,0.234877295170188,0.0704120477929767,0.164465247377211,8.85639157049093e-05,0.0134865688019838,4.28687902112233e-07,228
"binomial","wide",74001,"picasso",32,0.00592878110424928,0.22061990856773,0.0642603204107296,0.156359588157,8.42717431992534e-05,0.0140160368348502,3.8804827684924e-07,231
"binomial","wide",74001,"picasso",33,0.00542440941973028,0.207075902189486,0.0586576685444126,0.148418233645074,7.90421868018948e-05,0.014368086761866,3.71821046313043e-07,238
"binomial","wide",74001,"picasso",34,0.00496294550860879,0.194229171816062,0.0535489481593109,0.140680223656751,6.98253526214927e-05,0.0138831952283919,3.84849625118216e-07,240
"binomial","wide",74001,"picasso",35,0.00454073913223255,0.182060634634403,0.0488935555447935,0.13316707908961,6.72378545629087e-05,0.0146259889529261,3.94211418975729e-07,240
"binomial","wide",74001,"picasso",36,0.00415445058407819,0.170549328786665,0.0446527409860785,0.125896587800586,7.73122180505311e-05,0.0183869790685081,3.73916976531671e-07,242
"binomial","wide",74001,"picasso",37,0.00380102427224477,0.159672997927158,0.0407893603331676,0.11888363759399,6.47122217788611e-05,0.0168152194483207,3.1981795580348e-07,244
"binomial","wide",74001,"picasso",38,0.00347766454933045,0.149407670229303,0.0372594659196327,0.112148204309671,6.09798770773388e-05,0.0173246892520916,2.80358106916682e-07,247
"binomial","wide",74001,"picasso",39,0.00318181359850337,0.139735766518242,0.034093555581985,0.105642210936257,9.36418744642833e-05,0.028716934620063,1.38926062184717e-07,258
"binomial","wide",74001,"picasso",40,0.00291113120084284,0.130614259791233,0.0310885723406098,0.0995256874506228,6.2858034614888e-05,0.0212504745821001,3.04503189637278e-07,253
"binomial","wide",74001,"picasso",41,0.00266347622390794,0.122039033389099,0.028465602839274,0.0935734305498246,7.59944409717997e-05,0.0278648542763273,9.30657076388714e-08,261
"binomial","wide",74001,"picasso",42,0.00243688968510557,0.113974517645238,0.0260058516847652,0.0879686659604726,8.89268182578582e-05,0.0355068942277388,4.33358791752143e-08,259
"binomial","wide",74001,"picasso",43,0.0022295792558872,0.106395607773496,0.0237634019796592,0.0826322057938367,9.0763970248083e-05,0.039553016242681,5.73128738290407e-08,259
"binomial","wide",74001,"picasso",44,0.00203990508420047,0.0992788670161443,0.0217196756878998,0.0775591913282445,8.81830611913503e-05,0.0419573991380371,5.16845033829031e-08,261
"binomial","wide",74001,"picasso",45,0.00186636682304934,0.0926010821281907,0.019855729282103,0.0727453528460877,8.23844937574477e-05,0.042812575876577,5.45552701505803e-08,263
"binomial","wide",74001,"glmnet",1,0.0933183411524672,0.69210191835895,0.69210191835895,0,9.99200722162641e-17,1.07074419650271e-15,9.99200722162641e-17,0
"binomial","wide",74001,"glmnet",2,0.0853795881278607,0.691935553550369,0.687289941167142,0.0046456123832273,2.08184377389897e-07,2.4383386701141e-06,7.28750266481321e-12,3
"binomial","wide",74001,"glmnet",3,0.078116198582795,0.691097256984557,0.675554691464284,0.0155425655202737,2.8486200549932e-06,3.64654600832518e-05,2.90435785580253e-10,8
"binomial","wide",74001,"glmnet",4,0.0714707181755007,0.689104841745488,0.659691125156145,0.0294137165893434,1.37128612772291e-05,0.000191849257319991,2.45942406250167e-09,12
"binomial","wide",74001,"glmnet",5,0.065390580304645,0.685822705819675,0.640240269841545,0.0455824359781298,4.57143172227087e-05,0.000698995674386949,9.90657043255437e-09,22
"binomial","wide",74001,"glmnet",6,0.0598276903007805,0.680775794542701,0.612645507152657,0.0681302873900447,5.33343884994639e-05,0.000891198447083769,2.53835906268865e-08,34
"binomial","wide",74001,"glmnet",7,0.0547380449913495,0.673567753037089,0.579153494119015,0.094414258918074,6.81554201579573e-05,0.001244518733056,5.59925074144247e-08,44
"binomial","wide",74001,"glmnet",8,0.0500813846299514,0.663972091907935,0.542960583548125,0.121011508359811,5.21018208470003e-06,0.000104029870388893,7.47000965845806e-11,55
"binomial","wide",74001,"glmnet",9,0.0458208744365917,0.652108557933687,0.506951685061051,0.145156872872636,3.5212112518071e-06,7.68423457800208e-05,2.6059847613169e-11,63
"binomial","wide",74001,"glmnet",10,0.0419228132298534,0.638244801850584,0.47195591564623,0.166288886204354,8.1761644465661e-06,0.00019500627674632,9.71523173021183e-11,82
"binomial","wide",74001,"glmnet",11,0.0383563668462347,0.622564417940233,0.436655311564944,0.185909106375288,8.76821721695897e-06,0.000228573025827023,1.06975019636175e-10,96
"binomial","wide",74001,"glmnet",12,0.0350933242379659,0.605256103564519,0.402203954356057,0.203052149208462,1.75468991285843e-05,0.00049990688084213,2.59716887361451e-10,107
"binomial","wide",74001,"glmnet",13,0.0321078743200075,0.58656781669777,0.369825782279401,0.216742034418369,1.09170582320225e-05,0.000339949542273414,3.8081129963682e-10,113
"binomial","wide",74001,"glmnet",14,0.029376401801061,0.56679584461874,0.339128876571848,0.227666968046892,1.44849092493064e-05,0.000492871545168773,5.3429436161093e-10,132
"binomial","wide",74001,"glmnet",15,0.0268773003835894,0.546155564629763,0.310047456801875,0.236108107827888,1.19098736405705e-05,0.00044302032330068,9.4398082525363e-11,143
"binomial","wide",74001,"glmnet",16,0.0245908018552362,0.524889988831789,0.28297268881027,0.241917300021519,1.39945593988604e-05,0.000568835852862532,6.31657487585155e-10,153
"binomial","wide",74001,"glmnet",17,0.022498819719733,0.503210230039177,0.25790424867787,0.245305981361307,1.96502331436844e-05,0.000872848743996574,6.08800776458196e-10,157
"binomial","wide",74001,"glmnet",18,0.0205848061303971,0.481342853666879,0.235110831535692,0.246232022131186,3.81997220814494e-05,0.0018541209029707,8.10777847558088e-10,168
"binomial","wide",74001,"glmnet",19,0.0188336209945445,0.459479666768829,0.214232568018803,0.245247098750025,3.39467432259113e-05,0.00180076100325776,6.53371010311028e-10,173
"binomial","wide",74001,"glmnet",20,0.017231412213417,0.4377853286276,0.19527569955689,0.242509629070709,2.94423527959636e-05,0.00170710855393487,5.55600314485919e-10,178
"binomial","wide",74001,"glmnet",21,0.015765506110307,0.416396358188255,0.177907357102617,0.238489001085638,5.27776987591794e-05,0.00333940986155539,8.4779415950309e-08,185
"binomial","wide",74001,"glmnet",22,0.0144243071801507,0.395416835931532,0.162100254032604,0.233316581898928,5.58462399272257e-05,0.00386024045171195,6.75753796250004e-08,192
"binomial","wide",74001,"glmnet",23,0.0131972063675978,0.37493643167818,0.147653087337833,0.227283344340347,5.55441753541403e-05,0.00419788727093279,4.37010772976119e-08,196
"binomial","wide",74001,"glmnet",24,0.012074497148025,0.355023659407075,0.134488896786759,0.220534762620317,3.44345513196478e-05,0.00284685156920548,8.86050942299527e-10,202
"binomial","wide",74001,"glmnet",25,0.0110472987476819,0.33573606398519,0.122523336263624,0.213212727721566,3.41667341615028e-05,0.00308680867617474,1.46841529023524e-09,203
"binomial","wide",74001,"glmnet",26,0.0101074858956338,0.317120711399703,0.111670965920506,0.205449745479198,3.21911260795192e-05,0.00317738871735845,1.40459411562028e-09,208
"binomial","wide",74001,"glmnet",27,0.00924762455182759,0.299209214176249,0.10178050431011,0.197428709866139,4.54294521308983e-05,0.00489592737216405,2.55776426205667e-08,214
"binomial","wide",74001,"glmnet",28,0.00846091310288211,0.282020315513982,0.0928035764533082,0.189216739060673,3.95208395431359e-05,0.00465418142243027,2.0586391196255e-08,216
"binomial","wide",74001,"glmnet",29,0.00774112856045551,0.265565134821162,0.0846322011727776,0.180932933648384,3.2542734501183e-05,0.00418836563378896,1.84422023722216e-08,218
"binomial","wide",74001,"glmnet",30,0.00708257733661008,0.249847549811879,0.0772029446390322,0.172644605172847,3.16225354598972e-05,0.00444637573119989,1.72669013925875e-08,223
"binomial","wide",74001,"glmnet",31,0.00648005020680226,0.234864288695795,0.070441360286909,0.164422928408886,2.93332672082055e-05,0.00450914579690774,1.27114121070296e-08,227
"binomial","wide",74001,"glmnet",32,0.00592878110424928,0.220607359105248,0.0642902288370915,0.156317130268157,3.08555525451656e-05,0.0051833507115048,8.98724990051296e-09,227
"binomial","wide",74001,"glmnet",33,0.00542440941973028,0.207063925964851,0.0586875346413238,0.148376391323527,3.22637689350435e-05,0.00591957673259794,8.98634851329413e-09,232
"binomial","wide",74001,"glmnet",34,0.00496294550860879,0.194218430647881,0.0535833866507319,0.140635043997149,3.7272018688108e-05,0.0074695107604809,4.38807924635354e-09,235
"binomial","wide",74001,"glmnet",35,0.00454073913223255,0.182051119070969,0.0489301549961911,0.133120964074778,3.92286008506831e-05,0.00859567145351419,3.51065767878863e-09,240
"binomial","wide",74001,"glmnet",36,0.00415445058407819,0.170540883710221,0.0446867130009037,0.125854170709318,3.44779374407316e-05,0.00825294184331904,1.53410757121529e-09,241
"binomial","wide",74001,"glmnet",37,0.00380102427224477,0.159665129861612,0.0408158225243499,0.118849307337262,3.32179773963408e-05,0.00869377695309826,4.54523874827378e-10,246
"binomial","wide",74001,"glmnet",38,0.00347766454933045,0.149400198271041,0.0372877563342774,0.112112441936764,3.39038863569718e-05,0.00969788150192419,1.05064226979138e-09,249
"binomial","wide",74001,"glmnet",39,0.00318181359850337,0.13972164611928,0.0340661421453249,0.105655503973955,3.10306219576512e-05,0.00970350111949335,3.86473800156883e-09,252
"binomial","wide",74001,"glmnet",40,0.00291113120084284,0.130604634804774,0.0311269981242421,0.0994776366805319,2.95699541995255e-05,0.0101070875322651,4.65666480381885e-09,252
"binomial","wide",74001,"glmnet",41,0.00266347622390794,0.122024379373574,0.0284435882213258,0.0935807911522479,2.79951125541399e-05,0.0104547608766295,4.11257591727475e-09,254
"binomial","wide",74001,"glmnet",42,0.00243688968510557,0.113956539285008,0.0259916707315524,0.0879648685534556,2.65179663461461e-05,0.0108258971481227,6.00018646569809e-09,257
"binomial","wide",74001,"glmnet",43,0.0022295792558872,0.106375829040692,0.023755605306758,0.0826202237339339,2.48227755720253e-05,0.0110739554545569,5.99980558404251e-09,257
"binomial","wide",74001,"glmnet",44,0.00203990508420047,0.0992582098371812,0.0217141192094267,0.0775440906277545,2.29094335964528e-05,0.0111681748907332,6.3206803932062e-09,258
"binomial","wide",74001,"glmnet",45,0.00186636682304934,0.0925801218694478,0.0198501111832264,0.0727300106862215,2.14526475006581e-05,0.0114281176637386,5.94127938111089e-09,260
"binomial","wide",74002,"picasso",1,0.0910043876450188,0.684485408065882,0.684485408065882,0,9.54791801177635e-17,1.0491711728252e-15,9.54791801177635e-17,0
"binomial","wide",74002,"picasso",2,0.0832624866559199,0.684313061980468,0.679226394274108,0.00508666770635997,2.27339225516679e-05,0.000273025214012879,2.27339225516679e-05,4
"binomial","wide",74002,"picasso",3,0.07617920260251,0.683327172083394,0.664812815536145,0.0185143565472487,7.06635836376738e-05,0.000926939226856478,7.06635836376738e-05,11
"binomial","wide",74002,"picasso",4,0.069698505800531,0.680979053607132,0.646820675609855,0.0341583779972768,2.7765350759934e-06,3.98347775385907e-05,3.27567230305549e-08,15
"binomial","wide",74002,"picasso",5,0.0637691331080773,0.677205425310579,0.626384109232147,0.050821316078432,4.01757455761875e-06,6.29978998154268e-05,3.93678157251109e-08,18
"binomial","wide",74002,"picasso",6,0.0583441824275765,0.671836619098966,0.600659599735127,0.0711770193638388,2.44127653782969e-05,0.000418275999453909,3.22712947292533e-07,32
"binomial","wide",74002,"picasso",7,0.0533807417041891,0.664446154923448,0.568707430150169,0.0957387247732786,5.28726971613033e-05,0.000989502539808857,7.38949245937537e-07,51
"binomial","wide",74002,"picasso",8,0.0488395494859575,0.65479281186163,0.533807598302461,0.12098521355917,1.77953123354502e-05,0.000364230033558269,1.67300900273076e-08,65
"binomial","wide",74002,"picasso",9,0.0446846843606915,0.642958795576192,0.498314029292675,0.144644766283517,9.88179592699562e-05,0.00220657059298173,1.11805500683745e-06,74
"binomial","wide",74002,"picasso",10,0.0408832808129962,0.629154915716486,0.463625572641981,0.165529343074505,2.61851847380909e-05,0.000640251711210903,3.20379900609069e-08,89
"binomial","wide",74002,"picasso",11,0.0374052692538352,0.613559127658021,0.428456058554332,0.185103069103689,4.79711290057236e-05,0.00128087395217139,8.48236009888735e-08,105
"binomial","wide",74002,"picasso",12,0.0342231381662291,0.596323260698457,0.394262406703572,0.202060853994884,7.78440037946873e-05,0.0022702601090409,1.10956449682144e-07,119
"binomial","wide",74002,"picasso",13,0.0313117164856317,0.577718622635139,0.361801372830252,0.215917249804887,7.36872208449042e-05,0.00234889324490173,9.56564333222585e-08,126
"binomial","wide",74002,"picasso",14,0.0286479744935854,0.558042431855642,0.331779794095236,0.226262637760406,8.19115947190939e-05,0.0028518929972571,1.07189502470208e-07,135
"binomial","wide",74002,"picasso",15,0.0262108416496977,0.537561969951129,0.303616882659344,0.233945087291786,4.40009497491012e-05,0.00167591748388651,4.09338310044686e-08,146
"binomial","wide",74002,"picasso",16,0.0239810399209673,0.516512632269596,0.27732230039781,0.239190331871786,9.13311449697862e-05,0.003794023643106,2.46924821871878e-07,159
"binomial","wide",74002,"picasso",17,0.0219409312900741,0.495097729742274,0.25302856962622,0.242069160116054,6.14952938686186e-05,0.00279511900540567,6.69344474539337e-08,171
"binomial","wide",74002,"picasso",18,0.0200743782364019,0.473530837934857,0.230811012139051,0.242719825795806,9.63565582646937e-05,0.00477958224697887,1.91025220727352e-07,176
"binomial","wide",74002,"picasso",19,0.0183666160861838,0.45198817157153,0.210324104705798,0.241664066865732,9.22301379718618e-05,0.00500216854248901,1.36794059557894e-07,189
"binomial","wide",74002,"picasso",20,0.0168041362220406,0.430608937276907,0.191550677561882,0.239058259715025,9.63641235919542e-05,0.00571247610685116,2.19569267196748e-07,197
"binomial","wide",74002,"picasso",21,0.0153745792280873,0.409521422547752,0.17444247869028,0.235078943857473,7.38262228323506e-05,0.0047870424242609,6.08793089630038e-08,204
"binomial","wide",74002,"picasso",22,0.0140666371253702,0.388841236666192,0.158792965545231,0.230048271120962,8.37017368735329e-05,0.00592457212638722,2.74767264889826e-08,207
"binomial","wide",74002,"picasso",23,0.0128699639243044,0.368652304046345,0.144597423649287,0.224054880397059,8.59050462151748e-05,0.0066397518448958,1.43404375713934e-08,211
"binomial","wide",74002,"picasso",24,0.0117750937865711,0.349030970332625,0.131703912067356,0.21732705826527,9.97997744338064e-05,0.00843205031438868,3.65891965560726e-08,217
"binomial","wide",74002,"picasso",25,0.0107733661491237,0.330029104901241,0.119966958261219,0.210062146640022,7.92662577719944e-05,0.00732700608657729,3.41015601846533e-08,226
"binomial","wide",74002,"picasso",26,0.00985685721802507,0.311693084093801,0.109274157547164,0.202418926546637,9.73316389899694e-05,0.00981920401127128,5.57182841762205e-08,229
"binomial","wide",74002,"picasso",27,0.0090183172902218,0.294050863190234,0.0995899751416927,0.194460888048541,9.11901195184937e-05,0.0100453622296677,3.56287116150861e-08,229
"binomial","wide",74002,"picasso",28,0.00825111340746487,0.277124739611873,0.0907971832079036,0.18632755640397,8.42465579445097e-05,0.010138340532195,3.35418830330059e-08,236
"binomial","wide",74002,"picasso",29,0.00754917688875993,0.260925601429583,0.0827980213443881,0.178127580085195,8.04033084278125e-05,0.010575240091413,2.71413212221286e-08,238
"binomial","wide",74002,"picasso",30,0.0069069553263233,0.24546015889632,0.075512672446248,0.169947486450072,9.3351239461417e-05,0.0133939399219192,1.42436703834463e-07,241
"binomial","wide",74002,"picasso",31,0.00631936866532508,0.230718808717942,0.0688825754623936,0.161836233255548,9.6568025691658e-05,0.0151032860896082,1.70255507712182e-07,242
"binomial","wide",74002,"picasso",32,0.0057817690200047,0.216693566327717,0.0628516739043935,0.153841892423324,9.7377446968948e-05,0.0166603080077894,8.82928280120198e-08,245
"binomial","wide",74002,"picasso",33,0.00528990390829911,0.203371872975199,0.057370755184643,0.146001117790556,9.93124562242258e-05,0.0185464060466618,1.90255186383445e-08,245
"binomial","wide",74002,"picasso",34,0.00483988261416495,0.190737888168869,0.0523829985010624,0.138354889667807,9.98735716801133e-05,0.0203704461007503,2.99534285349924e-08,246
"binomial","wide",74002,"picasso",35,0.00442814541151616,0.178773108720236,0.0478392693191011,0.130933839401135,9.49827251933997e-05,0.0211724889990954,3.14571677973183e-08,251
"binomial","wide",74002,"picasso",36,0.0040514354063347,0.167456637408337,0.0436958535274301,0.123760783880907,8.3255509355713e-05,0.0202808337019719,2.21304071868033e-08,251
"binomial","wide",74002,"picasso",37,0.0037067727742216,0.156765984024354,0.0399180109935977,0.116847973030757,7.36571235238218e-05,0.0196324825140008,4.48967516754229e-08,255
"binomial","wide",74002,"picasso",38,0.00339143118960426,0.146685210246145,0.0366184132088275,0.110066797037318,9.21692979926419e-05,0.0265712904847604,6.04016289300872e-07,261
"binomial","wide",74002,"picasso",39,0.0031029162601519,0.137170811239403,0.0333169624217979,0.103853848817605,7.70650747611182e-05,0.0244823845858878,7.61946551704196e-08,262
"binomial","wide",74002,"picasso",40,0.00283894579581269,0.128219437793667,0.0305633324743531,0.0976561053193143,8.55104277059809e-05,0.0293835473535973,3.00426943299045e-07,266
"binomial","wide",74002,"picasso",41,0.00259743175639809,0.119795516482771,0.0279355978636141,0.0918599186191573,9.68990048596506e-05,0.0362207582142844,5.75051958037089e-07,268
"binomial","wide",74002,"picasso",42,0.00237646373491747,0.111863483342029,0.0254242134860344,0.0864392698559949,7.84534633226589e-05,0.0324332194072382,4.11409358009804e-08,267
"binomial","wide",74002,"picasso",43,0.00217429384601408,0.104421365057557,0.0233268799835348,0.0810944850740218,7.08695735873407e-05,0.0317329303802224,1.77678540377853e-07,268
"binomial","wide",74002,"picasso",44,0.00198932289996795,0.0974345625351115,0.0213260255174611,0.0761085370176504,7.78115386851274e-05,0.0379919043471438,3.41188549967125e-07,271
"binomial","wide",74002,"picasso",45,0.00182008775290038,0.0908787663224502,0.0194933768796035,0.0713853894428467,7.74795621095246e-05,0.0412985602922844,3.48118751790361e-07,271
"binomial","wide",74002,"glmnet",1,0.0910043876450188,0.684485408065882,0.684485408065882,0,2.10307961521851e-16,2.31096507502693e-15,2.10307961521851e-16,0
"binomial","wide",74002,"glmnet",2,0.0832624866559199,0.684313060878342,0.679226274167259,0.00508678671108256,2.86088681966667e-07,3.43597351536933e-06,1.57214076994856e-10,4
"binomial","wide",74002,"glmnet",3,0.07617920260251,0.683327143535227,0.664777813579143,0.0185493299560838,1.57446737703015e-06,2.06677568552754e-05,2.10161793428349e-09,11
"binomial","wide",74002,"glmnet",4,0.069698505800531,0.680979054188579,0.646809948820855,0.0341691053677241,9.83056581430053e-06,0.000141040217127096,9.27741778574845e-09,15
"binomial","wide",74002,"glmnet",5,0.0637691331080773,0.677205427514967,0.626365606141083,0.0508398213738846,2.5806608051071e-05,0.000404672348840653,2.01748333854874e-08,18
"binomial","wide",74002,"glmnet",6,0.0583441824275765,0.671836614436579,0.60062232887074,0.0712142855658391,4.47930912034836e-05,0.000767660700498175,4.31726993989555e-08,32
"binomial","wide",74002,"glmnet",7,0.0533807417041891,0.664446071159494,0.568701314993077,0.095744756166417,8.75180137548115e-07,1.63947851082247e-05,1.86411733668227e-11,51
"binomial","wide",74002,"glmnet",8,0.0488395494859575,0.654792803314792,0.533802304032956,0.120990499281836,4.00145122703838e-06,8.19278334687757e-05,9.69226286530654e-11,66
"binomial","wide",74002,"glmnet",9,0.0446846843606915,0.642958430925935,0.49830762289804,0.144650808027895,4.19565567524871e-06,9.38896136253181e-05,1.58530711098186e-10,75
"binomial","wide",74002,"glmnet",10,0.0408832808129962,0.629154894867757,0.463621957672612,0.165532937195145,2.99769787503318e-06,7.33189042265236e-05,2.03500463781735e-10,89
"binomial","wide",74002,"glmnet",11,0.0374052692538352,0.613559057537273,0.428459934085989,0.185099123451284,8.64300720836847e-06,0.000231012528248419,5.84364786718591e-10,105
"binomial","wide",74002,"glmnet",12,0.0342231381662291,0.596322963825459,0.394268834744957,0.202054129080502,9.70378202658911e-06,0.000283502619333296,6.23636827258776e-10,118
"binomial","wide",74002,"glmnet",13,0.0313117164856317,0.577718343580262,0.361813359108385,0.215904984471877,1.11331892955202e-05,0.000355488893373085,5.73150172719242e-10,125
"binomial","wide",74002,"glmnet",14,0.0286479744935854,0.55804172289237,0.331800541206715,0.226241181685654,1.20454743150443e-05,0.000420345268334601,5.90228952062383e-10,135
"binomial","wide",74002,"glmnet",15,0.0262108416496977,0.537561667762218,0.303616127474572,0.233945540287646,1.2883181631701e-05,0.000491292651563183,5.8416402857832e-10,146
"binomial","wide",74002,"glmnet",16,0.0239810399209673,0.516511126611055,0.277303020651661,0.239208105959394,1.94488495590985e-05,0.000810410179477969,1.55701606488875e-09,159
"binomial","wide",74002,"glmnet",17,0.0219409312900741,0.49509675753715,0.252998812942357,0.242097944594794,2.32783698749447e-05,0.00106017573838722,1.48270021125909e-09,171
"binomial","wide",74002,"glmnet",18,0.0200743782364019,0.473528167936652,0.230798792716053,0.242729375220599,2.57311555310405e-05,0.00128083922022688,1.4471521341581e-09,176
"binomial","wide",74002,"glmnet",19,0.0183666160861838,0.451985024216071,0.210333125752112,0.24165189846396,2.25251188656593e-05,0.00122550292081782,1.55844660430583e-09,187
"binomial","wide",74002,"glmnet",20,0.0168041362220406,0.430605388693898,0.191563563211175,0.239041825482723,2.81662389171704e-05,0.00167497012823321,1.57043343480228e-09,196
"binomial","wide",74002,"glmnet",21,0.0153745792280873,0.409519825345827,0.174407952875445,0.235111872470383,5.61494783565524e-05,0.00364430451789828,8.85089305447633e-08,204
"binomial","wide",74002,"glmnet",22,0.0140666371253702,0.38883784595655,0.158820979130999,0.230016866825551,2.72329255825762e-05,0.00193388637854513,1.4962926804331e-09,209
"binomial","wide",74002,"glmnet",23,0.0128699639243044,0.368648886184777,0.144604465471545,0.224044420713232,4.79456089577182e-05,0.0037167417193832,6.42039909816626e-08,211
"binomial","wide",74002,"glmnet",24,0.0117750937865711,0.349026726231821,0.131738964847268,0.217287761384553,2.40485525470069e-05,0.00203989024772098,1.26698946294785e-09,217
"binomial","wide",74002,"glmnet",25,0.0107733661491237,0.330026121748543,0.119973614062174,0.210052507686369,3.00115894914122e-05,0.00278104790994564,1.89245327036109e-09,225
"binomial","wide",74002,"glmnet",26,0.00985685721802507,0.311687873112584,0.109274129043655,0.202413744068929,4.59864555405701e-05,0.00465314067551401,4.19988589868216e-08,226
"binomial","wide",74002,"glmnet",27,0.0090183172902218,0.294045717580246,0.0995942382854769,0.194451479294769,4.5792286080943e-05,0.00505916552797572,4.33456762181531e-08,229
"binomial","wide",74002,"glmnet",28,0.00825111340746487,0.277119604796545,0.0908071487642631,0.186312456032282,4.32934888599749e-05,0.00522443840128659,4.05226029089244e-08,233
"binomial","wide",74002,"glmnet",29,0.00754917688875993,0.260920655210264,0.0828104864598866,0.178110168750378,3.93688576876142e-05,0.00519322379541378,3.55807741819758e-08,233
"binomial","wide",74002,"glmnet",30,0.0069069553263233,0.245452127631007,0.0755376403617724,0.169914487269235,3.82357055674189e-05,0.00551441406297139,3.18610694719937e-08,238
"binomial","wide",74002,"glmnet",31,0.00631936866532508,0.230709511340553,0.0689157583612341,0.161793752979319,3.94428115084236e-05,0.00621556786673745,2.92876814027287e-08,239
"binomial","wide",74002,"glmnet",32,0.0057817690200047,0.216682919524701,0.0628933282120093,0.153789591312691,3.22043332545803e-05,0.00554723776331244,2.61210036352211e-08,240
"binomial","wide",74002,"glmnet",33,0.00528990390829911,0.203361160504331,0.0574089643999281,0.145952196104403,3.391483478746e-05,0.00638459538388605,2.34553873468467e-08,243
"binomial","wide",74002,"glmnet",34,0.00483988261416495,0.190727373912326,0.052416186913884,0.138311186998442,3.2139823276869e-05,0.00660979091992032,2.09855301723318e-08,244
"binomial","wide",74002,"glmnet",35,0.00442814541151616,0.178762592354571,0.047868504636867,0.130894087717704,2.67468254485006e-05,0.00601362609792859,1.69913793437012e-08,246
"binomial","wide",74002,"glmnet",36,0.0040514354063347,0.167446742438391,0.0437212665824771,0.123725475855914,2.80340130881813e-05,0.00688909140545965,1.3990071013276e-08,247
"binomial","wide",74002,"glmnet",37,0.0037067727742216,0.156756689717473,0.0399402410344993,0.116816448682973,2.64340517999433e-05,0.00709938568629827,9.49464997490006e-09,250
"binomial","wide",74002,"glmnet",38,0.00339143118960426,0.146668859581084,0.0364908456818516,0.110178013899232,2.44807937647405e-05,0.00718096646878762,8.44033204877185e-09,254
"binomial","wide",74002,"glmnet",39,0.0031029162601519,0.137159274841666,0.0333425028451422,0.103816771996524,2.50498204992858e-05,0.00802068020072568,4.84868499517344e-09,256
"binomial","wide",74002,"glmnet",40,0.00283894579581269,0.128202693013445,0.0304679578736989,0.0977347351397456,2.33611507550807e-05,0.00817377076111067,3.83101002642887e-09,260
"binomial","wide",74002,"glmnet",41,0.00259743175639809,0.119774397675441,0.027844318164379,0.0919300795110619,2.05976782424399e-05,0.00787756110189884,3.22759993637488e-09,259
"binomial","wide",74002,"glmnet",42,0.00237646373491747,0.111849823764001,0.0254486186625207,0.0864012051014799,1.84686777025336e-05,0.00771860491605035,2.88969550578785e-09,262
"binomial","wide",74002,"glmnet",43,0.00217429384601408,0.104404664968492,0.0232619353746188,0.0811427295938737,1.78023198760639e-05,0.00813349453882074,3.66411554291794e-09,264
"binomial","wide",74002,"glmnet",44,0.00198932289996795,0.0974150797987344,0.0212652271613938,0.0761498526373406,1.63968914474498e-05,0.00819047453642379,3.57604902431653e-09,265
"binomial","wide",74002,"glmnet",45,0.00182008775290038,0.0908577131831165,0.0194413555277046,0.0714163576554119,1.50873102217838e-05,0.0082384588522523,3.68775438637999e-09,265
"binomial","wide",74003,"picasso",1,0.0839254033954202,0.6915136378175,0.6915136378175,0,1.09753476148658e-16,1.30775035577187e-15,1.09753476148658e-16,0
"binomial","wide",74003,"picasso",2,0.0767857238659894,0.691232860906418,0.684513662643138,0.00671919826328009,7.22834917103732e-05,0.000940480949160748,1.54010489282436e-05,5
"binomial","wide",74003,"picasso",3,0.0702534292488813,0.690226335097628,0.673092459943185,0.0171338751544426,9.70575966249831e-07,1.38151627324351e-05,8.75955816960681e-09,11
"binomial","wide",74003,"picasso",4,0.0642768482568628,0.68808197106051,0.655564055890602,0.0325179151699084,4.5408915771844e-06,7.06408439104898e-05,1.25657209507476e-08,24
"binomial","wide",74003,"picasso",5,0.0588087053686643,0.684174639818081,0.628575862421044,0.0555987773970372,1.23046614586356e-05,0.000209213473684724,2.25777878773822e-09,39
"binomial","wide",74003,"picasso",6,0.0538057468735504,0.678138348943212,0.5979639515412,0.0801743974020117,2.11277073212598e-05,0.000392546013885682,8.72713587285467e-09,50
"binomial","wide",74003,"picasso",7,0.0492283987289267,0.669930450169898,0.565292482878299,0.104637967291599,9.32520360103842e-05,0.00189292590317862,1.61078795462804e-07,63
"binomial","wide",74003,"picasso",8,0.0450404535245936,0.659547307564073,0.530086349122206,0.129460958441867,4.10577285159044e-05,0.000911143172314721,1.26754528233836e-08,83
"binomial","wide",74003,"picasso",9,0.041208784077493,0.646962115490512,0.493372068002443,0.153590047488069,7.06968233484678e-05,0.00171370189888028,3.38838985865429e-08,96
"binomial","wide",74003,"picasso",10,0.0377030813914471,0.632286878258342,0.456234000166377,0.176052878091965,7.82181257764011e-05,0.0020706445798927,7.57577726994458e-08,110
"binomial","wide",74003,"picasso",11,0.0344956149091154,0.615732907367924,0.419989257904723,0.1957436494632,5.48991529360915e-05,0.00158949533728319,1.90704966005325e-08,128
"binomial","wide",74003,"picasso",12,0.031561013159734,0.597573813798613,0.385534864840362,0.212038948958252,6.11172869804666e-05,0.00193273780472993,1.58857378519078e-08,134
"binomial","wide",74003,"picasso",13,0.0288760630675317,0.578115732672363,0.353073192179602,0.22504254049276,5.77128883541382e-05,0.00199491508651045,3.59448284168292e-08,152
"binomial","wide",74003,"picasso",14,0.0264195263333269,0.557644436595768,0.322764263906006,0.234880172689761,6.29852081094617e-05,0.00237991797377414,1.85143685070753e-08,160
"binomial","wide",74003,"picasso",15,0.0241719714368603,0.536424890205122,0.294504453238798,0.241920436966325,8.41009771004146e-05,0.00347211964605052,7.08067316712183e-08,168
"binomial","wide",74003,"picasso",16,0.0221156199309806,0.514704468357541,0.268501549976672,0.246202918380869,5.43985673987953e-05,0.00245457682532851,4.33106452546461e-08,176
"binomial","wide",74003,"picasso",17,0.0202342058118497,0.492720919793279,0.244843391681999,0.24787752811128,5.39372776542681e-05,0.00265867190250496,4.00883581070615e-08,183
"binomial","wide",74003,"picasso",18,0.0185128468527692,0.47068854373193,0.22322998699572,0.24745855673621,8.1968261763387e-05,0.00441560981784663,1.06201237582069e-08,194
"binomial","wide",74003,"picasso",19,0.0169379268838601,0.448764796352047,0.203308310979137,0.24545648537291,8.76035482639918e-05,0.00515537251550372,1.53787339061168e-08,201
"binomial","wide",74003,"picasso",20,0.015496988086415,0.427083350114361,0.18506245482604,0.242020895288321,8.96959535671756e-05,0.00576650252792943,4.92200435973724e-08,210
"binomial","wide",74003,"picasso",21,0.0141786324499564,0.405766832592708,0.16840687673315,0.237359955859557,9.65224080119714e-05,0.0067728227376077,1.19759744221098e-07,222
"binomial","wide",74003,"picasso",22,0.0129724316125137,0.384910300749578,0.153256927824913,0.231653372924665,9.4261329300141e-05,0.00722268471453697,1.00318347285914e-07,224
"binomial","wide",74003,"picasso",23,0.0118688443709436,0.36459992908334,0.139498542782718,0.225101386300622,9.42494905864892e-05,0.00788911619800185,1.51155244307786e-07,229
"binomial","wide",74003,"picasso",24,0.0108591412087918,0.344902915136856,0.127025647335511,0.217877267801345,8.59728910636987e-05,0.00786157629585538,1.59057514651605e-07,231
"binomial","wide",74003,"picasso",25,0.00993533524469866,0.32587162607523,0.115718133486143,0.210153492589087,8.00157769076035e-05,0.00799324895686996,1.24739770464249e-07,233
"binomial","wide",74003,"picasso",26,0.00909011905514528,0.307543905487954,0.105460114520079,0.202083790967876,7.78758555504046e-05,0.00850458265796385,4.6123890490936e-08,237
"binomial","wide",74003,"picasso",27,0.00831680687179685,0.289944692159173,0.0961460688333738,0.193798623325799,6.9789845355597e-05,0.0083315495042116,1.63804057084652e-08,238
"binomial","wide",74003,"picasso",28,0.00760928169621888,0.273093289058702,0.0876392321736673,0.185454056885035,9.26977178542327e-05,0.012083331760363,2.97335696810553e-07,243
"binomial","wide",74003,"picasso",29,0.00696194691363586,0.256982593684553,0.0799889989471502,0.176993594737403,6.71492260435422e-05,0.00957470223234542,5.12830569402176e-08,247
"binomial","wide",74003,"picasso",30,0.00636968202299153,0.241624925379281,0.0729591130534838,0.168665812325797,9.93651232950596e-05,0.0154603519967129,4.13052795572676e-07,248
"binomial","wide",74003,"picasso",31,0.00582780213312951,0.227005256920646,0.066584268744504,0.160420988176142,8.51357534633274e-05,0.0144443275301531,3.93233917738751e-07,253
"binomial","wide",74003,"picasso",32,0.00533202090470412,0.213111151738785,0.0607676748296387,0.152343476909147,9.03961163845621e-05,0.0167663874402052,3.89300548634347e-07,256
"binomial","wide",74003,"picasso",33,0.00487841664468706,0.199926647625986,0.0554765379516647,0.144450109674322,8.82805113915728e-05,0.0178947667827716,3.74335188064327e-07,257
"binomial","wide",74003,"picasso",34,0.00446340128527316,0.187433936343165,0.0506593605082375,0.136774575834927,8.77455906634402e-05,0.0194462905080617,3.69494537326545e-07,257
"binomial","wide",74003,"picasso",35,0.00408369200180442,0.1756125272221,0.0462686668969149,0.129343860325185,8.4901489015618e-05,0.0205651845792871,2.81422182595085e-07,262
"binomial","wide",74003,"picasso",36,0.0037362852452064,0.164439624169255,0.0422575194323066,0.122182104736949,8.03555911012086e-05,0.0212588719559133,1.6698810367928e-07,264
"binomial","wide",74003,"picasso",37,0.00341843298353029,0.153891455641345,0.0386023035685881,0.115289152072757,7.31136666422077e-05,0.0211268326711007,1.12937439713012e-07,268
"binomial","wide",74003,"picasso",38,0.00312762096466814,0.143943522687732,0.0352711447669836,0.108672377920748,6.65543161484684e-05,0.0210199081516964,1.00804867261991e-07,270
"binomial","wide",74003,"picasso",39,0.00286154882829664,0.134577495802442,0.0322870455126433,0.102290450289799,9.33474608910178e-05,0.0320200232966863,3.54148981491136e-07,273
"binomial","wide",74003,"picasso",40,0.00261811190973223,0.125751334805024,0.0294416662774348,0.0963096685275889,6.39416459859272e-05,0.0241024252881304,8.10678921087228e-08,277
"binomial","wide",74003,"picasso",41,0.00239538459176388,0.117458293691777,0.0269649396013463,0.0904933540904312,8.13971977323058e-05,0.0333103319771545,2.85919151428528e-07,275
"binomial","wide",74003,"picasso",42,0.00219160507277423,0.109664046046409,0.0246334383677707,0.0850306076786381,8.92868748978769e-05,0.039842006427798,2.22194704242543e-07,275
"binomial","wide",74003,"picasso",43,0.00200516143066316,0.102343277918979,0.0225140866204441,0.0798291912985353,8.53181247820844e-05,0.0415590895583517,1.99853356160263e-07,277
"binomial","wide",74003,"picasso",44,0.00183457887233743,0.0954725514600215,0.0205804268245829,0.0748921246354386,8.25214298193391e-05,0.0439105739919776,1.68698796899462e-07,281
"binomial","wide",74003,"picasso",45,0.0016785080679084,0.0890287086463642,0.0188148604342958,0.0702138482120684,7.81011820415495e-05,0.0454336647677133,1.36233784923851e-07,282
"binomial","wide",74003,"glmnet",1,0.0839254033954202,0.6915136378175,0.6915136378175,1.40221739705987e-17,1.90323947078598e-18,2.26777518341943e-17,1.90323947078598e-18,0
"binomial","wide",74003,"glmnet",2,0.0767857238659894,0.691232841120181,0.684488639841298,0.0067442012788828,3.63140341089196e-07,4.72926759653233e-06,3.60010116955729e-11,5
"binomial","wide",74003,"glmnet",3,0.0702534292488813,0.690226335162891,0.673088259282034,0.0171380758808569,3.1407926603666e-06,4.47065681815426e-05,3.75945873479619e-10,11
"binomial","wide",74003,"glmnet",4,0.0642768482568628,0.68808197195487,0.655545515120248,0.0325364568346218,1.07858118758991e-05,0.000167800495473546,2.63220649403857e-09,24
"binomial","wide",74003,"glmnet",5,0.0588087053686643,0.684174646145232,0.628547337102245,0.055627309042987,2.56979508521105e-05,0.000436911203704708,1.41742380753231e-08,39
"binomial","wide",74003,"glmnet",6,0.0538057468735504,0.678138372968493,0.597898025970091,0.0802403469984019,4.00784117951039e-05,0.000744765242188708,2.56653090472244e-08,50
"binomial","wide",74003,"glmnet",7,0.0492283987289267,0.669930376021655,0.565244934222678,0.104685441798977,5.09693997500366e-05,0.00103522834651764,4.00528402387325e-08,63
"binomial","wide",74003,"glmnet",8,0.0450404535245936,0.659547248197419,0.530078046833198,0.129469201364221,5.87997137185131e-06,0.00013054426447926,4.15968167847122e-11,83
"binomial","wide",74003,"glmnet",9,0.041208784077493,0.646961920061608,0.493358627511515,0.153603292550093,5.96065449752492e-06,0.000144624321618042,9.91153025526564e-11,96
"binomial","wide",74003,"glmnet",10,0.0377030813914471,0.632286455258972,0.456202913561842,0.17608354169713,9.10317740104166e-06,0.000241385576176917,9.31843303313735e-11,109
"binomial","wide",74003,"glmnet",11,0.0344956149091154,0.615732622814456,0.419965546334568,0.195767076479888,1.48776345058887e-05,0.000431137145582379,2.03036545116347e-10,128
"binomial","wide",74003,"glmnet",12,0.031561013159734,0.597573423437706,0.385491896773022,0.212081526664684,1.03054279452092e-05,0.000326436594784971,2.76970299393854e-10,135
"binomial","wide",74003,"glmnet",13,0.0288760630675317,0.578115084663242,0.35303250825409,0.225082576409152,1.64586929768153e-05,0.000569793060079029,7.38207358019771e-10,151
"binomial","wide",74003,"glmnet",14,0.0264195263333269,0.55764375519048,0.322732205639732,0.234911549550748,1.97788416989551e-05,0.000748333912651693,7.36699863017926e-10,158
"binomial","wide",74003,"glmnet",15,0.0241719714368603,0.536423797758147,0.294499760215493,0.241924037542655,2.57061011666344e-05,0.00106279412939528,1.455885572575e-09,168
"binomial","wide",74003,"glmnet",16,0.0221156199309806,0.514703769063212,0.268443120654851,0.246260648408361,7.64556859446652e-05,0.00345035522554579,1.06711736760475e-07,176
"binomial","wide",74003,"glmnet",17,0.0202342058118497,0.492719956008489,0.244836151460122,0.247883804548366,2.32104565130418e-05,0.00114610167456651,1.74751117524931e-09,182
"binomial","wide",74003,"glmnet",18,0.0185128468527692,0.470687171818844,0.223226100661533,0.24746107115731,2.31077128088134e-05,0.00124739415527749,9.50700634248593e-10,195
"binomial","wide",74003,"glmnet",19,0.0169379268838601,0.448762977640249,0.203269445679283,0.245493531960966,5.88417461237084e-05,0.00346749454696874,8.025143437701e-08,202
"binomial","wide",74003,"glmnet",20,0.015496988086415,0.427081780505597,0.185035041876523,0.242046738629074,7.58344050409213e-05,0.00488046779490633,7.13153475052908e-08,211
"binomial","wide",74003,"glmnet",21,0.0141786324499564,0.405761148307085,0.168377984512753,0.237383163794332,5.8783345637586e-05,0.00413743258576324,6.84811376071887e-08,222
"binomial","wide",74003,"glmnet",22,0.0129724316125137,0.384903884180341,0.153224092833635,0.231679791346706,6.31015407329769e-05,0.00485421721068951,6.38692564499031e-08,224
"binomial","wide",74003,"glmnet",23,0.0118688443709436,0.364593213783788,0.139473736973557,0.225119476810231,6.40755814953209e-05,0.00538683764998972,5.30887358104629e-08,229
"binomial","wide",74003,"glmnet",24,0.0108591412087918,0.344896187415101,0.12700797014178,0.217888217273321,5.90131376377815e-05,0.00542228977562246,4.71745041275403e-08,231
"binomial","wide",74003,"glmnet",25,0.00993533524469866,0.325865032418414,0.115706499573519,0.210158532844895,5.68127421218846e-05,0.00570199060985256,3.72516319388307e-08,234
"binomial","wide",74003,"glmnet",26,0.00909011905514528,0.307537496565061,0.105453896656793,0.202083599908268,5.26736989915622e-05,0.00577722996643743,2.92612339976592e-08,236
"binomial","wide",74003,"glmnet",27,0.00831680687179685,0.289939289132374,0.0961455289633531,0.193793760169021,5.11718151906988e-05,0.00613613834311198,2.02086569700753e-08,236
"binomial","wide",74003,"glmnet",28,0.00760928169621888,0.273083996740407,0.0876869704410568,0.18539702629935,5.31283651865784e-05,0.00696048838722898,1.37888899031816e-08,241
"binomial","wide",74003,"glmnet",29,0.00696194691363586,0.256976627054584,0.0799992904498757,0.176977336604708,4.75776546262265e-05,0.00680966679699299,1.72194646282494e-08,242
"binomial","wide",74003,"glmnet",30,0.00636968202299153,0.241615921190487,0.0730064172360821,0.168609503954405,4.27576540702485e-05,0.00668745831256454,1.59889957846378e-08,244
"binomial","wide",74003,"glmnet",31,0.00582780213312951,0.226994819644447,0.0666368685634977,0.160357951080949,3.74557791037768e-05,0.00640067357247441,8.46373269639187e-09,250
"binomial","wide",74003,"glmnet",32,0.00533202090470412,0.213100147719111,0.0608238516992545,0.152276296019857,3.75453610091739e-05,0.0070130271135088,8.73819314098158e-09,255
"binomial","wide",74003,"glmnet",33,0.00487841664468706,0.199915488261034,0.0555301891148014,0.144385299146232,3.58797895826535e-05,0.00732681612769522,7.40122574009045e-09,255
"binomial","wide",74003,"glmnet",34,0.00446340128527316,0.187423124833121,0.0507082456056278,0.136714879227494,3.85184161569756e-05,0.00859249885919873,4.39594513458696e-09,255
"binomial","wide",74003,"glmnet",35,0.00408369200180442,0.175601406179418,0.0463171554036013,0.129284250775817,3.49397772714376e-05,0.00851756488977038,5.65151614515575e-09,256
"binomial","wide",74003,"glmnet",36,0.0037362852452064,0.164429102231009,0.0423107865441811,0.122118315686828,3.30217521512586e-05,0.00879590171131356,5.01243107992044e-09,259
"binomial","wide",74003,"glmnet",37,0.00341843298353029,0.153881425418128,0.0386589163799842,0.115222509038143,2.96318193491281e-05,0.00862735621612916,7.32368697849844e-09,263
"binomial","wide",74003,"glmnet",38,0.00312762096466814,0.143934588994042,0.0353239124313813,0.108610676562661,3.0976763262869e-05,0.00985179787286313,6.80186346782673e-09,269
"binomial","wide",74003,"glmnet",39,0.00286154882829664,0.134562736860626,0.0322791085591446,0.102283628301481,2.8887939591161e-05,0.010043197021013,7.34434447508725e-09,271
"binomial","wide",74003,"glmnet",40,0.00261811190973223,0.125740575708911,0.0294990952849404,0.0962414804239708,2.81537313054129e-05,0.0106929044142532,6.6468361123525e-09,275
"binomial","wide",74003,"glmnet",41,0.00239538459176388,0.117443405111188,0.0269593267775389,0.0904840783336493,2.9151634287372e-05,0.0120892378102937,6.35230603980178e-09,274
"binomial","wide",74003,"glmnet",42,0.00219160507277423,0.109645193439358,0.0246446025639263,0.0850005908754316,2.65816605381649e-05,0.0120474825098643,5.94715601764691e-09,274
"binomial","wide",74003,"glmnet",43,0.00200516143066316,0.102322520411256,0.0225276369837096,0.0797948834275462,2.58138774537138e-05,0.0127825967512697,6.03299443389913e-09,275
"binomial","wide",74003,"glmnet",44,0.00183457887233743,0.0954507110017644,0.0205954433242618,0.0748552676775027,2.72125848465076e-05,0.0147174891601518,6.12685166040381e-09,277
"binomial","wide",74003,"glmnet",45,0.0016785080679084,0.0890063662515313,0.018829801325056,0.0701765649264753,2.5036231075123e-05,0.0148005553019478,5.01470569094949e-09,280
"gaussian","tall",74001,"picasso",1,0.523184262247288,2.49684918505641,2.49684918505641,0,5.10702591327572e-17,9.76142877719406e-17,5.10702591327572e-17,0
"gaussian","tall",74001,"picasso",2,0.47867607025579,2.49585869547924,2.47455368904256,0.0213050064366807,9.4091401336982e-17,1.9656591833952e-16,9.4091401336982e-17,1
"gaussian","tall",74001,"picasso",3,0.437954267300236,2.49321710903708,2.45589026904804,0.037326839989039,2.77555756156289e-16,6.3375511298766e-16,8.89704976358985e-17,1
"gaussian","tall",74001,"picasso",4,0.400696738702632,2.48659945270281,2.36705783456101,0.1195416181418,1.11233651179932e-05,2.77595964179519e-05,1.39013800470877e-16,6
"gaussian","tall",74001,"picasso",5,0.366608772638938,2.47176344450518,2.2574333442859,0.214330100219279,1.2502708546247e-05,3.41033425976628e-05,3.1641356201817e-18,8
"gaussian","tall",74001,"picasso",6,0.335420728930794,2.44823590408893,2.13101756256188,0.317218341527049,2.38240838555392e-05,7.10224197752848e-05,4.31946145518225e-17,10
"gaussian","tall",74001,"picasso",7,0.306885906157162,2.41550410364992,1.99412741366519,0.421376689984734,3.51100857979292e-05,0.000114394531295752,6.35810848415019e-17,13
"gaussian","tall",74001,"picasso",8,0.280778590214482,2.3731637348556,1.84297840272355,0.530185332132043,3.13580408626279e-05,0.000111669978422964,1.23512311489549e-16,16
"gaussian","tall",74001,"picasso",9,0.256892268889202,2.32148819578049,1.69221932188232,0.629268873898171,3.59647945215591e-05,0.000139979923599333,1.89570581454745e-17,18
"gaussian","tall",74001,"picasso",10,0.23503799831971,2.26154517875285,1.54499957812502,0.716545600627827,4.57248508128338e-05,0.000194504537345899,5.58234014569337e-17,20
"gaussian","tall",74001,"picasso",11,0.215042908426186,2.19480602518812,1.41179574929892,0.783010275889193,4.82415190677377e-05,0.000224284072496782,4.25146029492396e-17,22
"gaussian","tall",74001,"picasso",12,0.196748835486127,2.12283248121487,1.28911966881205,0.833712812402821,5.24215101392889e-05,0.000266367760752073,1.04638520070921e-17,23
"gaussian","tall",74001,"picasso",13,0.180011071039036,2.04717386190026,1.182394069693,0.864779792207261,4.9360411046806e-05,0.000274132471244744,3.78516662458139e-17,25
"gaussian","tall",74001,"picasso",14,0.164697217223965,1.9693363715502,1.08530835507437,0.884028016475829,4.48141400693769e-05,0.000272026147172788,2.38142838782096e-17,27
"gaussian","tall",74001,"picasso",15,0.150686139495475,1.89031516517543,0.999395104717757,0.890920060457675,4.35142160195578e-05,0.000288690479597642,8.61567761578641e-17,28
"gaussian","tall",74001,"picasso",16,0.13786700843386,1.81121655487121,0.925015600044842,0.886200954826366,3.43963063160757e-05,0.000249426801567996,8.46371583929084e-18,28
"gaussian","tall",74001,"picasso",17,0.126138423070244,1.73293750915186,0.859629504580168,0.873308004571694,3.2939877354532e-05,0.000261072533299118,6.42845152110105e-17,29
"gaussian","tall",74001,"picasso",18,0.115407608791924,1.65605880612784,0.80139755124984,0.854661254878,3.63862263841608e-05,0.000315185093675857,3.30798756442707e-17,30
"gaussian","tall",74001,"picasso",19,0.105589683483302,1.58117965511828,0.752558301557574,0.828621353560706,3.35914802010173e-05,0.0003180310420466,5.51763496003943e-17,30
"gaussian","tall",74001,"picasso",20,0.0966069860974713,1.50886953318562,0.711675228752522,0.797194304433099,3.07339120852179e-05,0.000318032255750432,1.52655665885959e-18,30
"gaussian","tall",74001,"picasso",21,0.0883884623473935,1.43952910675045,0.677452264717078,0.762076842033376,2.81193248336947e-05,0.000318032254831306,3.80390163812194e-17,30
"gaussian","tall",74001,"picasso",22,0.0808691026573811,1.37342408228476,0.648804435987452,0.724619646297306,2.57271651327301e-05,0.00031803225483231,1.03431152531641e-16,30
"gaussian","tall",74001,"picasso",23,0.0739894279290277,1.31071312072718,0.624823518084581,0.685889602642597,2.35385106035768e-05,0.000318032254831672,8.87900863943969e-17,30
"gaussian","tall",74001,"picasso",24,0.0676950190539194,1.25147070006913,0.604749241988764,0.646721458080367,2.15360487088173e-05,0.000318032254833079,1.84435799965854e-17,30
"gaussian","tall",74001,"picasso",25,0.0619360864515165,1.19570583604064,0.58799864949688,0.607707186543763,0.000105365591569352,0.00169830956722578,6.62941923579297e-17,30
"gaussian","tall",74001,"picasso",26,0.056667076227193,1.14337711106434,0.573923457051948,0.569453654012395,9.65542052627014e-05,0.00170098713783984,1.42663658664333e-17,30
"gaussian","tall",74001,"picasso",27,0.0518463098350941,1.09440530768639,0.562141119617496,0.53226418806889,8.83401356971403e-05,0.00170098644636719,5.6996074526694e-17,30
"gaussian","tall",74001,"picasso",28,0.0474356543954999,1.04868319244879,0.552278199040932,0.496404993407856,8.08248856028274e-05,0.00170098641199142,3.43752803999564e-17,30
"gaussian","tall",74001,"picasso",29,0.0434002210588615,1.00608345554443,0.544001469474174,0.46208198607026,7.30369896611641e-05,0.00168004407628349,4.21329637845247e-17,31
"gaussian","tall",74001,"picasso",30,0.0397080890305317,0.966458797956557,0.536973104653783,0.429485693302774,6.7853405482543e-05,0.00170589057925392,2.81719092498633e-18,31
"gaussian","tall",74001,"picasso",31,0.0363300530731905,0.929658289692049,0.53107257392458,0.398585715767469,6.15524371502668e-05,0.00169139108558364,2.19407825241547e-17,32
"gaussian","tall",74001,"picasso",32,0.0332393924896758,0.895525916710933,0.526065847183173,0.36946006952776,5.50138772813721e-05,0.00165234594288998,2.88657986402541e-17,32
"gaussian","tall",74001,"picasso",33,0.0304116597588468,0.863903501615488,0.521695008067502,0.342208493547987,5.17830767791314e-05,0.00169984322056248,1.08107967022875e-17,37
"gaussian","tall",74001,"picasso",34,0.0278244871525594,0.834618872391842,0.517839666954013,0.316779205437829,5.05412010344299e-05,0.00181313541257488,4.28407309627232e-17,37
"gaussian","tall",74001,"picasso",35,0.0254574098040712,0.807522673207979,0.51451153118146,0.293011142026519,4.71976784200932e-05,0.00185055498119287,1.30451205393456e-17,41
"gaussian","tall",74001,"picasso",36,0.0232917038283239,0.782462200183658,0.511495441314993,0.270966758868665,5.34626205476313e-05,0.00229009378299873,2.65620858641569e-17,45
"gaussian","tall",74001,"picasso",37,0.0213102382136144,0.759293369192986,0.508857710436255,0.250435658756731,5.31550534441684e-05,0.00248813719710581,3.30013794069828e-17,47
"gaussian","tall",74001,"picasso",38,0.019497339313097,0.737885811449141,0.506539838267447,0.231345973181695,5.24504694462274e-05,0.00268291731162564,1.62925228863742e-17,50
"gaussian","tall",74001,"picasso",39,0.0178386668642294,0.718115578883723,0.504534408228654,0.213581170655069,4.9239126613046e-05,0.00275264900420728,4.34929869896905e-17,53
"gaussian","tall",74001,"picasso",40,0.0163211005554588,0.69986732441362,0.502795093857609,0.19707223055601,0.000220391851650827,0.0133235772339442,7.85482789922298e-18,55
"gaussian","tall",74001,"picasso",41,0.0149326362428768,0.683031569687542,0.501270056680618,0.181761513006924,0.000206213313682256,0.0136214652845211,1.41275879883551e-17,57
"gaussian","tall",74001,"picasso",42,0.0136622909959033,0.667506010916683,0.499890712456278,0.167615298460405,0.000179749717430655,0.0129857815876457,5.37070388162419e-18,63
"gaussian","tall",74001,"picasso",43,0.0125000162208988,0.653190326675048,0.49867332426466,0.154517002410388,0.00017452723108442,0.0137699027776114,1.7874590696465e-17,64
"gaussian","tall",74001,"picasso",44,0.011436618175501,0.639997584603033,0.49764236048697,0.142355224116063,0.00016008614760905,0.0138044519502,6.93889390390723e-19,67
"gaussian","tall",74001,"picasso",45,0.0104636852449458,0.627845616226932,0.496736085421573,0.131109530805358,0.000152782923702395,0.0143911253041367,1.2712053631958e-17,72
"gaussian","tall",74001,"glmnet",1,0.523184262247288,2.49684918505641,2.49684918505641,0,1.20736753927986e-17,2.30772908591273e-17,1.20736753927986e-17,0
"gaussian","tall",74001,"glmnet",2,0.47867607025579,2.49585869547924,2.47455368904256,0.0213050064366805,3.33066907387547e-16,6.95808560493877e-16,3.10029779626575e-17,1
"gaussian","tall",74001,"glmnet",3,0.437954267300236,2.49321710903708,2.45589026904804,0.0373268399890388,3.33066907387547e-16,7.60506135585192e-16,7.47873984963121e-17,1
"gaussian","tall",74001,"glmnet",4,0.400696738702632,2.48659945264917,2.36706563115511,0.119533821494058,7.77144254054951e-06,1.93944473890099e-05,6.69742039605126e-17,6
"gaussian","tall",74001,"glmnet",5,0.366608772638938,2.47176344494465,2.25743356599641,0.214329878948236,2.77331806444181e-05,7.56442610304425e-05,4.0689673852512e-17,8
"gaussian","tall",74001,"glmnet",6,0.335420728930794,2.44823590342703,2.13101457613976,0.317221327287265,1.3975562064561e-05,4.16644344484928e-05,6.97567004159794e-17,10
"gaussian","tall",74001,"glmnet",7,0.306885906157162,2.4155041018965,1.99410645795447,0.421397643942022,1.28426379256696e-05,4.18464981564474e-05,1.47416800988509e-16,13
"gaussian","tall",74001,"glmnet",8,0.280778590214482,2.37316373347894,1.84295750561582,0.53020622786312,1.74815276011708e-05,6.22570233718511e-05,1.14630527292547e-17,16
"gaussian","tall",74001,"glmnet",9,0.256892268889202,2.32148819339979,1.69217207014239,0.629316123257399,1.47915703017643e-05,5.75755694503222e-05,6.6044392177389e-17,18
"gaussian","tall",74001,"glmnet",10,0.23503799831971,2.26154517442236,1.54494049032652,0.716604684095841,1.51413514409837e-06,6.44204511949541e-06,9.47714129395649e-17,20
"gaussian","tall",74001,"glmnet",11,0.215042908426186,2.19480602052122,1.41174885488036,0.783057165640854,1.33218093078813e-05,6.1945702727577e-05,1.13242748511766e-17,22
"gaussian","tall",74001,"glmnet",12,0.196748835486127,2.12283247559063,1.28907073025106,0.833761745339575,4.06415069403865e-06,2.0656115877024e-05,3.64916430406481e-17,23
"gaussian","tall",74001,"glmnet",13,0.180011071039036,2.04717385699758,1.18235143687966,0.864822420117922,1.91619702075152e-06,1.06447709699898e-05,6.81329992424651e-17,25
"gaussian","tall",74001,"glmnet",14,0.164697217223965,1.96933636823404,1.08528246199872,0.884053906235318,1.65141754172315e-05,0.000100259858585739,4.01831345975268e-17,27
"gaussian","tall",74001,"glmnet",15,0.150686139495475,1.89031516909153,0.999393420947776,0.890921748143751,0.000118668990563842,0.000786904554007162,4.38191150031741e-17,28
"gaussian","tall",74001,"glmnet",16,0.13786700843386,1.81121655187609,0.925000447478703,0.886216104397385,7.95587076385385e-06,5.77035200261303e-05,6.29531149431983e-17,28
"gaussian","tall",74001,"glmnet",17,0.126138423070244,1.73293750601292,0.85961306208435,0.873324443928569,1.85911535096894e-05,0.000147365199026635,6.78927400410423e-17,29
"gaussian","tall",74001,"glmnet",18,0.115407608791924,1.65605880283647,0.801378786003368,0.854680016833099,2.70748806965454e-05,0.000234547190109095,3.32186535223489e-17,30
"gaussian","tall",74001,"glmnet",19,0.105589683483302,1.58117965176931,0.752543181848803,0.828636469920507,6.48489778475037e-06,6.14122451995322e-05,6.95242474701985e-17,30
"gaussian","tall",74001,"glmnet",20,0.0966069860974713,1.50886953038207,0.711662570981324,0.797206959400748,5.93534005544072e-06,6.14342260551423e-05,3.24393290007663e-17,30
"gaussian","tall",74001,"glmnet",21,0.0883884623473935,1.43952910440362,0.67744166897649,0.762087435427131,5.43040974963771e-06,6.143421881597e-05,5.0109222327066e-17,30
"gaussian","tall",74001,"glmnet",22,0.0808691026573811,1.37342408032024,0.648795566359406,0.724628513960833,4.96843538011493e-06,6.14342188167605e-05,1.20910226275583e-17,30
"gaussian","tall",74001,"glmnet",23,0.0739894279290277,1.31071311908269,0.624816093374527,0.685897025708166,4.54576197100875e-06,6.14342188188461e-05,7.02216063075412e-17,30
"gaussian","tall",74001,"glmnet",24,0.0676950190539194,1.25147070091271,0.60475883131113,0.646711869601581,2.92246468365509e-05,0.000431524152055237,2.21905827046953e-17,30
"gaussian","tall",74001,"glmnet",25,0.0619360864515165,1.19570579274692,0.58795323298507,0.607752559761848,2.67711510294477e-05,0.000432051588084726,5.59274848654923e-18,30
"gaussian","tall",74001,"glmnet",26,0.056667076227193,1.14337707462712,0.57388535739898,0.569491717228136,2.44937102011483e-05,0.00043205207102568,2.11219930434936e-17,30
"gaussian","tall",74001,"glmnet",27,0.0518463098350941,1.09440527718466,0.562109226891878,0.532296050292785,2.24099878088566e-05,0.000432052070792796,1.20181642415673e-17,30
"gaussian","tall",74001,"glmnet",28,0.0474356543954999,1.04868316691599,0.55225150184158,0.496431665074405,2.05035313040475e-05,0.000432052070790728,2.079586503001e-17,30
"gaussian","tall",74001,"glmnet",29,0.0434002210588615,1.0060834356463,0.543976259549649,0.462107176096647,2.93457250161097e-05,0.00067570844448312,1.42663658664333e-17,31
"gaussian","tall",74001,"glmnet",30,0.0397080890305317,0.966458780156993,0.536954676862916,0.429504103294077,1.67166828892659e-05,0.000420812200061137,2.29677388219329e-17,31
"gaussian","tall",74001,"glmnet",31,0.0363300530731905,0.929658275527729,0.531054996471136,0.398603279056592,2.07834956159406e-05,0.000571821244685398,2.77555756156289e-20,32
"gaussian","tall",74001,"glmnet",32,0.0332393924896758,0.895525904546879,0.526053419831764,0.369472484715115,1.35608013580382e-05,0.000407807428090746,1.42594269725294e-17,32
"gaussian","tall",74001,"glmnet",33,0.0304116597588468,0.863903490431713,0.521681273259063,0.34222221717265,4.50458493743422e-06,0.000148100066533713,1.08801856413265e-17,37
"gaussian","tall",74001,"glmnet",34,0.0278244871525594,0.834618862250066,0.517831038566448,0.316787823683618,1.30739412626535e-05,0.000469651102644727,1.59039448277554e-17,37
"gaussian","tall",74001,"glmnet",35,0.0254574098040712,0.807522663961565,0.514501781453675,0.29302088250789,7.95242188696144e-06,0.000312283870788813,1.08246744900953e-18,41
"gaussian","tall",74001,"glmnet",36,0.0232917038283239,0.782462191076563,0.511486741413677,0.270975449662887,5.04340348109547e-06,0.000216492387878708,3.06976666308856e-17,45
"gaussian","tall",74001,"glmnet",37,0.0213102382136144,0.759293361305526,0.508850065305565,0.250443295999961,1.88196203255303e-06,8.83052213161626e-05,8.39606162372775e-18,47
"gaussian","tall",74001,"glmnet",38,0.019497339313097,0.737885804130696,0.506533557963172,0.231352246167523,3.20631095079502e-06,0.00016442160197,2.24126273096203e-17,50
"gaussian","tall",74001,"glmnet",39,0.0178386668642294,0.718115573499107,0.504531230030419,0.213584343468688,1.54489670005156e-05,0.000865288830124688,4.32986979603811e-18,53
"gaussian","tall",74001,"glmnet",40,0.0163211005554588,0.699867190840576,0.50276635569945,0.197100835141126,4.90852566430201e-05,0.00299845445900397,1.32671651442706e-17,55
"gaussian","tall",74001,"glmnet",41,0.0149326362428768,0.683031450017533,0.50124593122444,0.181785518793092,4.51688940989597e-05,0.00301572184214436,1.94289029309402e-17,56
"gaussian","tall",74001,"glmnet",42,0.0136622909959033,0.667505895968518,0.499861712944607,0.167644183023911,4.39955708240319e-06,0.000321918248265455,1.26565424807268e-17,63
"gaussian","tall",74001,"glmnet",43,0.0125000162208988,0.653190226458231,0.498652557609398,0.154537668848833,5.2799653943494e-05,0.00420619998492231,7.1428973846821e-17,64
"gaussian","tall",74001,"glmnet",44,0.011436618175501,0.639997503965571,0.49762405353314,0.142373450432432,0.000101808511803152,0.00887136042728494,8.77076189453874e-18,67
"gaussian","tall",74001,"glmnet",45,0.0104636852449458,0.627845535860503,0.496718073334123,0.13112746252638,4.11039580461812e-06,0.000392670620031657,2.57016630200724e-17,72
"gaussian","tall",74002,"picasso",1,0.584942779268399,2.49134767862853,2.49134767862853,0,1.11022302462516e-16,1.89800278586862e-16,9.16905440462301e-17,0
"gaussian","tall",74002,"picasso",2,0.535180683191792,2.49010954552556,2.46347783295023,0.0266317125753347,3.33066907387547e-16,6.22344785318394e-16,5.97438765126412e-17,1
"gaussian","tall",74002,"picasso",3,0.489651934877908,2.4868075061162,2.44014815978425,0.0466593463319536,5.55111512312578e-17,1.13368593642133e-16,1.1518563880486e-17,1
"gaussian","tall",74002,"picasso",4,0.447996396095181,2.4817357961404,2.40830214065991,0.0734336554804899,9.93164589679907e-06,2.21685393304065e-05,5.28188603965418e-17,2
"gaussian","tall",74002,"picasso",5,0.409884566195605,2.47356403818102,2.36173392142841,0.111830116752607,2.09738247896607e-05,5.1167458699429e-05,3.7997383017796e-17,3
"gaussian","tall",74002,"picasso",6,0.375014975722405,2.46097416536933,2.27289562547892,0.18807853989041,3.84195819116417e-05,0.000102437632594869,4.08284517305901e-17,7
"gaussian","tall",74002,"picasso",7,0.343111801748012,2.43980564086483,2.1506323001711,0.289173340693726,8.309232448106e-05,0.000242114104598271,4.77673456344974e-17,10
"gaussian","tall",74002,"picasso",8,0.31392268607937,2.40875398539558,2.00249467272968,0.406259312665897,8.24078192250832e-05,0.000262441026678682,3.60822483003176e-18,12
"gaussian","tall",74002,"picasso",9,0.287216739072303,2.36808162449977,1.85867186707014,0.509409757429633,6.93781082152234e-05,0.000241494816721788,5.27355936696949e-18,15
"gaussian","tall",74002,"picasso",10,0.262782713264852,2.31776943682106,1.70056161217208,0.617207824648975,5.28838426134826e-05,0.000201205023959749,3.76365605347928e-17,17
"gaussian","tall",74002,"picasso",11,0.24042733238279,2.25932067340099,1.56580886577832,0.693511807622665,4.75841023931944e-05,0.000197875533501334,4.91273688396632e-17,18
"gaussian","tall",74002,"picasso",12,0.219973762499529,2.19463034390218,1.4338908454255,0.760739498476674,6.25589070918642e-05,0.000284311729499681,1.9595436384634e-17,20
"gaussian","tall",74002,"picasso",13,0.201260213257114,2.12461395520279,1.31446996997887,0.810143985223921,6.51695845982625e-05,0.000323702772488955,1.01585406753202e-17,21
"gaussian","tall",74002,"picasso",14,0.18413865808376,2.05096191146066,1.20594951180278,0.845012399657879,7.02027289749552e-05,0.000381103974397424,2.04003480774873e-17,24
"gaussian","tall",74002,"picasso",15,0.168473663284709,1.9747353066274,1.10699353269734,0.867741773930059,7.76026031737154e-05,0.000460409494790357,3.4333647036533e-17,26
"gaussian","tall",74002,"picasso",16,0.154141316744357,1.89685684895907,1.01462953209313,0.88222731686594,7.71473757132102e-05,0.000500247335190328,3.30291349825984e-18,27
"gaussian","tall",74002,"picasso",17,0.14102824776554,1.81826323797828,0.934230810134282,0.884032427843997,7.09762657173374e-05,0.000503023784890655,2.43902120722339e-17,29
"gaussian","tall",74002,"picasso",18,0.129030730292802,1.73994957371417,0.864362550645183,0.875587023068986,6.64088856607847e-05,0.000514410203691514,1.27398092075737e-17,29
"gaussian","tall",74002,"picasso",19,0.118053862426007,1.66286047073791,0.805874695217771,0.856985775520136,6.07603771577703e-05,0.000514418754560358,1.74860126378462e-18,29
"gaussian","tall",74002,"picasso",20,0.108010815734149,1.58770343494412,0.754812452830019,0.832890982114103,5.53017685879648e-05,0.000511740126007249,2.44118961156836e-18,30
"gaussian","tall",74002,"picasso",21,0.0988221484313438,1.51492433568879,0.711564719476965,0.803359616211822,5.05123453028999e-05,0.000510882835620327,2.61422827829705e-17,30
"gaussian","tall",74002,"picasso",22,0.090415176982123,1.44497084843964,0.675361817942221,0.769609030497423,4.62160334638861e-05,0.000510892347809888,2.18679241381636e-17,30
"gaussian","tall",74002,"picasso",23,0.0827234011653582,1.37815090870045,0.645056595716177,0.733094312984278,4.22843555826918e-05,0.000510892350091069,9.38138455808257e-18,30
"gaussian","tall",74002,"picasso",24,0.075685978048993,1.31465693131233,0.619688284104243,0.69496864720809,3.86871521646931e-05,0.000510892350093898,6.38378239159465e-18,30
"gaussian","tall",74002,"picasso",25,0.0692472407146565,1.25459018951612,0.598452629428917,0.656137560087203,3.53959690760075e-05,0.000510892350093229,1.65423230669148e-17,30
"gaussian","tall",74002,"picasso",26,0.0633562579252074,1.19798074944112,0.580676395977199,0.617304353463919,3.23847726371174e-05,0.000510892350093159,5.74956748877753e-17,30
"gaussian","tall",74002,"picasso",27,0.0579664312521237,1.14480268610999,0.565777156849802,0.579025529260193,0.000111381757024284,0.00191780219077361,2.50355292052973e-17,31
"gaussian","tall",74002,"picasso",28,0.0530351264759643,1.09497594040773,0.553103597766903,0.541872342640822,0.000102979922805217,0.00193796749233808,2.20518048266172e-17,31
"gaussian","tall",74002,"picasso",29,0.0485233363442307,1.04839998153709,0.542371812363301,0.50602816917379,9.45724993368924e-05,0.00194521939726342,8.54039061692902e-17,32
"gaussian","tall",74002,"picasso",30,0.0443953720190036,1.00494267478319,0.53325239658595,0.471690278197237,8.68383434594264e-05,0.00195220387547796,5.64964741656127e-17,32
"gaussian","tall",74002,"picasso",31,0.0406185807736625,0.964473145680212,0.5256189196147,0.438854226065511,7.9449064633752e-05,0.00195215996817103,4.53803661315533e-17,32
"gaussian","tall",74002,"picasso",32,0.0371630877056354,0.926851808814984,0.51918278527686,0.407669023538124,7.22842117131389e-05,0.00194127809099338,3.55965257270441e-17,33
"gaussian","tall",74002,"picasso",33,0.0340015594220925,0.891926501735783,0.513711439148985,0.378215062586798,6.64559150331881e-05,0.00195068348935394,7.4273920347423e-17,34
"gaussian","tall",74002,"picasso",34,0.0311089878293073,0.859541700839939,0.509032065489195,0.350509635350744,6.00671290611268e-05,0.00192713988734521,3.19466675335889e-17,35
"gaussian","tall",74002,"picasso",35,0.0284624923154312,0.829547234729469,0.505078324582143,0.324468910147326,5.54792949863103e-05,0.00194541518394821,7.56339435525888e-17,36
"gaussian","tall",74002,"picasso",36,0.0260411387619235,0.801789635641854,0.501601594656364,0.30018804098549,5.08338836683435e-05,0.00194825758706794,4.00512956133525e-17,39
"gaussian","tall",74002,"picasso",37,0.0238257739519914,0.776119752607448,0.498645854031325,0.277473898576123,4.4972317665197e-05,0.0018839929492428,8.63198401646059e-17,39
"gaussian","tall",74002,"picasso",38,0.0217988740661916,0.752402176142785,0.496127346297427,0.256274829845358,4.19343049561129e-05,0.00191999784273137,3.29181126801359e-17,41
"gaussian","tall",74002,"picasso",39,0.0199444060667739,0.730500383107644,0.493854468030998,0.236645915076645,3.98190187646426e-05,0.00199252253185725,1.67643676718399e-17,48
"gaussian","tall",74002,"picasso",40,0.0182477008742985,0.710274197119451,0.491717808283107,0.218556388836344,3.65184929767733e-05,0.00199726836805148,6.73072708679001e-17,54
"gaussian","tall",74002,"picasso",41,0.0166953373333386,0.691595454892652,0.489790919913138,0.201804534979514,3.74178785389687e-05,0.0022362054584058,1.0039191700173e-16,57
"gaussian","tall",74002,"picasso",42,0.0152750360494215,0.674351663880736,0.488093248430907,0.186258415449829,3.28783511815631e-05,0.00214780082519065,5.63715740753423e-17,58
"gaussian","tall",74002,"picasso",43,0.0139755622574454,0.658441922880246,0.4866476052062,0.171794317674046,3.1490121205853e-05,0.00224816187978625,1.10939035735669e-16,59
"gaussian","tall",74002,"picasso",44,0.0127866369532482,0.643772253400457,0.485442110079982,0.158330143320475,0.000181857424113665,0.0140230175394238,8.99558205702533e-17,61
"gaussian","tall",74002,"picasso",45,0.011698855585368,0.630253729213766,0.484369350234275,0.14588437897949,0.0001664483587992,0.0140281580297,3.45834472170736e-17,69
"gaussian","tall",74002,"glmnet",1,0.584942779268399,2.49134767862853,2.49134767862853,2.17443805815898e-16,4.7573056605188e-17,8.13294193744705e-17,4.7573056605188e-17,0
"gaussian","tall",74002,"glmnet",2,0.535180683191792,2.49010954552556,2.46347783295023,0.0266317125753347,3.33066907387547e-16,6.22344785318394e-16,3.45973250048814e-17,1
"gaussian","tall",74002,"glmnet",3,0.489651934877908,2.4868075061162,2.44014815978425,0.0466593463319539,4.44089209850063e-16,9.06948749137065e-16,1.94289029309402e-17,1
"gaussian","tall",74002,"glmnet",4,0.447996396095181,2.48173579608878,2.40829673050769,0.073439065581091,4.63082835300277e-07,1.03367428992681e-06,3.98014954328119e-17,2
"gaussian","tall",74002,"glmnet",5,0.409884566195605,2.47356403795069,2.36172250251294,0.111841535437745,1.03957972469315e-06,2.53627438169273e-06,2.8949065367101e-17,3
"gaussian","tall",74002,"glmnet",6,0.375014975722405,2.46097416338596,2.27285475871529,0.188119404670672,8.06730848024184e-06,2.1511500773507e-05,4.01345623401994e-17,7
"gaussian","tall",74002,"glmnet",7,0.343111801748012,2.43980563183209,2.1505384073742,0.289267224457893,5.77818804736729e-06,1.68402564754743e-05,6.71268596263985e-17,10
"gaussian","tall",74002,"glmnet",8,0.31392268607937,2.40875397601136,2.00239851326102,0.406355462750336,6.28646431760638e-06,2.00252498913092e-05,3.50275364269237e-17,12
"gaussian","tall",74002,"glmnet",9,0.287216739072303,2.36808161828981,1.85860412092785,0.509477497361955,1.2401265930273e-05,4.31755145584102e-05,2.1094237467878e-18,15
"gaussian","tall",74002,"glmnet",10,0.262782713264852,2.31776943223712,1.70052916519307,0.617240267044053,3.90129519828308e-06,1.48458672631196e-05,5.37347943918576e-17,17
"gaussian","tall",74002,"glmnet",11,0.24042733238279,2.25932066939585,1.5657822344671,0.693538434928755,1.16647078496346e-06,4.85163960347131e-06,1.60982338570648e-17,18
"gaussian","tall",74002,"glmnet",12,0.219973762499529,2.19463033731251,1.43385356343655,0.760776773875951,5.27795771948503e-06,2.39930027356891e-05,8.10601585854442e-17,20
"gaussian","tall",74002,"glmnet",13,0.201260213257114,2.12461394953434,1.31442955277794,0.810184396756399,2.88153189609286e-05,0.000143153947161299,4.03566069451244e-17,21
"gaussian","tall",74002,"glmnet",14,0.18413865808376,2.05096190453404,1.20591179783498,0.845050106699059,8.49167623184766e-06,4.61140462024013e-05,2.84772205816353e-17,24
"gaussian","tall",74002,"glmnet",15,0.168473663284709,1.97473529940529,1.10694558588519,0.867789713520104,4.00615961790307e-06,2.37785792687908e-05,4.22994972382185e-17,26
"gaussian","tall",74002,"glmnet",16,0.154141316744357,1.89685684185379,1.01458610764517,0.882270734208621,1.28129551654199e-05,8.31178197456986e-05,1.48769885299771e-17,27
"gaussian","tall",74002,"glmnet",17,0.14102824776554,1.81826323226786,0.934191404890052,0.884071827377809,2.79922863026527e-05,0.000198459615048699,5.14518982974721e-17,29
"gaussian","tall",74002,"glmnet",18,0.129030730292802,1.73994956801062,0.864330014007301,0.875619554003319,9.40808946614524e-06,7.29082406768253e-05,2.4980018054066e-18,29
"gaussian","tall",74002,"glmnet",19,0.118053862426007,1.66286046596343,0.805847458356166,0.857013007607267,8.60762161557227e-06,7.29073482208213e-05,4.23480694955458e-17,29
"gaussian","tall",74002,"glmnet",20,0.108010815734149,1.5877034307308,0.754787149877121,0.832916280853679,9.6884409075404e-06,8.96907580790352e-05,9.74090599847877e-18,30
"gaussian","tall",74002,"glmnet",21,0.0988221484313438,1.51492433205074,0.711544354074928,0.803379977975812,7.30860539897848e-06,7.39516902967634e-05,2.11428097252053e-17,30
"gaussian","tall",74002,"glmnet",22,0.090415176982123,1.44497084539418,0.675344769621162,0.769626075773015,6.68734309534902e-06,7.39571468168008e-05,2.56981935731204e-17,30
"gaussian","tall",74002,"glmnet",23,0.0827234011653582,1.37815090615111,0.645042324673891,0.733108581477223,6.11843940258316e-06,7.39571489332215e-05,1.0547118733939e-18,30
"gaussian","tall",74002,"glmnet",24,0.075685978048993,1.31465692917829,0.619676337904178,0.694980591274117,5.59793315803303e-06,7.395714893495e-05,1.45924938799169e-17,30
"gaussian","tall",74002,"glmnet",25,0.0692472407146565,1.25459018772973,0.598442629339706,0.656147558390025,5.12170728166061e-06,7.39571489338554e-05,3.80181996995077e-17,30
"gaussian","tall",74002,"glmnet",26,0.0633562579252074,1.19798074952017,0.58068191093017,0.617298838589998,2.31127350955873e-05,0.000364672839991826,9.93649607039515e-18,30
"gaussian","tall",74002,"glmnet",27,0.0579664312521237,1.14480264999044,0.565712161386863,0.579090488603581,1.74895699439626e-06,3.01711190711702e-05,4.44089209850063e-17,31
"gaussian","tall",74002,"glmnet",28,0.0530351264759643,1.09497591164505,0.553060951028142,0.541914960616913,1.94924309715738e-05,0.000367403090874442,3.88578058618805e-19,31
"gaussian","tall",74002,"glmnet",29,0.0485233363442307,1.04839995643653,0.542327136647795,0.506072819788732,1.69559626075205e-06,3.49427965988599e-05,3.15164561115466e-17,32
"gaussian","tall",74002,"glmnet",30,0.0443953720190036,1.00494265452601,0.533222700736329,0.471719953789677,1.61997200585143e-05,0.000364763493480818,6.32827124036339e-18,32
"gaussian","tall",74002,"glmnet",31,0.0406185807736625,0.964473128725733,0.525594066960191,0.438879061765542,1.48379579511526e-05,0.000365166368332389,7.105427357601e-18,32
"gaussian","tall",74002,"glmnet",32,0.0371630877056354,0.926851794256173,0.519156938227477,0.407694856028696,1.80543711200687e-06,4.85791013866857e-05,6.16867668057353e-17,33
"gaussian","tall",74002,"glmnet",33,0.0340015594220925,0.891926489518317,0.513690031239373,0.378236458278944,2.49844610965277e-06,7.34755623253178e-05,2.05391259555654e-18,34
"gaussian","tall",74002,"glmnet",34,0.0311089878293073,0.859541691178764,0.509014284124556,0.350527407054208,3.84481104746467e-06,0.000123576374157517,3.16968673530482e-17,35
"gaussian","tall",74002,"glmnet",35,0.0284624923154312,0.829547226330334,0.505063708183426,0.324483518146908,1.97266218775194e-06,6.93026266013783e-05,3.35564909192954e-17,36
"gaussian","tall",74002,"glmnet",36,0.0260411387619235,0.801789628138914,0.501588433371398,0.300201194767516,4.65238943139767e-06,0.00017862346374361,9.2148511043888e-18,39
"gaussian","tall",74002,"glmnet",37,0.0238257739519914,0.776119746566042,0.498636783882697,0.277482962683345,9.22804821204895e-06,0.000387163727192898,1.90403248723214e-17,39
"gaussian","tall",74002,"glmnet",38,0.0217988740661916,0.752402170883852,0.496117989856357,0.256284181027496,2.41099691382016e-06,0.000110592712791739,1.02695629777827e-17,41
"gaussian","tall",74002,"glmnet",39,0.0199444060667739,0.730500378582306,0.49384611959796,0.236654258984346,6.5483457606895e-06,0.000328248903919016,2.76167977375508e-17,48
"gaussian","tall",74002,"glmnet",40,0.0182477008742985,0.71027419329939,0.491710367758514,0.218563825540876,4.7717530225512e-06,0.000261431790632835,2.59237076249974e-17,54
"gaussian","tall",74002,"glmnet",41,0.0166953373333386,0.691595464831025,0.489783311896008,0.201812152935016,0.000122204911809417,0.00729552755036692,4.59077220682502e-17,57
"gaussian","tall",74002,"glmnet",42,0.0152750360494215,0.674351661107277,0.488087585347072,0.186264075760205,3.89088794852839e-06,0.000254657147355804,4.27990975992998e-17,58
"gaussian","tall",74002,"glmnet",43,0.0139755622574454,0.658441920507919,0.486642804693958,0.171799115813961,3.64149602184033e-06,0.000260493808235476,2.43138842392909e-17,59
"gaussian","tall",74002,"glmnet",44,0.0127866369532482,0.643772173162278,0.485414521878661,0.158357651283617,3.83804116432448e-06,0.000300070260565078,7.04991620636974e-18,61
"gaussian","tall",74002,"glmnet",45,0.011698855585368,0.630253656584483,0.48434625107093,0.145907405513553,3.8877152871656e-06,0.000332231349929652,2.24820162486594e-17,69
"gaussian","tall",74003,"picasso",1,0.560637880809334,2.50547756520319,2.50547756520319,0,1.02473585172902e-16,1.82780344818962e-16,1.02473585172902e-16,0
"gaussian","tall",74003,"picasso",2,0.512943444570779,2.50434018557913,2.47987563716806,0.0244645484110658,8.03801469828613e-17,1.56703722084063e-16,8.03801469828613e-17,1
"gaussian","tall",74003,"picasso",3,0.469306456688781,2.50130620636092,2.45792575747886,0.0433804488820606,2.50485960306968e-08,5.33736446061888e-08,4.66016114586409e-17,2
"gaussian","tall",74003,"picasso",4,0.429381742999131,2.49597547692972,2.41482750001957,0.0811479769101526,6.87300336077445e-06,1.60064871415561e-05,5.77871084317394e-17,3
"gaussian","tall",74003,"picasso",5,0.392853493902034,2.48581798041884,2.33228302146048,0.153534958958351,3.59006330136191e-06,9.1383443188177e-06,6.8889338677991e-17,6
"gaussian","tall",74003,"picasso",6,0.359432766267727,2.4681882909975,2.21739376405119,0.250794526946315,2.46296548764291e-05,6.85189820985968e-05,6.0729199446996e-17,9
"gaussian","tall",74003,"picasso",7,0.328855197859299,2.44094097251927,2.07806554397304,0.362875428546223,4.32142234388921e-05,0.000131390793787174,3.22242232897452e-17,11
"gaussian","tall",74003,"picasso",8,0.300878916193537,2.40413669628538,1.94452900000847,0.459607696276906,3.99907734268679e-05,0.000132895516037675,5.08482145278322e-17,11
"gaussian","tall",74003,"picasso",9,0.275282625298598,2.35880223428461,1.79519030340893,0.563611930875679,2.71155303872006e-05,9.84937285026012e-05,2.67563748934663e-17,17
"gaussian","tall",74003,"picasso",10,0.251863855234519,2.30438006855122,1.64737476420477,0.657005304346453,2.42666124042334e-05,9.63393371706948e-05,5.98965321785272e-17,19
"gaussian","tall",74003,"picasso",11,0.230437360530062,2.24205385666979,1.5016391522253,0.740414704444491,4.02648336344236e-05,0.000174701702913179,8.97476537531361e-17,22
"gaussian","tall",74003,"picasso",12,0.210833654867298,2.17312267382746,1.3635414606629,0.809581213164568,3.47732598406092e-05,0.000164905008063338,1.07289177542214e-16,25
"gaussian","tall",74003,"picasso",13,0.192897670423126,2.09852742426755,1.23451897860025,0.864008445667293,4.23278255360371e-05,0.000219392796424956,4.00859900828721e-17,26
"gaussian","tall",74003,"picasso",14,0.176487531262925,2.02021242999398,1.12624362710058,0.893968802893401,3.8773041885376e-05,0.000219654047375062,9.60464346944079e-17,26
"gaussian","tall",74003,"picasso",15,0.161473431083736,1.93987684369764,1.02966875135992,0.910208092337717,4.54219720894822e-05,0.000281253001453571,1.0994677390741e-16,27
"gaussian","tall",74003,"picasso",16,0.147736606429779,1.85883812293293,0.948039668427038,0.910798454505891,4.28578867402996e-05,0.000290048613753956,1.0245276849119e-16,28
"gaussian","tall",74003,"picasso",17,0.135168397258301,1.77822137608742,0.877526440440398,0.900694935647025,4.07585163582913e-05,0.000301482164306669,1.52738932612806e-16,28
"gaussian","tall",74003,"picasso",18,0.123669387424722,1.69885252356449,0.814919263077867,0.88393326048662,4.3426186288123e-05,0.000351080243285194,1.29257715641984e-16,30
"gaussian","tall",74003,"picasso",19,0.11314861828819,1.6212810158221,0.761501902007395,0.859779113814703,4.15057028091415e-05,0.000366756146036513,4.77257122710739e-17,30
"gaussian","tall",74003,"picasso",20,0.103522869217085,1.5461510208564,0.716786273333025,0.829364747523373,3.7974941365107e-05,0.000366758081152265,1.30367938666609e-16,30
"gaussian","tall",74003,"picasso",21,0.0947159993031597,1.47393213908753,0.679355101059569,0.794577038027961,3.4744347154822e-05,0.000366758079792378,1.00169872396805e-16,30
"gaussian","tall",74003,"picasso",22,0.0866583450772016,1.40494368393565,0.648021701318507,0.756921982617144,3.17885853220873e-05,0.000366758079791233,8.451572774959e-17,30
"gaussian","tall",74003,"picasso",23,0.0792861694620671,1.33938544181944,0.621792708751571,0.717592733067868,2.90842752716097e-05,0.000366758079791391,1.04222186436687e-16,30
"gaussian","tall",74003,"picasso",24,0.0725411576042367,1.27736292754225,0.599873496749036,0.677489430793217,0.000124957938229434,0.00171997603209173,1.15046860926782e-16,30
"gaussian","tall",74003,"picasso",25,0.0663699555958536,1.21890783392927,0.581488130581931,0.63741970334734,0.000114581223101345,0.00172380370702321,1.15657483590326e-16,30
"gaussian","tall",74003,"picasso",26,0.060723748438477,1.16399510873326,0.56609787348482,0.597897235248444,0.000104833294720122,0.0017237987181117,8.99558205702533e-17,30
"gaussian","tall",74003,"picasso",27,0.0555578739101913,1.1125564352573,0.553214785862069,0.559341649395233,9.59149433822151e-05,0.00172379869557781,8.1074036373252e-17,30
"gaussian","tall",74003,"picasso",28,0.0508314692817098,1.06449134510251,0.542430433947336,0.522060911155177,8.7755292903717e-05,0.00172379869554485,1.26537669231652e-16,30
"gaussian","tall",74003,"picasso",29,0.0465071480869508,1.0196761379181,0.533402920541567,0.486273217376532,8.02897980357181e-05,0.001723798695545,1.34531275008953e-16,30
"gaussian","tall",74003,"picasso",30,0.0425507043913018,0.977966916841281,0.525704008601545,0.452262908239736,7.10565025181381e-05,0.00166722116207163,1.0083600621158e-16,31
"gaussian","tall",74003,"picasso",31,0.0389308422182948,0.939201254738852,0.519158138568161,0.420043116170691,6.58168883612142e-05,0.00168775710199186,1.00169872396805e-16,32
"gaussian","tall",74003,"picasso",32,0.0356189279944231,0.903215324082288,0.513484712335713,0.389730611746575,6.10492189852263e-05,0.00171119091074417,9.26203558293537e-17,33
"gaussian","tall",74003,"picasso",33,0.0325887640539072,0.869845066578506,0.508605113590407,0.361239952988099,5.26943251107984e-05,0.0016144547222567,1.17988951942039e-16,36
"gaussian","tall",74003,"picasso",34,0.0298163814118021,0.838925362028277,0.504356831886112,0.334568530142165,4.86535437964931e-05,0.0016292925613082,1.07580611086178e-16,38
"gaussian","tall",74003,"picasso",35,0.027279850166256,0.810288685596675,0.500368911728001,0.309919773868674,4.13676778150025e-05,0.00151412276169745,1.13575815419154e-16,46
"gaussian","tall",74003,"picasso",36,0.0249591060301774,0.783759568302044,0.496666278829558,0.287093289472486,3.8003506657721e-05,0.00152031604300969,1.32116539930394e-16,48
"gaussian","tall",74003,"picasso",37,0.0228357916201536,0.759194182489802,0.493473398077967,0.265720784411835,3.52920488807702e-05,0.0015430859941522,1.2756462552943e-16,49
"gaussian","tall",74003,"picasso",38,0.0208931112471969,0.736468178105909,0.490753689183105,0.245714488922804,3.51192607900598e-05,0.00167808075205675,1.11466391672366e-16,50
"gaussian","tall",74003,"picasso",39,0.0191156980606924,0.715460907390514,0.488407557527466,0.227053349863048,3.69663973828101e-05,0.00193009163104845,7.4718009557273e-17,54
"gaussian","tall",74003,"picasso",40,0.0174894924946414,0.696054513675974,0.486361847436861,0.209692666239113,3.21954545722224e-05,0.00183746307236725,8.95949980872501e-17,56
"gaussian","tall",74003,"picasso",41,0.0160016310546934,0.678137985784143,0.484617549541823,0.19352043624232,2.7582339070735e-05,0.00172075437472592,6.98330282489223e-17,57
"gaussian","tall",74003,"picasso",42,0.0146403445662578,0.661608468575052,0.483137179049666,0.178471289525386,0.000162992181399077,0.011010502846588,6.83897383169096e-17,60
"gaussian","tall",74003,"picasso",43,0.0133948650788249,0.646366130614179,0.481839930368407,0.164526200245772,0.000156140465616485,0.0115224265169409,1.12354570092066e-16,62
"gaussian","tall",74003,"picasso",44,0.0122553406900986,0.632319177172581,0.480731438005948,0.151587739166633,0.000146938043808923,0.0118476650107208,9.76996261670138e-17,65
"gaussian","tall",74003,"picasso",45,0.0112127576161867,0.619378997640773,0.479760402476396,0.139618595164377,0.0001222856891015,0.0107882860089691,1.31450406115619e-16,68
"gaussian","tall",74003,"glmnet",1,0.560637880809334,2.50547756520319,2.50547756520319,0,8.38218383591993e-18,1.49511549662314e-17,8.38218383591993e-18,0
"gaussian","tall",74003,"glmnet",2,0.512943444570779,2.50434018557913,2.47987563716806,0.0244645484110657,2.22044604925031e-16,4.32883210176969e-16,1.80688797257744e-16,1
"gaussian","tall",74003,"glmnet",3,0.469306456688781,2.50130620636092,2.45792576890456,0.0433804374563557,1.97107885568926e-11,4.19998239443863e-11,5.48033840530593e-17,2
"gaussian","tall",74003,"glmnet",4,0.429381742999131,2.49597547690371,2.4148236894606,0.081151787443115,2.19223118397283e-06,5.10552678873966e-06,8.59173843181793e-17,3
"gaussian","tall",74003,"glmnet",5,0.392853493902034,2.48581798041487,2.33227987157675,0.153538108838113,2.28457241541191e-06,5.81532691488458e-06,7.83539899629204e-17,6
"gaussian","tall",74003,"glmnet",6,0.359432766267727,2.46818829050268,2.21738571769778,0.250802572804902,4.57742374815329e-06,1.27349698869418e-05,1.0769163338864e-16,9
"gaussian","tall",74003,"glmnet",7,0.328855197859299,2.44094097090224,2.07805459419156,0.36288637671068,5.15923885457958e-06,1.56882358825625e-05,1.54071200242356e-16,11
"gaussian","tall",74003,"glmnet",8,0.300878916193537,2.40413669471954,1.94451824828395,0.459618446435585,6.55496949397705e-06,2.17855965880962e-05,5.54001289287953e-17,11
"gaussian","tall",74003,"glmnet",9,0.275282625298598,2.35880223331722,1.79518684159836,0.563615391718862,4.58630663896509e-06,1.66600788035947e-05,8.42104164178181e-17,17
"gaussian","tall",74003,"glmnet",10,0.251863855234519,2.30438006763353,1.64737607229315,0.657003995340373,7.76823568726659e-06,3.08422375300366e-05,1.26371135777958e-16,19
"gaussian","tall",74003,"glmnet",11,0.230437360530062,2.24205385428446,1.50161839366563,0.740435460618823,4.56129175677167e-06,1.97936717447554e-05,1.49547041417009e-16,22
"gaussian","tall",74003,"glmnet",12,0.210833654867298,2.17312267126048,1.36352788977274,0.809594781487739,1.2219530660218e-05,5.79548008473449e-05,8.85819195772797e-17,25
"gaussian","tall",74003,"glmnet",13,0.192897670423126,2.09852742107732,1.23447414012057,0.864053280956746,2.12896922748285e-05,0.000110361984223936,1.02397257339959e-16,26
"gaussian","tall",74003,"glmnet",14,0.176487531262925,2.02021242672858,1.12622875603254,0.893983670696042,8.90174027778912e-06,5.04358083974853e-05,1.21741158820576e-16,26
"gaussian","tall",74003,"glmnet",15,0.161473431083736,1.93987684031634,1.02965251657338,0.910224323742958,2.57065338113427e-06,1.59197922147068e-05,7.93410476207512e-17,27
"gaussian","tall",74003,"glmnet",16,0.147736606429779,1.85883812008357,0.948026296078187,0.910811824005379,7.33564275184895e-06,4.96510560700196e-05,9.72416591693559e-17,28
"gaussian","tall",74003,"glmnet",17,0.135168397258301,1.77822137369715,0.87752066351234,0.900700710184812,7.21562487629446e-06,5.33796349977003e-05,6.26582119522823e-17,28
"gaussian","tall",74003,"glmnet",18,0.123669387424722,1.69885252102429,0.814914538462604,0.883937982561684,8.97812404226928e-06,7.25925185252336e-05,1.05665476368699e-16,30
"gaussian","tall",74003,"glmnet",19,0.11314861828819,1.62128101342751,0.761496981292787,0.859784032134726,7.43500941517705e-06,6.57067296074489e-05,7.67025332137905e-17,30
"gaussian","tall",74003,"glmnet",20,0.103522869217085,1.5461510188519,0.716782154782422,0.829368864069473,6.8010524503781e-06,6.56927442954542e-05,6.2824745405976e-17,30
"gaussian","tall",74003,"glmnet",21,0.0947159993031597,1.47393213740957,0.679351653446654,0.794580483962918,6.22247521855912e-06,6.56927452241839e-05,6.57529586334249e-17,30
"gaussian","tall",74003,"glmnet",22,0.0866583450772016,1.40494368253104,0.648018815343341,0.756924867187702,5.69311846665421e-06,6.56927452237204e-05,8.10462807976364e-18,30
"gaussian","tall",74003,"glmnet",23,0.0792861694620671,1.33938544064365,0.621790292919845,0.717595147723806,5.20879501127169e-06,6.56927452249456e-05,5.05151476204446e-17,30
"gaussian","tall",74003,"glmnet",24,0.0725411576042367,1.27736288753044,0.599842662475754,0.677520225054685,2.58010977711304e-05,0.000355579246716042,4.01900734914307e-17,30
"gaussian","tall",74003,"glmnet",25,0.0663699555958536,1.21890780037799,0.581462335312109,0.637445465065883,2.35998949548594e-05,0.000355484895067154,3.95239396766556e-17,30
"gaussian","tall",74003,"glmnet",26,0.060723748438477,1.16399508064789,0.566076280575032,0.597918800072857,2.15922008180852e-05,0.000355484727511114,4.81559236931162e-17,30
"gaussian","tall",74003,"glmnet",27,0.0555578739101913,1.11255641174721,0.55319671057272,0.55935970117449,1.97553148546942e-05,0.000355484727233895,5.79258863098175e-17,30
"gaussian","tall",74003,"glmnet",28,0.0508314692817098,1.06449132542236,0.542415303235895,0.522076022186469,1.80746959794753e-05,0.000355484727235961,9.33975119465913e-17,30
"gaussian","tall",74003,"glmnet",29,0.0465071480869508,1.01967612144397,0.53339025471784,0.48628586672613,1.65370502647477e-05,0.000355484727235344,1.2731482534889e-16,30
"gaussian","tall",74003,"glmnet",30,0.0425507043913018,0.977966902391331,0.525690363200051,0.45227653919128,5.52345065266829e-06,0.000129791829134417,8.20732370954147e-17,31
"gaussian","tall",74003,"glmnet",31,0.0389308422182948,0.939201242403183,0.51914580183521,0.420055440567972,1.58520083349406e-06,4.0717471858177e-05,1.23095977855314e-16,32
"gaussian","tall",74003,"glmnet",32,0.0356189279944231,0.903215313850748,0.51347494995613,0.389740363894618,3.65634866083403e-06,0.000102641308267234,1.39416256317304e-16,33
"gaussian","tall",74003,"glmnet",33,0.0325887640539072,0.869845058225388,0.508596444059218,0.36124861416617,2.00165580657719e-06,6.14178821205353e-05,1.31145094783847e-16,36
"gaussian","tall",74003,"glmnet",34,0.0298163814118021,0.838925357851578,0.504352407494688,0.33457295035689,3.40029269867495e-05,0.00113911186538944,1.30340183090993e-16,38
"gaussian","tall",74003,"glmnet",35,0.027279850166256,0.810288680453917,0.500363014532392,0.309925665921525,8.98688313027279e-06,0.00032934019434348,6.81676937119846e-17,46
"gaussian","tall",74003,"glmnet",36,0.0249591060301774,0.783759563014721,0.496660699881132,0.287098863133589,2.33207961439913e-06,9.3427293897955e-05,1.29229960066368e-16,48
"gaussian","tall",74003,"glmnet",37,0.0228357916201536,0.759194177499525,0.493467960254622,0.265726217244903,1.59307629691435e-06,6.97573876382593e-05,1.24567023362943e-16,49
"gaussian","tall",74003,"glmnet",38,0.0208931112471969,0.736468173904225,0.490749076742258,0.245719097161966,1.82872305367135e-06,8.75198998549417e-05,1.23678844943242e-16,50
"gaussian","tall",74003,"glmnet",39,0.0191156980606924,0.715460903553612,0.488403462847121,0.227057440706491,2.92895263460935e-06,0.000153198900348214,1.11355369369903e-16,54
"gaussian","tall",74003,"glmnet",40,0.0174894924946414,0.696054510403658,0.486358521044949,0.209695989358709,2.43793836000178e-06,0.000139375031780495,1.31006316905768e-16,56
"gaussian","tall",74003,"glmnet",41,0.0160016310546934,0.678137984781142,0.484613405861734,0.193524578919408,1.92999952264641e-05,0.00120467375874267,1.0724754417879e-16,57
"gaussian","tall",74003,"glmnet",42,0.0146403445662578,0.661608384991032,0.483112968316797,0.178495416674236,2.84460503225704e-06,0.000194261304623059,1.2134737659153e-16,60
"gaussian","tall",74003,"glmnet",43,0.0133948650788249,0.646366057176613,0.481819567532262,0.164546489644351,2.19227624747784e-06,0.000163643321422386,9.9031893796564e-17,62
"gaussian","tall",74003,"glmnet",44,0.0122553406900986,0.632319117745181,0.480714654698949,0.151604463046232,3.34424568257906e-06,0.000272812103438526,1.07025499573865e-16,65
"gaussian","tall",74003,"glmnet",45,0.0112127576161867,0.619378944996196,0.479746595137784,0.139632349858412,4.85839719018694e-06,0.000433104251776256,1.4033219031262e-16,68
"gaussian","wide",74001,"picasso",1,0.50592423691841,2.31421213630584,2.31421213630584,0,8.43769498715119e-17,1.66777836905883e-16,8.43769498715119e-17,0
"gaussian","wide",74001,"picasso",2,0.462884385197347,2.31328591899876,2.29332812121535,0.0199577977834042,4.48269199537776e-12,9.68425839947743e-12,4.25056815142203e-17,2
"gaussian","wide",74001,"picasso",3,0.423506008260442,2.30983452163482,2.24867980125793,0.061154720376887,2.45382954561224e-05,5.79374868133244e-05,4.75809867696496e-17,5
"gaussian","wide",74001,"picasso",4,0.387477618101605,2.30199437648247,2.18788644471778,0.114107931764687,1.50135562725362e-05,3.87453980951872e-05,2.28388736494318e-17,6
"gaussian","wide",74001,"picasso",5,0.354514225539304,2.28933507528315,2.11473603856165,0.1745990367215,4.00859334801495e-05,0.000113060064940788,9.18313044654237e-17,9
"gaussian","wide",74001,"picasso",6,0.324355085915638,2.27060579611109,2.02412561600215,0.246480180108938,3.21560805077725e-05,9.91286843153793e-05,7.42263393606533e-17,13
"gaussian","wide",74001,"picasso",7,0.296761636572683,2.24530110019524,1.91684605651201,0.328455043683237,0.000131868049871586,0.000444159430295494,1.39570894524305e-17,17
"gaussian","wide",74001,"picasso",8,0.271515609791309,2.21234852706953,1.80311428631029,0.409234240759238,0.000159781889060295,0.000588135303944943,6.85166209482954e-17,20
"gaussian","wide",74001,"picasso",9,0.248417306265565,2.17238539646858,1.68075234359719,0.491633052871385,0.000133018355668174,0.000535176752920686,1.64947420801452e-17,26
"gaussian","wide",74001,"picasso",10,0.227284015455581,2.12517994683479,1.55588333877047,0.569296608064317,0.000216560889247458,0.000951913585129607,5.26562920250789e-17,35
"gaussian","wide",74001,"picasso",11,0.207948570323797,2.07086038544589,1.41734668541496,0.653513700030928,0.000245533193168584,0.00117934748881385,2.47421131202178e-17,48
"gaussian","wide",74001,"picasso",12,0.190258025022274,2.00928982871308,1.2803046648124,0.728985163900685,0.000306977774347711,0.00161088221784001,8.88178419700125e-17,61
"gaussian","wide",74001,"picasso",13,0.174072445071454,1.94158448231698,1.15110707808978,0.790477404227196,0.000324541001837098,0.00186093239994818,3.80647894157197e-18,72
"gaussian","wide",74001,"picasso",14,0.159263800460489,1.86913956005451,1.03254092369709,0.836598636357414,0.000287683741816286,0.0018030778168852,3.7430376258791e-17,83
"gaussian","wide",74001,"picasso",15,0.145714952913464,1.79323654990356,0.924646927402847,0.868589622500715,0.000289065766186425,0.00197984801240758,8.88178419700125e-17,93
"gaussian","wide",74001,"picasso",16,0.133318729310624,1.71510077924687,0.82856132165367,0.886539457593201,0.00036160029159818,0.00270496259752018,6.34413156928661e-18,100
"gaussian","wide",74001,"picasso",17,0.121977073935265,1.63593832627537,0.743211612029454,0.892726714245919,0.000363306112498157,0.00296963367578487,4.56777472988636e-17,114
"gaussian","wide",74001,"picasso",18,0.111600272840461,1.5563945874696,0.660808909286759,0.89558567818284,0.000388716541372902,0.00347102463839143,1.77635683940025e-17,127
"gaussian","wide",74001,"picasso",19,0.102106244200244,1.47684841561093,0.583918376522531,0.8929300390884,0.000381464720882185,0.00372205335544928,1.09436269570194e-16,146
"gaussian","wide",74001,"picasso",20,0.0934198890318474,1.39774770375782,0.512796354144826,0.884951349612994,0.000330291053493775,0.00352309780304539,7.35919262037247e-17,164
"gaussian","wide",74001,"picasso",21,0.0854724971531355,1.31962931352975,0.448642523465616,0.870986790064131,0.000468894398637301,0.00545597866372492,4.72637801911852e-17,183
"gaussian","wide",74001,"picasso",22,0.0782012036762564,1.2429641538803,0.390698481328341,0.852265672551961,0.00056367278127005,0.00715639770696533,1.12608335354837e-16,193
"gaussian","wide",74001,"picasso",23,0.0715484917383274,1.16815296926485,0.338986530680729,0.829166438584119,0.000490440203126372,0.00680798826285978,3.3623897317219e-17,202
"gaussian","wide",74001,"picasso",24,0.065461737535682,1.09561125839943,0.294240132108385,0.801371126291041,0.000496554364967455,0.00752835901447678,2.37904933848248e-17,213
"gaussian","wide",74001,"picasso",25,0.0598927940628409,1.02569093378576,0.255268532615219,0.770422401170546,0.000453708439985968,0.00751838832689127,4.69465736127209e-17,220
"gaussian","wide",74001,"picasso",26,0.0547976102635312,0.958583792784356,0.220520074535291,0.738063718249065,0.000477422327384174,0.00863721476055067,6.28069025359374e-17,234
"gaussian","wide",74001,"picasso",27,0.0501358825811879,0.894424657616372,0.190370688711382,0.704053968904989,0.000480376458292193,0.00949055634312101,5.21804821573824e-17,241
"gaussian","wide",74001,"picasso",28,0.0458707361526586,0.833344131058884,0.164056897274374,0.66928723378451,0.00051293344107093,0.0110584920417826,4.13954584895951e-17,256
"gaussian","wide",74001,"picasso",29,0.0419684331233124,0.775346216832635,0.140705615049662,0.634640601782973,0.000465894333550029,0.0109791850483231,8.56457761853692e-17,268
"gaussian","wide",74001,"picasso",30,0.038398105776287,0.720402574106428,0.120159221733584,0.600243352372843,0.000471074260104419,0.0121194802582245,1.19904086659517e-16,277
"gaussian","wide",74001,"picasso",31,0.0351315123648953,0.668503903921816,0.102446785553185,0.566057118368631,0.000440133839957627,0.0123736066747471,1.46073629382824e-16,284
"gaussian","wide",74001,"picasso",32,0.03214281371679,0.619642801067813,0.0873449307921578,0.532297870275655,0.000487712976539677,0.0149630572149639,3.47341203418442e-17,293
"gaussian","wide",74001,"picasso",33,0.0294083688428009,0.573741753589186,0.0742572078538949,0.499484545735292,0.000424631893340025,0.0142336299688958,9.10382880192628e-17,301
"gaussian","wide",74001,"picasso",34,0.026906547933682,0.530714035404571,0.0629991773961526,0.467714858008418,0.000406175597367827,0.0148860485151182,7.8667231459154e-17,304
"gaussian","wide",74001,"picasso",35,0.0246175612655496,0.490469449109563,0.0535094872133774,0.436959961896185,0.000498212406815492,0.0198804145551175,2.38697950294409e-17,306
"gaussian","wide",74001,"picasso",36,0.0225233026606306,0.452889330357746,0.0453220453971796,0.407567284960566,0.000500001685387465,0.0218813837466335,8.47734580945923e-17,313
"gaussian","wide",74001,"picasso",37,0.0206072062650778,0.417875279517431,0.0383824349619703,0.379492844555461,0.000521265991916906,0.0248276088230108,2.29181752940479e-17,323
"gaussian","wide",74001,"picasso",38,0.0188541155109431,0.385302647218469,0.0325078195845313,0.352794827633938,0.000567829464719571,0.0295000134129474,7.08956702867779e-17,332
"gaussian","wide",74001,"picasso",39,0.0172501632257838,0.355024851065262,0.0273576496923344,0.327667201372928,0.000539406442757132,0.0304144119241104,9.27036225562006e-17,334
"gaussian","wide",74001,"picasso",40,0.0157826619415518,0.326929960559968,0.023044708731625,0.303885251828343,0.000566175127646833,0.0346309113761683,3.1720657846433e-19,336
"gaussian","wide",74001,"picasso",41,0.0144400035350964,0.300888068966146,0.0194015939734364,0.281486474992709,0.000527986418173232,0.0352743701606974,2.39490966740569e-17,338
"gaussian","wide",74001,"picasso",42,0.0132115674064228,0.276793007591097,0.0164218073687282,0.260371200222369,0.000586593290959227,0.0425124263895929,1.13877161668695e-16,342
"gaussian","wide",74001,"picasso",43,0.012087636468386,0.254501770657948,0.0138122919328292,0.240689478725119,0.00057135035216985,0.04513397164156,2.22044604925031e-18,339
"gaussian","wide",74001,"picasso",44,0.0110593202832862,0.233905663598917,0.0116283497039878,0.222277313894929,0.000527552075208113,0.0455301533395562,1.70022726056881e-16,343
"gaussian","wide",74001,"picasso",45,0.0101184847383682,0.214897603880058,0.00981668064229208,0.205080923237766,0.000544059826247676,0.0510253272988103,6.97854472621527e-18,354
"gaussian","wide",74001,"glmnet",1,0.50592423691841,2.31421213630584,2.31421213630584,0,8.43769498715119e-17,1.66777836905883e-16,8.43769498715119e-17,0
"gaussian","wide",74001,"glmnet",2,0.462884385197347,2.31328591899876,2.29332812121327,0.0199577977854871,1.66533453693773e-16,3.59773323575763e-16,8.88178419700125e-18,2
"gaussian","wide",74001,"glmnet",3,0.423506008260442,2.30983452131668,2.24867180284223,0.0611627184744456,5.83268760567801e-07,1.37723655837735e-06,6.34413156928661e-19,5
"gaussian","wide",74001,"glmnet",4,0.387477618101605,2.30199437636752,2.1878834375834,0.114110938784113,4.91560792681422e-06,1.26860116242017e-05,4.63121604557922e-17,6
"gaussian","wide",74001,"glmnet",5,0.354514225539304,2.28933507325573,2.1147226131278,0.174612460127923,2.41606825747698e-05,6.81468735508076e-05,1.0325074129014e-16,9
"gaussian","wide",74001,"glmnet",6,0.324355085915638,2.27060579605638,2.02415036744396,0.246455428612412,4.64120944927982e-05,0.000143069914218919,3.61615499449337e-17,13
"gaussian","wide",74001,"glmnet",7,0.296761636572683,2.24530108927316,1.91680665907221,0.328494430200951,5.8849387524873e-05,0.000198277371957386,2.79141789048611e-17,17
"gaussian","wide",74001,"glmnet",8,0.271515609791309,2.21234850182524,1.80295118934065,0.409397312484589,5.18310659328169e-05,0.000190880450233012,2.79141789048611e-17,20
"gaussian","wide",74001,"glmnet",9,0.248417306265565,2.17238539165705,1.6808204214704,0.491564970186649,9.03145715058229e-05,0.000363427774172913,1.83979815509312e-17,26
"gaussian","wide",74001,"glmnet",10,0.227284015455581,2.12517990681265,1.55574095152837,0.569438955284273,3.87125303419888e-05,0.000170304597422287,8.08876775084043e-17,35
"gaussian","wide",74001,"glmnet",11,0.207948570323797,2.07086031945469,1.41729353073781,0.653566788716885,9.45853016183495e-05,0.000454642698213307,4.06024420434343e-17,48
"gaussian","wide",74001,"glmnet",12,0.190258025022274,2.00928963614712,1.28020395609597,0.729085680051149,0.000145628003879655,0.000764838287318215,4.06024420434343e-17,61
"gaussian","wide",74001,"glmnet",13,0.174072445071454,1.94158405516666,1.1508577471638,0.790726308002861,5.64680152061736e-05,0.000324303529233252,8.08876775084043e-17,72
"gaussian","wide",74001,"glmnet",14,0.159263800460489,1.86913942496319,1.03243031878563,0.836709106177553,8.50309755121292e-05,0.000533615306405808,9.38931472254418e-17,82
"gaussian","wide",74001,"glmnet",15,0.145714952913464,1.7932363139746,0.92458852000951,0.86864779396509,8.88035503146811e-05,0.000609062156342604,7.8667231459154e-17,92
"gaussian","wide",74001,"glmnet",16,0.133318729310624,1.7151005616213,0.828411409571207,0.886689152050097,0.000141651423166744,0.00106149099993698,2.53765262771464e-17,100
"gaussian","wide",74001,"glmnet",17,0.121977073935265,1.63593775221062,0.743150707162502,0.892787045048121,0.000149580381014994,0.0012247971734951,1.00554485373193e-16,114
"gaussian","wide",74001,"glmnet",18,0.111600272840461,1.55639459729362,0.660794992405848,0.895599604887773,0.00023584506844658,0.0021088452716025,4.06024420434343e-17,126
"gaussian","wide",74001,"glmnet",19,0.102106244200244,1.47684819933844,0.583917408951124,0.89293079038732,0.000163826024965077,0.00160189608361779,4.37745078280776e-17,146
"gaussian","wide",74001,"glmnet",20,0.0934198890318474,1.39774719971561,0.51285532258745,0.884891877128158,0.000256775164683407,0.00274230721019494,5.80488038589725e-17,164
"gaussian","wide",74001,"glmnet",21,0.0854724971531355,1.31962978251216,0.44873225767262,0.870897524839537,0.00034790073758989,0.00405729817264933,1.14194368247159e-17,182
"gaussian","wide",74001,"glmnet",22,0.0782012036762564,1.24296450812324,0.390746248773153,0.852218259350089,0.000383679996575556,0.0048823638674953,3.5527136788005e-17,194
"gaussian","wide",74001,"glmnet",23,0.0715484917383274,1.16814713959455,0.338806779766755,0.829340359827798,0.000273416104699248,0.00381095838367702,2.22044604925031e-17,200
"gaussian","wide",74001,"glmnet",24,0.065461737535682,1.09560301040964,0.294173264186043,0.801429746223593,0.000250887004791492,0.00381794223782626,6.69305880559737e-17,211
"gaussian","wide",74001,"glmnet",25,0.0598927940628409,1.02568445741359,0.255285327424616,0.770399129988977,0.00032486586039019,0.00539486025867408,4.18712683572916e-17,222
"gaussian","wide",74001,"glmnet",26,0.0547976102635312,0.958576565321403,0.220423065128248,0.738153500193155,0.000276174488807283,0.00501462701445367,2.66453525910038e-17,233
"gaussian","wide",74001,"glmnet",27,0.0501358825811879,0.894417995480144,0.190356006898127,0.704061988582017,0.000439008057012913,0.00868035603187873,7.61295788314393e-17,239
"gaussian","wide",74001,"glmnet",28,0.0458707361526586,0.8333397363903,0.164087198675257,0.669252537715042,0.000362620149734191,0.00784346193515231,2.96588150864149e-17,253
"gaussian","wide",74001,"glmnet",29,0.0419684331233124,0.775330810706798,0.140609655685323,0.634721155021475,0.000402417186739328,0.00952365048151503,1.20538499816446e-17,267
"gaussian","wide",74001,"glmnet",30,0.038398105776287,0.720378875957003,0.119949136727177,0.600429739229826,0.000369598054767925,0.0095551088414702,3.1720657846433e-18,275
"gaussian","wide",74001,"glmnet",31,0.0351315123648953,0.668495772809686,0.102553683430529,0.565942089379157,0.000476926449771688,0.0134079765762579,2.93416085079506e-17,283
"gaussian","wide",74001,"glmnet",32,0.03214281371679,0.619633820787382,0.0873847063134249,0.532249114473957,0.000374226041797349,0.0115086134708348,4.64707637450244e-17,292
"gaussian","wide",74001,"glmnet",33,0.0294083688428009,0.573731613538146,0.0743017455518469,0.499429867986299,0.000365389083764125,0.0122721856161165,3.48927236310764e-18,297
"gaussian","wide",74001,"glmnet",34,0.026906547933682,0.530709860803268,0.0631354874864494,0.467574373316819,0.000368828762188533,0.0135224076389886,1.49087091878235e-17,303
"gaussian","wide",74001,"glmnet",35,0.0246175612655496,0.490454386523949,0.0534623131549905,0.436992073368958,0.000460056435209636,0.0184278208281586,1.26882631385732e-18,305
"gaussian","wide",74001,"glmnet",36,0.0225233026606306,0.452879695447496,0.0453462706971569,0.407533424750339,0.000468897454906074,0.0205290183494887,5.64627709666508e-17,312
"gaussian","wide",74001,"glmnet",37,0.0206072062650778,0.417865025399036,0.0384604137066766,0.37940461169236,0.00054627505161299,0.0260221827458128,5.07530525542929e-18,320
"gaussian","wide",74001,"glmnet",38,0.0188541155109431,0.385283285872001,0.0324930474052871,0.352790238466714,0.000414653580262849,0.0216031826333177,5.44802298512488e-17,331
"gaussian","wide",74001,"glmnet",39,0.0172501632257838,0.35500914032422,0.0273344471414095,0.327674693182811,0.000434853683682783,0.0247982823323092,5.9476233462062e-17,336
"gaussian","wide",74001,"glmnet",40,0.0157826619415518,0.326920125312128,0.0230839691057666,0.303836156206362,0.000529693332399502,0.0328488150201922,1.21172912973374e-16,341
"gaussian","wide",74001,"glmnet",41,0.0144400035350964,0.300884962808929,0.0194675462342035,0.281417416574725,0.000483868481524596,0.0326742710744168,1.26565424807268e-16,338
"gaussian","wide",74001,"glmnet",42,0.0132115674064228,0.27678762532367,0.0164645697556873,0.260323055567983,0.000480134792921723,0.0352195763741411,1.66533453693773e-17,342
"gaussian","wide",74001,"glmnet",43,0.012087636468386,0.254494319410928,0.0138318723358839,0.240662447075044,0.000421053617585421,0.0336608881258986,6.18552828005444e-17,342
"gaussian","wide",74001,"glmnet",44,0.0110593202832862,0.233896586897576,0.0116323882974454,0.22226419860013,0.000417103958109998,0.0363444178549513,5.93572809951378e-17,345
"gaussian","wide",74001,"glmnet",45,0.0101184847383682,0.214886251474658,0.00981688106800681,0.205069370406651,0.000448514820771422,0.0424448603656363,5.88021694828252e-17,350
"gaussian","wide",74002,"picasso",1,0.451386442820241,2.40980806419149,2.40980806419149,0,1.7509803131231e-16,3.87911586839663e-16,1.7509803131231e-16,0
"gaussian","wide",74002,"picasso",2,0.412986215770011,2.40843503907273,2.37333471448482,0.0351003245879092,1.13531338095108e-05,2.74895899257816e-05,2.1316282072803e-16,4
"gaussian","wide",74002,"picasso",3,0.377852762591624,2.40325500196404,2.32149864918033,0.0817563527837067,2.60557989978372e-06,6.89570698013992e-06,1.90323947078598e-17,5
"gaussian","wide",74002,"picasso",4,0.34570817316971,2.39236763691671,2.22154116376777,0.170826473148936,0.000167387108619799,0.000483951825000588,1.43377373465877e-16,10
"gaussian","wide",74002,"picasso",5,0.316298179684098,2.37270583364826,2.10333008311026,0.269375750537999,0.00024679715209458,0.000779659037907571,1.26882631385732e-18,16
"gaussian","wide",74002,"picasso",6,0.289390145318784,2.34458518143828,1.98384333714196,0.360741844296315,0.000184519469885402,0.0006372086108433,1.45915026093592e-16,21
"gaussian","wide",74002,"picasso",7,0.264771224074918,2.30827775397419,1.85010896326745,0.458168790706744,0.000190237932219672,0.000717983403241289,1.73829204998453e-16,30
"gaussian","wide",74002,"picasso",8,0.242246677131684,2.26253863122032,1.69153132917591,0.571007302044417,0.000194334939814828,0.000801576177868437,1.90323947078598e-16,40
"gaussian","wide",74002,"picasso",9,0.22163833243728,2.20692278680131,1.52914906636366,0.677773720437646,0.000224668936018746,0.00101264714994424,1.90323947078598e-17,51
"gaussian","wide",74002,"picasso",10,0.202783175345167,2.14265423773874,1.37859171068911,0.76406252704963,0.000266102956651387,0.00131053387077715,8.50113630284406e-17,60
"gaussian","wide",74002,"picasso",11,0.185532059147328,2.07150040550642,1.2385538632442,0.832946542262221,0.000408403754240255,0.00219642216582225,6.34413156928661e-17,73
"gaussian","wide",74002,"picasso",12,0.169748525304706,1.99463107486352,1.10141671362893,0.893214361234587,0.000251377802750002,0.00147869380014357,1.90323947078598e-17,90
"gaussian","wide",74002,"picasso",13,0.155307724042675,1.91315341202713,0.97721101107816,0.935942400948975,0.000368390292197762,0.00236638930623181,9.89684524808711e-17,97
"gaussian","wide",74002,"picasso",14,0.14209542677333,1.82858256512264,0.864890458938917,0.963692106183727,0.000450717536154915,0.00316190619071641,1.39570894524305e-17,111
"gaussian","wide",74002,"picasso",15,0.130007122532726,1.74205947555619,0.762572408349389,0.979487067206801,0.00051650472440512,0.00395717415504864,6.97854472621527e-17,122
"gaussian","wide",74002,"picasso",16,0.118947191285761,1.65475199812036,0.67283739952396,0.9819145985964,0.000401066731315583,0.00336047411147129,6.34413156928661e-17,131
"gaussian","wide",74002,"picasso",17,0.108828147559454,1.56766018209474,0.591976474467066,0.97568370762767,0.000436494228505085,0.00399483512106463,9.38931472254418e-17,145
"gaussian","wide",74002,"picasso",18,0.0995699484216408,1.48146080236611,0.519331905626657,0.962128896739451,0.000376670694248224,0.00376871871785349,4.06024420434343e-17,159
"gaussian","wide",74002,"picasso",19,0.0910993603311311,1.39672691456197,0.454742633910728,0.941984280651242,0.000459251885157372,0.00501593322616646,6.78822077913667e-17,165
"gaussian","wide",74002,"picasso",20,0.0833493798510145,1.31406687827446,0.397596554869942,0.916470323404518,0.000509493659462998,0.00608436363555774,1.39570894524305e-17,177
"gaussian","wide",74002,"picasso",21,0.0762587036428914,1.23380249012453,0.345523413964682,0.888279076159847,0.000590610719972476,0.00771211997062774,1.90323947078598e-17,190
"gaussian","wide",74002,"picasso",22,0.069771243549613,1.1562016782579,0.299673737901552,0.85652794035635,0.000478785541124876,0.00683371218351092,3.1720657846433e-18,200
"gaussian","wide",74002,"picasso",23,0.0638356829307732,1.08155805326372,0.259751232364911,0.821806820898805,0.000350921102098195,0.0054711561011063,3.5527136788005e-17,206
"gaussian","wide",74002,"picasso",24,0.0584050707415091,1.01010789090795,0.224804256132827,0.785303634775127,0.000457510281452966,0.00778928209476291,2.09356341786458e-17,222
"gaussian","wide",74002,"picasso",25,0.0534364501437216,0.94191756168538,0.193551432906699,0.748366128778681,0.000478567636023747,0.00891554977823635,3.29894841602904e-17,236
"gaussian","wide",74002,"picasso",26,0.048890518711983,0.877019452120747,0.165960905350528,0.711058546770219,0.00047585575226293,0.0096392687821864,9.64307998531565e-17,247
"gaussian","wide",74002,"picasso",27,0.0447313175463173,0.815423041910675,0.141844041306319,0.673579000604356,0.000661824653750434,0.0145798378714009,2.44249065417534e-17,257
"gaussian","wide",74002,"picasso",28,0.0409259468326945,0.757161001909215,0.121101429537161,0.636059572372053,0.000663232285148099,0.0159472319294602,2.34732868063605e-17,262
"gaussian","wide",74002,"picasso",29,0.0374443056012875,0.702213063474683,0.103126610444587,0.599086453030097,0.000560011554385759,0.0147354720804965,2.75969723263967e-17,271
"gaussian","wide",74002,"picasso",30,0.0342588536239443,0.650528454357533,0.0877363332570562,0.562792121100477,0.000493532568347069,0.0142204432182137,8.88178419700125e-18,278
"gaussian","wide",74002,"picasso",31,0.0313443935674558,0.602026826894501,0.0745768675100908,0.52744995938441,0.000525483246918541,0.0165283573221304,1.90323947078598e-17,287
"gaussian","wide",74002,"picasso",32,0.0286778716794216,0.556613200658273,0.0633435012672258,0.493269699391047,0.000470268805285647,0.0161703279298552,1.61775355016809e-17,287
"gaussian","wide",74002,"picasso",33,0.0262381954301159,0.514197328127814,0.053853664033519,0.460343664094295,0.000597123917255801,0.0224422921431905,2.41076999632891e-17,293
"gaussian","wide",74002,"picasso",34,0.0240060666678748,0.474630644308418,0.0456443506856405,0.428986293622777,0.000666521345799233,0.0272751982868483,1.90323947078598e-18,304
"gaussian","wide",74002,"picasso",35,0.0219638289682449,0.437769767632341,0.0385149864808517,0.399254781151489,0.00061502508795621,0.0274710582402834,5.15460690004537e-17,301
"gaussian","wide",74002,"picasso",36,0.0200953279694036,0.403508958143034,0.0325913640032691,0.370917594139765,0.000701690905078434,0.0341247589701047,4.20298716465238e-17,307
"gaussian","wide",74002,"picasso",37,0.0183857835890882,0.371691782410778,0.0275125427282337,0.344179239682544,0.000651557859321569,0.0345486348390175,1.60982338570648e-16,309
"gaussian","wide",74002,"picasso",38,0.016821673112251,0.342178657721664,0.0231755880370068,0.319003069684657,0.000539236631941477,0.0312883236633473,7.7715611723761e-17,315
"gaussian","wide",74002,"picasso",39,0.015390624224652,0.314858112025335,0.0196160174895704,0.295242094535765,0.000580846465354277,0.0367985834346091,4.48847308527028e-17,319
"gaussian","wide",74002,"picasso",40,0.0140813171462674,0.28957181086256,0.0165329083801287,0.273038902482431,0.000578634624145419,0.039939530387082,7.07370669975457e-17,326
"gaussian","wide",74002,"picasso",41,0.0128833950903799,0.266200508536078,0.0139446787250201,0.252255829811058,0.000524687207370381,0.0395015470532055,1.66533453693773e-18,328
"gaussian","wide",74002,"picasso",42,0.0117873823400692,0.244623802999132,0.011775783659125,0.232848019340007,0.00052062885062559,0.0427186523529137,2.56144312109947e-17,330
"gaussian","wide",74002,"picasso",43,0.0107846092940768,0.224718808048322,0.00996443530469671,0.214754372743625,0.000535596460432098,0.0478440135331173,1.19666181725669e-16,338
"gaussian","wide",74002,"picasso",44,0.0098671438891499,0.206363547408216,0.00841767899801052,0.197945868410206,0.000527626765157425,0.0513886753810879,2.75176706817807e-17,341
"gaussian","wide",74002,"picasso",45,0.00902772885640481,0.189455185561208,0.0071382523043155,0.182316933256892,0.000505548584164307,0.0534485441839852,3.14827529125848e-17,346
"gaussian","wide",74002,"glmnet",1,0.451386442820241,2.40980806419149,2.40980806419149,0,2.41076999632891e-17,5.34081170286493e-17,2.41076999632891e-17,0
"gaussian","wide",74002,"glmnet",2,0.412986215770011,2.40843503900664,2.37333073985392,0.0351042991527208,2.29806398299726e-07,5.56450219519874e-07,2.01743383903314e-16,4
"gaussian","wide",74002,"glmnet",3,0.377852762591624,2.40325500195797,2.32149796790664,0.0817570340513353,4.84704119230184e-07,1.28278405094878e-06,8.50113630284406e-17,5
"gaussian","wide",74002,"glmnet",4,0.34570817316971,2.39236760890622,2.2214492478288,0.170918361077419,9.00502288720961e-05,0.000260412641762767,3.04518315325757e-17,10
"gaussian","wide",74002,"glmnet",5,0.316298179684098,2.37270575569715,2.1031138087035,0.269591946993643,1.46908268173762e-05,4.64443829686793e-05,1.07850236677872e-16,16
"gaussian","wide",74002,"glmnet",6,0.289390145318784,2.34458514838709,1.98363807778811,0.360947070598978,6.06967178092832e-05,0.000209736692638161,1.0911906299173e-16,21
"gaussian","wide",74002,"glmnet",7,0.264771224074918,2.30827770848091,1.85008582544163,0.458191883039285,3.03463171939522e-05,0.000114600216112828,4.18712683572916e-17,30
"gaussian","wide",74002,"glmnet",8,0.242246677131684,2.26253855357036,1.69147872964676,0.571059823923608,6.7978614669284e-05,0.000280538601595942,3.80647894157197e-18,40
"gaussian","wide",74002,"glmnet",9,0.22163833243728,2.20692266852214,1.52905204691007,0.677870621612076,0.000154890865359414,0.000698357069043825,1.37033241896591e-16,51
"gaussian","wide",74002,"glmnet",10,0.202783175345167,2.14265407889793,1.37847093537598,0.764183143521943,0.000101854989704359,0.000502033045692145,8.37425367145832e-17,60
"gaussian","wide",74002,"glmnet",11,0.185532059147328,2.07149961429446,1.23804654622945,0.833453068065011,0.000143726801003691,0.0007740740143881,2.03012210217171e-17,73
"gaussian","wide",74002,"glmnet",12,0.169748525304706,1.99463109688026,1.10110328634288,0.893527810537375,0.000220861656580834,0.00130020673897344,3.86992025726483e-17,90
"gaussian","wide",74002,"glmnet",13,0.155307724042675,1.91315259670795,0.976806576844011,0.936346019863944,0.000200341843379304,0.00128830515792088,9.00866682838698e-17,97
"gaussian","wide",74002,"glmnet",14,0.14209542677333,1.82858128004583,0.864657719561176,0.963923560484653,0.00017951281348319,0.0012617317849828,1.22441739287232e-16,110
"gaussian","wide",74002,"glmnet",15,0.130007122532726,1.74205784222725,0.762368955408596,0.979688886818658,0.000207713139196541,0.0015953933701298,4.56777472988636e-17,121
"gaussian","wide",74002,"glmnet",16,0.118947191285761,1.65475106083915,0.672690125760083,0.982060935079071,0.000121291203103155,0.00101866758161211,2.28388736494318e-17,131
"gaussian","wide",74002,"glmnet",17,0.108828147559454,1.56765945738136,0.591965407322881,0.97569405005848,0.000223515882569067,0.00204963294932129,3.04518315325757e-17,146
"gaussian","wide",74002,"glmnet",18,0.0995699484216408,1.48145922272569,0.519322961531044,0.962136261194646,0.000166137209341263,0.00166576829529847,1.14194368247159e-17,158
"gaussian","wide",74002,"glmnet",19,0.0910993603311311,1.39672196179049,0.454565241646256,0.942156720144234,0.000191650078580102,0.00209933133306317,5.07530525542929e-18,165
"gaussian","wide",74002,"glmnet",20,0.0833493798510145,1.31406333886361,0.397577069117562,0.916486269746049,0.000199456387281929,0.00238876605790789,2.9817418375647e-17,175
"gaussian","wide",74002,"glmnet",21,0.0762587036428914,1.23379906639564,0.345516365076906,0.888282701318738,0.000208142706465547,0.00272199935531011,1.90323947078598e-18,188
"gaussian","wide",74002,"glmnet",22,0.069771243549613,1.15619869255496,0.299715142658051,0.856483549896914,0.000379575355030942,0.00541084709997326,2.66453525910038e-17,200
"gaussian","wide",74002,"glmnet",23,0.0638356829307732,1.08155262727535,0.259753773042896,0.82179885423245,0.000234531663712373,0.00366054125457165,7.80328183022253e-17,205
"gaussian","wide",74002,"glmnet",24,0.0584050707415091,1.01010490131466,0.224789881370418,0.785315019944238,0.000440577537210655,0.00751221828427466,1.96668078647885e-17,219
"gaussian","wide",74002,"glmnet",25,0.0534364501437216,0.941913061168634,0.193590160838854,0.748322900329781,0.000274995654994968,0.00511987065150905,7.93016446160826e-17,237
"gaussian","wide",74002,"glmnet",26,0.048890518711983,0.87701281321158,0.16598227969152,0.71103053352006,0.000364078951133225,0.00739177596421341,2.69625591694681e-17,248
"gaussian","wide",74002,"glmnet",27,0.0447313175463173,0.81541606488054,0.141853518773289,0.673562546107251,0.000525333971276756,0.0116078842260905,1.31957936641161e-16,255
"gaussian","wide",74002,"glmnet",28,0.0409259468326945,0.757149468820203,0.121060586500513,0.63608888231969,0.000513602539774137,0.0123940184570482,2.95002117971827e-17,259
"gaussian","wide",74002,"glmnet",29,0.0374443056012875,0.702200812093199,0.103136522726283,0.599064289366916,0.000466534395613706,0.012306094923031,3.6478756523398e-17,271
"gaussian","wide",74002,"glmnet",30,0.0342588536239443,0.650516201680559,0.0877561484559013,0.562760053224658,0.00045014982013248,0.0129692522246501,5.07530525542929e-18,277
"gaussian","wide",74002,"glmnet",31,0.0313443935674558,0.602015638527958,0.0745999053100343,0.527415733217924,0.000382843566332045,0.0120667162008991,7.8667231459154e-17,285
"gaussian","wide",74002,"glmnet",32,0.0286778716794216,0.556609654027782,0.0634027633675475,0.493206890660234,0.000358156881133699,0.012335966110579,2.25216670709675e-17,286
"gaussian","wide",74002,"glmnet",33,0.0262381954301159,0.51418838741769,0.0538350317500991,0.460353355667591,0.000374513955081885,0.0140948569727338,3.1720657846433e-18,292
"gaussian","wide",74002,"glmnet",34,0.0240060666678748,0.474614797678524,0.0456053568193158,0.429009440859208,0.000396057975796494,0.016248370017877,1.77635683940025e-17,295
"gaussian","wide",74002,"glmnet",35,0.0219638289682449,0.437757396848709,0.0385382089756255,0.399219187873083,0.000411521146062244,0.018391718742274,1.11022302462516e-18,298
"gaussian","wide",74002,"glmnet",36,0.0200953279694036,0.40348544421224,0.0325112130046862,0.370974231207553,0.000392462087720577,0.0191559014723556,1.40363910970466e-16,300
"gaussian","wide",74002,"glmnet",37,0.0183857835890882,0.371668993348419,0.0274978689660279,0.344171124382391,0.000427697394859022,0.0227335597927868,2.24423654263514e-17,306
"gaussian","wide",74002,"glmnet",38,0.016821673112251,0.342165682398062,0.0232332159939205,0.318932466404141,0.000455816355685371,0.0263820942580388,1.07374426810176e-16,308
"gaussian","wide",74002,"glmnet",39,0.015390624224652,0.314839279537807,0.0196146627578269,0.29522461677998,0.000442998121133327,0.0279783180032234,5.55111512312579e-19,315
"gaussian","wide",74002,"glmnet",40,0.0140813171462674,0.289557146379527,0.0165586366055672,0.27299850977396,0.000435598706366587,0.030006284446951,6.69305880559737e-17,318
"gaussian","wide",74002,"glmnet",41,0.0128833950903799,0.266188342243723,0.0139703677762916,0.252217974467431,0.000424259617575834,0.0318808705881283,2.70418608140842e-17,322
"gaussian","wide",74002,"glmnet",42,0.0117873823400692,0.244616554440146,0.0118461019543453,0.232770452485801,0.000479799398285706,0.03911243906867,1.24424280402634e-16,332
"gaussian","wide",74002,"glmnet",43,0.0107846092940768,0.224709875904299,0.0100052672033998,0.214704608700899,0.00046521891994919,0.041353424345553,6.31241091144018e-17,335
"gaussian","wide",74002,"glmnet",44,0.0098671438891499,0.206353904998297,0.00844551814819348,0.197908386850104,0.000471483336228132,0.045604056123698,1.01744010042434e-16,337
"gaussian","wide",74002,"glmnet",45,0.00902772885640482,0.189444242307872,0.00716405835132276,0.182280183956549,0.00051109699115928,0.0535807026280701,7.34333229144925e-17,345
"gaussian","wide",74003,"picasso",1,0.632794138566553,2.46397237921527,2.46397237921527,0,8.18392972437972e-17,1.29330049467881e-16,8.18392972437972e-17,0
"gaussian","wide",74003,"picasso",2,0.578961244416723,2.462523388969,2.43135622958146,0.0311671593875391,1.11022302462516e-16,1.91761199101272e-16,6.85166209482954e-17,1
"gaussian","wide",74003,"picasso",3,0.529708007877363,2.45865900404504,2.40405345511788,0.0546055489271563,2.22044604925031e-16,4.19183024653157e-16,7.93016446160826e-17,1
"gaussian","wide",74003,"picasso",4,0.484644829537919,2.45299827033244,2.3811984737121,0.0717997966203427,1.11022302462516e-16,2.29079721263856e-16,3.42583104741477e-17,1
"gaussian","wide",74003,"picasso",5,0.443415253884963,2.44604019823365,2.36206671200211,0.0839734862315383,1.11022302462516e-16,2.50379980142313e-16,1.64947420801452e-17,1
"gaussian","wide",74003,"picasso",6,0.405693149693414,2.43712458837756,2.31923448493707,0.117890103440494,5.74006980835762e-09,1.41487962798494e-08,1.00237278794728e-16,3
"gaussian","wide",74003,"picasso",7,0.371180130286772,2.42488457259478,2.26185326285438,0.1630313097404,7.1849005273128e-07,1.93568729394031e-06,5.07530525542929e-17,7
"gaussian","wide",74003,"picasso",8,0.339603193260283,2.40744697640607,2.17750984893035,0.229937127475723,1.19741755623126e-05,3.52580706354188e-05,2.66453525910038e-17,11
"gaussian","wide",74003,"picasso",9,0.31071256099694,2.38359352454632,2.07084652520136,0.31274699934496,0.000115555965089165,0.000371821648257332,1.00237278794728e-16,16
"gaussian","wide",74003,"picasso",10,0.284279704894542,2.35149493606645,1.93968971991122,0.411805216155225,4.99803351953765e-05,0.000175783035651,5.32907051820075e-17,25
"gaussian","wide",74003,"picasso",11,0.260095537675169,2.31055513907139,1.80401757343011,0.506537565641279,0.000161312459441398,0.000619820225127463,7.61295788314393e-17,31
"gaussian","wide",74003,"picasso",12,0.237968759478032,2.26166682756963,1.66987993699528,0.591786890574352,0.000206018210039294,0.000865187653131807,1.08484649834801e-16,42
"gaussian","wide",74003,"picasso",13,0.217724344653068,2.20538074705565,1.529156466122,0.676224280933656,0.000234085902239056,0.00107399333736557,1.90323947078598e-18,54
"gaussian","wide",74003,"picasso",14,0.199202157285624,2.14165937896518,1.38582728330906,0.755832095656116,0.00032757124251398,0.00164171647468455,6.53445551636521e-17,66
"gaussian","wide",74003,"picasso",15,0.182255684500863,2.0709912483874,1.23801183979975,0.83297940858765,0.000404754629435955,0.00221588555991168,5.32907051820075e-17,85
"gaussian","wide",74003,"picasso",16,0.166750877528148,1.99403960512468,1.10038719166916,0.893652413455528,0.000397079441471854,0.00237561648177384,2.34732868063605e-17,91
"gaussian","wide",74003,"picasso",17,0.152565091358101,1.91250729231498,0.974837455831543,0.937669836483436,0.000325129917116085,0.00212655796037354,7.61295788314393e-18,105
"gaussian","wide",74003,"picasso",18,0.139586114604865,1.8277335365917,0.860941976337546,0.966791560254153,0.000309387988919579,0.00221156494085412,1.99840144432528e-17,112
"gaussian","wide",74003,"picasso",19,0.127711281899663,1.74103086020888,0.75974742002126,0.981283440187624,0.000363929639985355,0.00284153065695068,7.2957513046796e-17,126
"gaussian","wide",74003,"picasso",20,0.116846661794589,1.65359014178748,0.669730731670307,0.983859410117176,0.000454294557359805,0.00387289730184931,6.15380762220801e-17,133
"gaussian","wide",74003,"picasso",21,0.10690631375281,1.56635553183627,0.589293787084075,0.977061744752196,0.00045120615710191,0.00420283700182843,3.52892318541568e-17,145
"gaussian","wide",74003,"picasso",22,0.0978116083479208,1.48002125826723,0.516523748176195,0.963497510091035,0.000496121060790167,0.00504661295479179,9.00866682838698e-17,157
"gaussian","wide",74003,"picasso",23,0.0894906052951019,1.39520218283566,0.452471265346649,0.942730917489006,0.000466458165701608,0.00518534229282457,4.53208898980912e-17,167
"gaussian","wide",74003,"picasso",24,0.0818774843942534,1.31250887896028,0.395998806655391,0.916510072304887,0.00049920055040524,0.00605997377462577,1.2450358204725e-17,181
"gaussian","wide",74003,"picasso",25,0.0749120248837801,1.23223539760048,0.344264409291567,0.887970988308913,0.000452890525137875,0.00600930184397559,1.88341405963196e-18,197
"gaussian","wide",74003,"picasso",26,0.0685391290866522,1.15465360754949,0.298219135774487,0.856434471775001,0.000484833738229329,0.00702413652283895,1.10819091998187e-16,213
"gaussian","wide",74003,"picasso",27,0.0627083865807224,1.07997966704366,0.257658707716439,0.822320959327223,0.000543800751717172,0.00859734302719169,6.11217425878457e-17,226
"gaussian","wide",74003,"picasso",28,0.0573736754458284,1.00845629022475,0.222767205630775,0.785689084593976,0.000519767484020252,0.00897800264962771,8.12048840868686e-17,235
"gaussian","wide",74003,"picasso",29,0.0524927974334966,0.940248674466647,0.192545324864783,0.747703349601864,0.000472113548485732,0.0089300137543712,5.79397640976254e-17,244
"gaussian","wide",74003,"picasso",30,0.0480271441733903,0.875421839270871,0.165754397125292,0.709667442145578,0.000394782475684349,0.00815591995435268,4.13558076672871e-17,256
"gaussian","wide",74003,"picasso",31,0.043941391776155,0.813975057168105,0.14222246915353,0.671752588014575,0.000451884110061529,0.0101791116118518,1.32037238285778e-17,268
"gaussian","wide",74003,"picasso",32,0.0402032214169282,0.755890103829818,0.121813782074777,0.634076321755041,0.00050975380775635,0.0125206719711136,4.028523546497e-17,273
"gaussian","wide",74003,"picasso",33,0.0367830636892946,0.701118231427758,0.104191035369259,0.596927196058499,0.00054429409399101,0.0145878536683091,6.6216873254429e-17,276
"gaussian","wide",74003,"picasso",34,0.0336538647074934,0.649606759826557,0.0890085193042605,0.560598240522297,0.000520000496702387,0.0152163208228065,1.21807326130303e-16,286
"gaussian","wide",74003,"picasso",35,0.0307908721067163,0.601287355825709,0.0760234685510264,0.525263887274683,0.000513030030753352,0.0163937012857856,1.60209147535641e-16,291
"gaussian","wide",74003,"picasso",36,0.0281714392487308,0.556057172474494,0.0647328267570108,0.491324345717484,0.000575595196813959,0.0200227678407769,2.5971288611767e-18,299
"gaussian","wide",74003,"picasso",37,0.0257748460840712,0.513780057376994,0.0550299264878345,0.45875013088916,0.000465062374691221,0.0177234755000039,1.21172912973374e-16,299
"gaussian","wide",74003,"picasso",38,0.0235821352537922,0.474368185736261,0.0470024268075673,0.427365758928694,0.00044740304275814,0.0186188780340556,3.47935965753062e-18,304
"gaussian","wide",74003,"picasso",39,0.0215759621343317,0.437667341911433,0.0400111314871375,0.397656210424296,0.000498214016502709,0.022645029114575,5.69584062455013e-17,310
"gaussian","wide",74003,"picasso",40,0.0197404576393165,0.403528643692074,0.0339570775995426,0.369571566092532,0.000558504920766568,0.0277947812044043,3.53586207931958e-17,315
"gaussian","wide",74003,"picasso",41,0.0180611026930558,0.371829589325658,0.0288143939697339,0.343015195355924,0.000524036824076882,0.0284170271043437,4.28823643261467e-17,322
"gaussian","wide",74003,"picasso",42,0.016524613382793,0.342417460724581,0.0243692285612894,0.318048232163292,0.000547693993459667,0.0323775067869026,1.29459934835755e-17,330
"gaussian","wide",74003,"picasso",43,0.0151188358812537,0.315177194149819,0.0207179135923412,0.294459280557477,0.000475899889339351,0.0305188304440667,3.50810650370395e-17,336
"gaussian","wide",74003,"picasso",44,0.0138326503083155,0.289958286649317,0.0175460498183035,0.272412236831013,0.000521585934247169,0.0363694290535085,7.04743802997549e-17,344
"gaussian","wide",74003,"picasso",45,0.0126558827713311,0.266620859189995,0.0147564097297601,0.251864449460235,0.000502428835173747,0.0381833817437012,9.67257028440725e-17,350
"gaussian","wide",74003,"glmnet",1,0.632794138566553,2.46397237921527,2.46397237921527,0,1.43060166887413e-16,2.2607694693804e-16,1.43060166887413e-16,0
"gaussian","wide",74003,"glmnet",2,0.578961244416723,2.462523388969,2.43135622958146,0.0311671593875391,1.50673124770557e-16,2.60247341637441e-16,1.50673124770557e-16,1
"gaussian","wide",74003,"glmnet",3,0.529708007877363,2.45865900404504,2.40405345511788,0.0546055489271563,1.60823735281416e-16,3.03608276427358e-16,1.60823735281416e-16,1
"gaussian","wide",74003,"glmnet",4,0.484644829537919,2.45299827033244,2.3811984737121,0.0717997966203426,1.44646199779735e-16,2.98458151132338e-16,1.44646199779735e-16,1
"gaussian","wide",74003,"glmnet",5,0.443415253884963,2.44604019823365,2.36206671200211,0.0839734862315383,1.63678594487594e-16,3.69131627866953e-16,1.63678594487594e-16,1
"gaussian","wide",74003,"glmnet",6,0.405693149693414,2.43712458837756,2.31923448236219,0.117890106015372,2.60951260599995e-10,6.43223235663084e-10,1.76684064204632e-16,3
"gaussian","wide",74003,"glmnet",7,0.371180130286772,2.4248845725947,2.26185343047574,0.163031142118956,7.3257975535812e-07,1.97364635046271e-06,1.54479603712129e-16,7
"gaussian","wide",74003,"glmnet",8,0.339603193260283,2.40744697628979,2.17751230396271,0.229934672327075,5.38580446884929e-06,1.58588587004523e-05,4.94842262404356e-17,11
"gaussian","wide",74003,"glmnet",9,0.31071256099694,2.38359351274161,2.07084600717713,0.312747505564475,1.93695984939679e-05,6.23353977714852e-05,1.66216247115309e-16,16
"gaussian","wide",74003,"glmnet",10,0.284279704894542,2.35149493336767,1.93967629516612,0.41181863820155,1.07571453002442e-05,3.78396151111014e-05,1.41474133995091e-16,25
"gaussian","wide",74003,"glmnet",11,0.260095537675169,2.31055509709103,1.80398048923692,0.506574607854112,3.88312442704541e-05,0.000149291677402203,1.64947420801452e-16,31
"gaussian","wide",74003,"glmnet",12,0.237968759478032,2.26166673445403,1.66979303408107,0.591873700372959,4.70752575365552e-05,0.000197813311918495,1.9190997997092e-16,42
"gaussian","wide",74003,"glmnet",13,0.217724344653068,2.20538061344235,1.52915453006298,0.676226083379374,0.000178142300191586,0.000817532202970213,1.26248218228804e-16,54
"gaussian","wide",74003,"glmnet",14,0.199202157285624,2.14165916176964,1.38566767668199,0.755991485087644,8.52989203327381e-05,0.000428019514909079,1.67802280007631e-16,66
"gaussian","wide",74003,"glmnet",15,0.182255684500863,2.07099090730458,1.23789352213493,0.833097385169654,0.000145662072218639,0.000798580026712014,1.08167443256337e-16,85
"gaussian","wide",74003,"glmnet",16,0.166750877528148,1.99403934259276,1.10027988045598,0.893759462136783,0.000115474272400079,0.000692017822822217,1.15463194561016e-16,91
"gaussian","wide",74003,"glmnet",17,0.152565091358101,1.91250696364693,0.97479277473221,0.937714188914723,8.21979142872076e-05,0.000538482633258761,9.32587340685132e-17,105
"gaussian","wide",74003,"glmnet",18,0.139586114604865,1.82773345591934,0.860993950970398,0.966739504948944,0.000195273572744625,0.00139699265610745,1.52576364241343e-16,112
"gaussian","wide",74003,"glmnet",19,0.127711281899663,1.74103107275493,0.759768396159046,0.98126267659588,0.000178481876581482,0.00139559157286233,9.89684524808711e-17,126
"gaussian","wide",74003,"glmnet",20,0.116846661794589,1.6535904022189,0.669885380073617,0.983705022145282,0.000253824810903108,0.0021685289619028,1.01268200174737e-16,132
"gaussian","wide",74003,"glmnet",21,0.10690631375281,1.56635469531785,0.589246556859792,0.977108138458058,0.000331651060130653,0.0030926646240365,9.42896554485222e-17,146
"gaussian","wide",74003,"glmnet",22,0.0978116083479208,1.48002042435569,0.516513470637399,0.963506953718287,0.000324670092433116,0.00330835953424142,5.23390854466145e-17,157
"gaussian","wide",74003,"glmnet",23,0.0894906052951019,1.39519954640752,0.452419588436194,0.94277995797133,0.000157167595117386,0.00175330180592781,1.11260207396364e-16,166
"gaussian","wide",74003,"glmnet",24,0.0818774843942534,1.3125068990457,0.396066247458585,0.916440651587114,0.000375333735155858,0.00456317173917788,1.00869213775263e-16,183
"gaussian","wide",74003,"glmnet",25,0.0749120248837801,1.23223343371412,0.344271263949015,0.887962169765102,0.000219265803755628,0.00291896870454958,7.12921785098583e-17,197
"gaussian","wide",74003,"glmnet",26,0.0685391290866522,1.15465072460103,0.298248104960488,0.85640261964054,0.000379917330456531,0.00551251577332066,7.99608395369538e-17,212
"gaussian","wide",74003,"glmnet",27,0.0627083865807224,1.07997508433618,0.257719426774575,0.822255657561603,0.000283599682512958,0.00450215494599316,4.72836056023393e-17,223
"gaussian","wide",74003,"glmnet",28,0.0573736754458284,1.0084471582892,0.222712688873575,0.785734469415626,0.000316500810823392,0.00548621674191711,1.32314794041934e-16,233
"gaussian","wide",74003,"glmnet",29,0.0524927974334966,0.940236998074429,0.192533499062942,0.747703499011486,0.000284798315345815,0.0053965589767683,6.41946813167189e-17,240
"gaussian","wide",74003,"glmnet",30,0.0480271441733903,0.875409206568768,0.165613003778722,0.709796202790046,0.000343644009702014,0.00710727924274069,7.86672314591539e-17,250
"gaussian","wide",74003,"glmnet",31,0.043941391776155,0.813960116449639,0.142194445226559,0.67176567122308,0.000352701645213921,0.00796272410090159,5.8564264548977e-17,262
"gaussian","wide",74003,"glmnet",32,0.0402032214169282,0.755870088666968,0.121706269702963,0.634163818964005,0.00034966510092057,0.00862244666028075,1.62845927219126e-16,273
"gaussian","wide",74003,"glmnet",33,0.0367830636892946,0.701109175286157,0.104238825618641,0.596870349667517,0.000479877033442065,0.0128781310367504,4.028523546497e-17,276
"gaussian","wide",74003,"glmnet",34,0.0336538647074934,0.649587708980075,0.0889124309003512,0.560675278079723,0.000410770383546526,0.0120585581629956,1.4018548227008e-16,280
"gaussian","wide",74003,"glmnet",35,0.0307908721067163,0.601267573986628,0.0759413855353517,0.525326188451277,0.000372303144719886,0.0119468937846033,1.75355761657313e-16,289
"gaussian","wide",74003,"glmnet",36,0.0281714392487308,0.556038659846785,0.0647229846973148,0.49131567514947,0.000463034149011877,0.0161705138620911,6.88140021156057e-17,299
"gaussian","wide",74003,"glmnet",37,0.0257748460840712,0.513773328097323,0.0551231013725084,0.458650226724814,0.000438042189957456,0.0167109471256344,4.64311129227164e-17,295
"gaussian","wide",74003,"glmnet",38,0.0235821352537922,0.474361006777144,0.04705398643449,0.427307020342654,0.00047607475895069,0.019788453035306,9.84975989659631e-17,302
"gaussian","wide",74003,"glmnet",39,0.0215759621343317,0.43765170234075,0.0399419434366764,0.397709758904073,0.000422334888830117,0.0191985265216414,1.20860662747698e-16,307
"gaussian","wide",74003,"glmnet",40,0.0197404576393165,0.403523744897209,0.034006038633629,0.36951770626358,0.000460098526775067,0.0228363589016722,1.79717352111197e-17,309
"gaussian","wide",74003,"glmnet",41,0.0180611026930558,0.371816077021099,0.0288063273563449,0.343009749664754,0.00039886977914709,0.0216102743352972,2.4018485613096e-16,320
"gaussian","wide",74003,"glmnet",42,0.016524613382793,0.342406606247837,0.0243806287228134,0.318025977525024,0.000415704819444328,0.0245393749091104,6.15777270443881e-17,325
"gaussian","wide",74003,"glmnet",43,0.0151188358812537,0.315150999610778,0.0206161921859217,0.294534807424856,0.000369440460063403,0.0238529098992035,1.69494874484905e-16,330
"gaussian","wide",74003,"glmnet",44,0.0138326503083155,0.289925276273912,0.0174646238010895,0.272460652472823,0.000417127772875522,0.029272580281521,9.70745061715636e-17,336
"gaussian","wide",74003,"glmnet",45,0.0126558827713311,0.266599557598608,0.0148044714181124,0.251795086180495,0.000474688464094233,0.0362665122546626,1.54054286688465e-16,344
"multinomial","tall",74001,"picasso",1,0.0988645144208134,1.38293097138848,1.38293097138848,0,1.73916436807531e-16,1.75913913932011e-15,1.73916436807531e-16,0
"multinomial","tall",74001,"picasso",2,0.0904539388234381,1.38275648693362,1.37900319069148,0.0037532962421364,7.58460006730606e-05,0.000838504123309748,7.58460006730606e-05,1
"multinomial","tall",74001,"picasso",3,0.0827588654696492,1.38228744120046,1.37520813633023,0.0070793048702306,6.26537476617567e-05,0.00075700150346553,6.26537476617567e-05,2
"multinomial","tall",74001,"picasso",4,0.07571842534345,1.38141150872678,1.3680621752169,0.0133493335098723,4.25953260194788e-05,0.000562464239880996,4.25953260194788e-05,4
"multinomial","tall",74001,"picasso",5,0.0692769276615352,1.37972658942232,1.35415719294333,0.0255693964789891,8.26454512377444e-05,0.00119261866353014,8.26454512377444e-05,7
"multinomial","tall",74001,"picasso",6,0.0633834193520606,1.3768816350792,1.33861736756094,0.0382642675182612,8.16961266594328e-05,0.00128836442163396,8.16961266594328e-05,8
"multinomial","tall",74001,"picasso",7,0.0579912820093174,1.3728948888071,1.32176857477386,0.0511263140332368,9.8878765439125e-05,0.0017039780794966,9.8878765439125e-05,10
"multinomial","tall",74001,"picasso",8,0.0530578631361712,1.36784481562965,1.3057843302174,0.062060485412255,9.5316836131428e-05,0.00179504202595202,9.5316836131428e-05,12
"multinomial","tall",74001,"picasso",9,0.0485441387573458,1.36179965229891,1.28774493579875,0.0740547165001604,1.86534486905088e-08,3.84257369027636e-07,1.86534486905088e-08,18
"multinomial","tall",74001,"picasso",10,0.0444144047347795,1.3547541548541,1.27083247309893,0.0839216817551735,8.70258315546572e-05,0.00195742434031556,8.70258315546572e-05,20
"multinomial","tall",74001,"picasso",11,0.0406359943433191,1.34693056127663,1.25532233888729,0.091608222389331,7.71338334813471e-05,0.00189607746802562,7.71338334813471e-05,22
"multinomial","tall",74001,"picasso",12,0.0371790198727395,1.33844992538305,1.23947746703396,0.0989724583490905,5.93244863406147e-05,0.00159387644444235,5.93244863406147e-05,26
"multinomial","tall",74001,"picasso",13,0.0340161362121269,1.32930189059232,1.22264503840276,0.106656852189563,6.40321924001709e-05,0.00187993702992665,6.40321924001709e-05,34
"multinomial","tall",74001,"picasso",14,0.0311223245465483,1.31951538230412,1.20684833363994,0.112667048664173,6.86828377707391e-05,0.00220349319937518,6.86828377707391e-05,34
"multinomial","tall",74001,"picasso",15,0.0284746944550209,1.30931025033971,1.19295726460174,0.116352985737977,5.23882969403753e-05,0.00183695862113922,5.23882969403753e-05,37
"multinomial","tall",74001,"picasso",16,0.0260523028443492,1.29884249015184,1.18030738094367,0.118535109208179,4.17857686205655e-05,0.00160134999310903,3.95776736656847e-05,41
"multinomial","tall",74001,"picasso",17,0.0238359882865751,1.28820408700708,1.16786585966463,0.120338227342448,4.8239829487464e-05,0.00202026694133919,4.8239829487464e-05,46
"multinomial","tall",74001,"picasso",18,0.0218082194496284,1.27743351254158,1.15584567219684,0.121587840344747,4.69537529831811e-05,0.00214897912752557,4.69537529831811e-05,53
"multinomial","tall",74001,"picasso",19,0.019952956422244,1.26658758637652,1.14471489849687,0.121872687879654,6.5168973842733e-05,0.00325549833230002,5.08976780582889e-05,55
"multinomial","tall",74001,"picasso",20,0.018255523836209,1.25576619455634,1.13454888505292,0.121217309503422,4.44535342883271e-05,0.00243024609439454,4.44535342883271e-05,60
"multinomial","tall",74001,"picasso",21,0.0167024947823203,1.24503061928387,1.12515891611028,0.11987170317359,3.47749314032434e-05,0.00207783328186701,3.47749314032434e-05,65
"multinomial","tall",74001,"picasso",22,0.0152815846018127,1.23445365563773,1.11678346524555,0.117670190392176,3.06242671158571e-05,0.0019999901632742,2.9138934403412e-05,66
"multinomial","tall",74001,"picasso",23,0.0139815537131345,1.22410557387711,1.10924383928873,0.114861734588375,2.63941250408436e-05,0.00188424577205106,2.63941250408436e-05,75
"multinomial","tall",74001,"picasso",24,0.0127921187054172,1.21400903404281,1.10190174025977,0.11210729378304,2.65067925571821e-05,0.00206783422773141,2.25529151899728e-05,86
"multinomial","tall",74001,"picasso",25,0.0117038709953788,1.20415173525463,1.0946743678708,0.109477367383836,2.49602164155861e-05,0.00212810773425457,2.08849378932079e-05,103
"multinomial","tall",74001,"picasso",26,0.0107082024042242,1.19452215919175,1.08759498259947,0.106927176592283,2.43530680675251e-05,0.00226908382914,1.62620045703305e-05,110
"multinomial","tall",74001,"picasso",27,0.00979723706584829,1.18512957042796,1.08095260221527,0.104176968212691,2.23408529310843e-05,0.00227513372935905,1.2097796468151e-05,124
"multinomial","tall",74001,"picasso",28,0.00896376912772654,1.17598825344506,1.07468727579529,0.101300977649765,2.10970927936576e-05,0.00234806977375743,9.32639048212028e-06,139
"multinomial","tall",74001,"picasso",29,0.00820120575169794,1.1671111873322,1.06887799617762,0.0982331911545818,1.94405215804862e-05,0.00236484102760612,6.96465670846497e-06,151
"multinomial","tall",74001,"picasso",30,0.00750351496377087,1.15851090338932,1.06340530748957,0.0951055958997447,2.20269505174491e-05,0.0029271694420265,1.01176610520026e-05,169
"multinomial","tall",74001,"picasso",31,0.00686517794043598,1.15019215190071,1.05831008249446,0.0918820694062504,1.76671033797959e-05,0.00256683148717255,1.06070814107511e-05,189
"multinomial","tall",74001,"picasso",32,0.0062811453540653,1.14216259232834,1.0535507781942,0.0886118141341389,1.61359547724855e-05,0.00256236842236027,7.02291011630095e-06,200
"multinomial","tall",74001,"picasso",33,0.00574679743208383,1.13443142292082,1.04922686506298,0.0852045578578384,1.48566226508984e-05,0.00257853430798918,7.49870871919564e-06,215
"multinomial","tall",74001,"picasso",34,0.00525790741397671,1.12700805196947,1.04532879424973,0.0816792577197379,1.35304240023284e-05,0.00256674258868158,7.1099485449001e-06,229
"multinomial","tall",74001,"picasso",35,0.00481060811707204,1.11990454829174,1.04187541776417,0.0780291305275674,1.18641400611765e-05,0.00246017798104023,6.22597657791224e-06,240
"multinomial","tall",74001,"picasso",36,0.00440136134663058,1.11312922276741,1.03881881915759,0.0743104036098201,1.05492588048034e-05,0.00239108625451453,4.48798851677903e-06,248
"multinomial","tall",74001,"picasso",37,0.00402692990827206,1.1066847913523,1.03607458489614,0.0706102064561523,9.62425033379684e-06,0.00238427380276272,6.92348248994984e-06,262
"multinomial","tall",74001,"picasso",38,0.00368435200135298,1.10056874396264,1.03364781247885,0.0669209314837853,8.19896160156493e-06,0.00222040580721048,3.15983406006051e-06,270
"multinomial","tall",74001,"picasso",39,0.00337091779074407,1.09478036655737,1.03151802568482,0.0632623408725546,7.03416195069109e-06,0.0020823747789188,3.33618797145238e-06,287
"multinomial","tall",74001,"picasso",40,0.00308414797168732,1.08931372662261,1.02962120659948,0.0596925200231281,6.15432349886438e-06,0.00199149562437664,3.47141616163424e-06,302
"multinomial","tall",74001,"picasso",41,0.00282177415817768,1.08416165663838,1.02796907075232,0.0561925858860578,5.45451165776542e-06,0.0019292785602952,2.45545848540866e-06,313
"multinomial","tall",74001,"picasso",42,0.0025817209397392,1.0793158363538,1.02650452782953,0.0528113085242707,4.64320615804889e-06,0.00179526389020448,3.13889397242081e-06,324
"multinomial","tall",74001,"picasso",43,0.00236208946466232,1.07476511448653,1.02520163646209,0.0495634780244483,4.04916631643795e-06,0.00171129715876495,2.66464224554057e-06,340
"multinomial","tall",74001,"picasso",44,0.00216114241984354,1.07049775699188,1.02406230915891,0.0464354478329668,3.65332617002171e-06,0.00168760779244382,2.73226819979389e-06,350
"multinomial","tall",74001,"picasso",45,0.00197729028841627,1.06650344250717,1.02308167642449,0.0434217660826784,3.18003543637712e-06,0.00160569709027043,2.47133077563974e-06,352
"multinomial","tall",74001,"glmnet",1,0.0988645144208134,1.38293097138848,1.38293097138848,0,1.06512021424976e-16,1.07735340682109e-15,1.06512021424976e-16,0
"multinomial","tall",74001,"glmnet",2,0.0904539388234381,1.38275647338391,1.37900301452432,0.0037534588595867,1.3204538303925e-05,0.000145979696696789,1.3204538303925e-05,1
"multinomial","tall",74001,"glmnet",3,0.0827588654696492,1.38228743174386,1.37520502909244,0.00708240265142461,1.09414051062428e-05,0.000132206511557499,1.09414051062428e-05,2
"multinomial","tall",74001,"glmnet",4,0.07571842534345,1.38141149914304,1.36805480324301,0.0133566959000321,1.23715437596483e-05,0.000163386997232898,1.23715437596483e-05,4
"multinomial","tall",74001,"glmnet",5,0.0692769276615352,1.37972655445788,1.35413483853378,0.0255917159240951,1.77139018784744e-06,2.55696677152851e-05,1.77139018784744e-06,7
"multinomial","tall",74001,"glmnet",6,0.0633834193520606,1.376881600782,1.33857423139557,0.0383073693864315,1.2445363846709e-06,1.96349997426642e-05,1.2445363846709e-06,8
"multinomial","tall",74001,"glmnet",7,0.0579912820093174,1.3728948424235,1.32170136359143,0.0511934788320752,1.124810205788e-06,1.93960972473123e-05,1.124810205788e-06,10
"multinomial","tall",74001,"glmnet",8,0.0530578631361712,1.3678447667883,1.30570540711235,0.0621393596759559,6.30239139189082e-07,1.18781951596528e-05,3.58360641707134e-07,12
"multinomial","tall",74001,"glmnet",9,0.0485441387573458,1.36179965574682,1.28773449732582,0.0740651584210056,2.38898520069086e-05,0.00049208307314829,8.59359460161052e-07,18
"multinomial","tall",74001,"glmnet",10,0.0444144047347795,1.35475408944971,1.27072356332654,0.0840305261231704,7.66627215745969e-06,0.000172601948707609,7.6114074233799e-07,20
"multinomial","tall",74001,"glmnet",11,0.0406359943433191,1.34693049316339,1.25520488135616,0.0917256118072314,6.72430291118881e-06,0.000165470863393879,1.01228708995138e-06,22
"multinomial","tall",74001,"glmnet",12,0.0371790198727395,1.33844985893657,1.23935298098687,0.0990968779497012,5.75962174396982e-06,0.000154910713095457,1.09663146855837e-06,26
"multinomial","tall",74001,"glmnet",13,0.0340161362121269,1.3293018055332,1.22247674171483,0.106825063818361,2.23207528457364e-05,0.000656034477074786,3.20624250921758e-06,34
"multinomial","tall",74001,"glmnet",14,0.0311223245465483,1.319515280392,1.20667469702833,0.112840583363673,2.04971760256745e-05,0.000658396912349178,2.95167444415034e-06,34
"multinomial","tall",74001,"glmnet",15,0.0284746944550209,1.30931015565872,1.1927958134021,0.116514342256627,1.9173488408717e-05,0.00067311225785672,2.51273573326044e-06,37
"multinomial","tall",74001,"glmnet",16,0.0260523028443492,1.29884240275069,1.18015672323512,0.118685679515571,1.90959583407369e-05,0.000732561002629303,4.652244274339e-06,41
"multinomial","tall",74001,"glmnet",17,0.0238359882865751,1.28820398987804,1.16771232332934,0.120491666548703,1.94186089360684e-05,0.000814367590968158,3.43433243835239e-06,46
"multinomial","tall",74001,"glmnet",18,0.0218082194496284,1.2774334228543,1.15568410756077,0.121749315293532,2.70250383261721e-05,0.00123790954638317,5.33358975278908e-06,53
"multinomial","tall",74001,"glmnet",19,0.019952956422244,1.26658748105834,1.14456071936564,0.122026761692704,2.18763741606856e-05,0.00109554558544848,4.38327159871135e-06,55
"multinomial","tall",74001,"glmnet",20,0.018255523836209,1.25576610904063,1.13441016821407,0.121355940826564,2.0710008864739e-05,0.00113357090454789,2.21617363799259e-06,60
"multinomial","tall",74001,"glmnet",21,0.0167024947823203,1.24503054145418,1.12503110892185,0.119999432532327,1.84791604385358e-05,0.00110549691408248,3.04228181112179e-06,65
"multinomial","tall",74001,"glmnet",22,0.0152815846018127,1.23445358952335,1.11667081882775,0.117782770695603,1.68384081575858e-05,0.00110108150566202,2.52477949913971e-06,66
"multinomial","tall",74001,"glmnet",23,0.0139815537131345,1.22410551776383,1.10914535624032,0.114960161523509,1.54298754567288e-05,0.001102726864377,2.28217665863137e-06,75
"multinomial","tall",74001,"glmnet",24,0.0127921187054172,1.21400898288509,1.10180916767764,0.112199815207447,1.59022957072815e-05,0.00124261531859179,3.30984182116045e-06,86
"multinomial","tall",74001,"glmnet",25,0.0117038709953788,1.20415168503635,1.09458396189172,0.109567723144626,1.57809306839118e-05,0.00134782628519338,2.30830392511572e-06,103
"multinomial","tall",74001,"glmnet",26,0.0107082024042242,1.19452211405626,1.08751183723856,0.107010276817706,1.34763277402986e-05,0.00125769400842589,2.75282817138772e-06,110
"multinomial","tall",74001,"glmnet",27,0.00979723706584829,1.18512952990276,1.08087776884893,0.104251761053833,1.59117309659722e-05,0.00162298315025028,2.78911632593148e-06,124
"multinomial","tall",74001,"glmnet",28,0.00896376912772654,1.17598821610155,1.07461696789221,0.101371248209334,1.5305700240064e-05,0.00170636612159602,2.80191800306878e-06,139
"multinomial","tall",74001,"glmnet",29,0.00820120575169794,1.1671111544624,1.06881366213993,0.0982974923224708,1.49750596236814e-05,0.0018247465087806,2.78705893963177e-06,151
"multinomial","tall",74001,"glmnet",30,0.00750351496377087,1.15851087008822,1.06334961954945,0.0951612505387674,1.38095633860367e-05,0.00183860504650274,3.67150171915742e-06,169
"multinomial","tall",74001,"glmnet",31,0.00686517794043598,1.1501921234276,1.05825813241117,0.0919339910164303,1.32891074694236e-05,0.00193408682064442,3.67734438330877e-06,189
"multinomial","tall",74001,"glmnet",32,0.0062811453540653,1.14216256818463,1.05350239172985,0.0886601764547777,1.31743020603571e-05,0.00209578272547523,3.75862475608585e-06,200
"multinomial","tall",74001,"glmnet",33,0.00574679743208383,1.13443140199338,1.04918456755803,0.0852468344353486,1.09827778900194e-05,0.00190942753689095,3.29529816118612e-06,215
"multinomial","tall",74001,"glmnet",34,0.00525790741397671,1.12700803836168,1.04528952219083,0.0817185161708487,1.36279881466986e-05,0.0025879986922959,3.77489698845185e-06,229
"multinomial","tall",74001,"glmnet",35,0.00481060811707204,1.11990453749706,1.04184213949123,0.0780623980058289,1.13862269194394e-05,0.00236302776282488,3.28997243198997e-06,240
"multinomial","tall",74001,"glmnet",36,0.00440136134663058,1.11312921430601,1.03879005417915,0.0743391601268579,1.07143649324404e-05,0.00243066006014782,3.27652436625597e-06,248
"multinomial","tall",74001,"glmnet",37,0.00402692990827206,1.10668478468706,1.03604911342066,0.0706356712664043,1.0358830317009e-05,0.00256884004788362,2.81971974395936e-06,262
"multinomial","tall",74001,"glmnet",38,0.00368435200135298,1.10056873940884,1.0336264009381,0.0669423384707403,8.588269804126e-06,0.0023276539619393,3.30988188281336e-06,270
"multinomial","tall",74001,"glmnet",39,0.00337091779074407,1.09478049646713,1.03147581754202,0.0633046789251086,5.6813069555575e-05,0.0167542267281634,1.00283295380716e-05,287
"multinomial","tall",74001,"glmnet",40,0.00308414797168732,1.08931383741197,1.0295874393074,0.0597263981045623,5.5004611166371e-05,0.0177226731573513,9.40876674061239e-06,302
"multinomial","tall",74001,"glmnet",41,0.00282177415817768,1.08416175601757,1.02794108082805,0.0562206751895182,4.97114725905184e-05,0.0174958280985357,7.39967458190859e-06,315
"multinomial","tall",74001,"glmnet",42,0.0025817209397392,1.07931592039831,1.02648051350543,0.0528354068928796,4.62476569714322e-05,0.0177912318926259,8.15845650867938e-06,324
"multinomial","tall",74001,"glmnet",43,0.00236208946466232,1.07476519317254,1.02518116849652,0.0495840246760243,4.38484813568662e-05,0.0184476272578379,8.52741520858655e-06,340
"multinomial","tall",74001,"glmnet",44,0.00216114241984354,1.07049782234954,1.02404500686107,0.0464528154884704,4.30110797433911e-05,0.0197702047465631,8.33696993015168e-06,350
"multinomial","tall",74001,"glmnet",45,0.00197729028841627,1.06650350157293,1.02306687176419,0.043436629808741,3.93786876883657e-05,0.0197801822205451,7.32203643000102e-06,352
"multinomial","tall",74002,"picasso",1,0.103121024361131,1.38045835008763,1.38045835008763,0,2.11414219464245e-16,2.05015631656131e-15,2.11414219464245e-16,0
"multinomial","tall",74002,"picasso",2,0.0943483400855938,1.3802493935722,1.37575369172198,0.00449570185021199,9.2383175477398e-09,9.79171163311093e-08,9.2383175477398e-09,1
"multinomial","tall",74002,"picasso",3,0.0863219632665144,1.37969164940613,1.37181143543605,0.0078802139700806,8.96984170230379e-05,0.00103900859558036,8.96984170230379e-05,1
"multinomial","tall",74002,"picasso",4,0.0789784042350443,1.37862136515879,1.36149124475696,0.0171301204018361,2.37847295016386e-08,3.01154809355433e-07,2.37847295016386e-08,4
"multinomial","tall",74002,"picasso",5,0.0722595744985068,1.37662086759598,1.34847547448526,0.0281453931107178,8.14425925537163e-05,0.00112660449196819,8.14425925537163e-05,6
"multinomial","tall",74002,"picasso",6,0.0661123272529782,1.3735948057096,1.33334237553356,0.0402524301760338,7.64313117641491e-05,0.00115538342222019,7.64313117641491e-05,8
"multinomial","tall",74002,"picasso",7,0.0604880369852609,1.36947747586715,1.31720257169518,0.0522749041719723,4.43101596618381e-05,0.000732007955279737,3.63620266007115e-05,10
"multinomial","tall",74002,"picasso",8,0.055342214838844,1.36426340715136,1.29970692234584,0.0645564848055222,4.91901149319574e-05,0.000888045987874949,3.7835318632864e-05,13
"multinomial","tall",74002,"picasso",9,0.0506341567013503,1.35798525173333,1.28147462983558,0.0765106218977544,4.88839234805e-05,0.000964502580702521,3.03958674659131e-05,17
"multinomial","tall",74002,"picasso",10,0.0463266212297918,1.35067168566697,1.26332543348889,0.0873462521780761,5.12476876648668e-05,0.00110500307282505,1.19005274274966e-05,18
"multinomial","tall",74002,"picasso",11,0.0423855352667771,1.34246790158568,1.24578371517673,0.096684186408955,5.21204511627488e-05,0.00122816518210066,1.9633123568304e-05,22
"multinomial","tall",74002,"picasso",12,0.0387797243174706,1.3335110059188,1.2290282096097,0.104482796309102,5.70062805219998e-05,0.00146784447723173,2.89192254780235e-05,25
"multinomial","tall",74002,"picasso",13,0.0354806659553451,1.32391297706574,1.21287152302681,0.111041454038928,5.60562974309467e-05,0.00157741890296502,2.39874030518027e-05,30
"multinomial","tall",74002,"picasso",14,0.0324622642061344,1.31377305583807,1.19742843939661,0.116344616441452,5.53575661016992e-05,0.00170238667788934,1.30577752968e-05,32
"multinomial","tall",74002,"picasso",15,0.0297006431253335,1.30324832760079,1.18341411752853,0.119834210072262,5.71934563480397e-05,0.00192196284804007,1.78262203849398e-05,35
"multinomial","tall",74002,"picasso",16,0.0271739579364191,1.29248791041495,1.17090731823028,0.121580592184674,5.08434228158328e-05,0.00186754063491398,2.50939738782081e-05,35
"multinomial","tall",74002,"picasso",17,0.024862222235869,1.28162566776575,1.15906429459728,0.12256137316847,4.93040783533967e-05,0.00197916730317918,2.0690852417384e-05,44
"multinomial","tall",74002,"picasso",18,0.0227471498981496,1.27068983837835,1.14761314539941,0.123076692978935,4.75522718779743e-05,0.00208611069025065,3.13890977037019e-05,48
"multinomial","tall",74002,"picasso",19,0.0208120104301209,1.25973365389798,1.13677977257232,0.12295388132566,4.43474084884168e-05,0.00212632564283688,2.66368988976322e-05,53
"multinomial","tall",74002,"picasso",20,0.0190414966306919,1.24883810361682,1.1270949444038,0.121743159213018,4.14296944999983e-05,0.00217103466177018,2.20858096663085e-05,56
"multinomial","tall",74002,"picasso",21,0.0174216035088997,1.23808180819165,1.11822148213135,0.119860326060302,4.13581237989208e-05,0.00236833388681789,1.44596880174595e-05,62
"multinomial","tall",74002,"picasso",22,0.0159395175026364,1.2274911504532,1.1093185015366,0.118172648916606,4.04512116219911e-05,0.00253136988847154,1.7204461850024e-05,68
"multinomial","tall",74002,"picasso",23,0.0145835151217317,1.21705923964135,1.10081121701606,0.116248022625291,3.9294496825595e-05,0.00268720566365903,1.94643613355673e-05,74
"multinomial","tall",74002,"picasso",24,0.0133428702136436,1.20682372155629,1.09311912186836,0.11370459968793,3.59747862910386e-05,0.00268893064320682,2.24828287106353e-05,78
"multinomial","tall",74002,"picasso",25,0.0122077691182177,1.1968300767846,1.08595504135907,0.110875035425538,3.29785201284693e-05,0.00269415897646306,1.82803824923188e-05,86
"multinomial","tall",74002,"picasso",26,0.0111692330403784,1.18709093835871,1.07907326531574,0.108017673042977,3.06430177592978e-05,0.00273601400589008,1.66807191572052e-05,99
"multinomial","tall",74002,"picasso",27,0.0102190470267097,1.17760927926445,1.07243992384252,0.105169355421932,3.08914249237194e-05,0.00301457177200442,1.31261504401834e-05,115
"multinomial","tall",74002,"picasso",28,0.00934969498412102,1.16836444485417,1.06571225471617,0.102652190137996,2.59149785791953e-05,0.00276408454301053,1.81044348682492e-05,135
"multinomial","tall",74002,"picasso",29,0.00855430022658813,1.15935205573154,1.05947631776862,0.099875737962919,2.43429325566587e-05,0.00283762036782114,2.01108892928044e-05,146
"multinomial","tall",74002,"picasso",30,0.00782657107968588,1.15060104322157,1.05378958330273,0.0968114599188341,2.24200292416894e-05,0.00285642179109981,1.93340991255064e-05,156
"multinomial","tall",74002,"picasso",31,0.00716075111263741,1.14212986623679,1.04852640740544,0.0936034588313499,1.95229243571187e-05,0.00271896647071294,1.74118765494002e-05,174
"multinomial","tall",74002,"picasso",32,0.0065515736042093,1.13395301833613,1.04377876156912,0.0901742567670091,1.76069940396014e-05,0.00268024204484418,1.38575009532556e-05,184
"multinomial","tall",74002,"picasso",33,0.00599421988227193,1.12609016786966,1.03952619419067,0.0865639736789915,1.57898064726703e-05,0.00262725141728824,1.27572251432412e-05,190
"multinomial","tall",74002,"picasso",34,0.00548428120748566,1.1185568874918,1.03577464505236,0.0827822424394468,1.39700646823787e-05,0.00254081961533746,1.2261451857578e-05,198
"multinomial","tall",74002,"picasso",35,0.00501772389960784,1.11136773124045,1.03249783035576,0.0788699008846855,1.22946441531279e-05,0.002444254240052,1.19535132004294e-05,211
"multinomial","tall",74002,"picasso",36,0.0045908574305654,1.10452548723326,1.02953428550759,0.0749912017256659,1.08098362934499e-05,0.00234911297722507,7.01842614198775e-06,224
"multinomial","tall",74002,"picasso",37,0.00420030523190499,1.09802781137351,1.0268964593762,0.0711313519973153,1.19815702296392e-05,0.00284598233094681,1.19815702296392e-05,238
"multinomial","tall",74002,"picasso",38,0.00384297798570399,1.09186951929563,1.02449696412737,0.0673725551682606,1.08214134893541e-05,0.00280976802285043,1.08214134893541e-05,252
"multinomial","tall",74002,"picasso",39,0.00351604918766999,1.08604201107759,1.022352331348,0.0636896797295903,7.42038217300131e-06,0.00210598730197973,4.73093558018303e-06,267
"multinomial","tall",74002,"picasso",40,0.00321693278912969,1.08053868786755,1.0204453984386,0.0600932894289523,6.65520400419629e-06,0.0020645330663756,4.91105146688617e-06,283
"multinomial","tall",74002,"picasso",41,0.00294326274105272,1.07534981054734,1.01873044740992,0.0566193631374222,5.92358662409231e-06,0.0020085494661704,3.84730306377727e-06,297
"multinomial","tall",74002,"picasso",42,0.00269287427830061,1.0704657559431,1.01721834734308,0.0532474086000208,7.21099689893916e-06,0.00267231240839043,7.21099689893916e-06,312
"multinomial","tall",74002,"picasso",43,0.00246378679605727,1.0658758916021,1.01587658941448,0.0499993021876171,6.55415168108458e-06,0.00265490982175532,6.55415168108458e-06,321
"multinomial","tall",74002,"picasso",44,0.00225418818299118,1.06157020168677,1.01470967746962,0.0468605242171551,4.04011239247019e-06,0.00178906286876714,1.95694316259075e-06,336
"multinomial","tall",74002,"picasso",45,0.00206242048722262,1.05753795136599,1.01368621860787,0.0438517327581174,3.59866298231797e-06,0.00174183428162368,3.10865887193713e-06,345
"multinomial","tall",74002,"glmnet",1,0.103121024361131,1.38045835008763,1.38045835008763,1.47609110895478e-16,2.53658205551233e-16,2.45981076238071e-15,2.53658205551233e-16,0
"multinomial","tall",74002,"glmnet",2,0.0943483400855938,1.38024939392935,1.37575443060621,0.00449496332314094,9.62292633875204e-06,0.0001019918317168,9.62292633875204e-06,1
"multinomial","tall",74002,"glmnet",3,0.0863219632665144,1.37969162731555,1.3718063886545,0.00788523866104708,8.09486314432092e-06,9.37723836681951e-05,8.09486314432092e-06,1
"multinomial","tall",74002,"glmnet",4,0.0789784042350443,1.37862136542033,1.361492809569,0.0171285558513308,8.25179592419511e-06,0.00010447746572958,8.25179592419511e-06,4
"multinomial","tall",74002,"glmnet",5,0.0722595744985068,1.37662083128484,1.34843704174068,0.0281837895441547,3.05247109307402e-06,4.22423093730611e-05,3.05247109307402e-06,6
"multinomial","tall",74002,"glmnet",6,0.0661123272529782,1.37359477466731,1.33328645008116,0.0403083245861556,1.03290728298253e-06,1.56234631401212e-05,1.03290728298253e-06,8
"multinomial","tall",74002,"glmnet",7,0.0604880369852609,1.36947745113197,1.31712689457448,0.0523505565574925,1.93224160877585e-06,3.19437430538592e-05,1.93224160877585e-06,10
"multinomial","tall",74002,"glmnet",8,0.055342214838844,1.36426337373133,1.2996218138271,0.0646415599042329,1.92264103494669e-05,0.000347288833448623,2.98785009374133e-06,13
"multinomial","tall",74002,"glmnet",9,0.0506341567013503,1.35798521379922,1.28135915511546,0.0766260586837615,1.84362788731435e-05,0.000363975026517234,2.62073695485727e-06,17
"multinomial","tall",74002,"glmnet",10,0.0463266212297918,1.35067162927686,1.26318737570076,0.0874842535760953,4.5891389062816e-06,9.90544535616015e-05,1.28118500933978e-07,18
"multinomial","tall",74002,"glmnet",11,0.0423855352667771,1.34246783471504,1.24563502467508,0.0968328100399619,4.68686730823592e-06,0.000110565778626834,1.7126754435156e-07,22
"multinomial","tall",74002,"glmnet",12,0.0387797243174706,1.3335109289936,1.22887403829026,0.104636890703346,7.24192601621321e-06,0.00018672087598353,4.2299810506756e-07,25
"multinomial","tall",74002,"glmnet",13,0.0354806659553451,1.32391290454126,1.21270289176759,0.11121001277367,2.83548051628127e-05,0.000799044801908039,3.69706962399408e-06,30
"multinomial","tall",74002,"glmnet",14,0.0324622642061344,1.31377297296015,1.19725565498112,0.116517317979034,2.51179746509483e-05,0.000773575550511025,2.30906461471416e-06,32
"multinomial","tall",74002,"glmnet",15,0.0297006431253335,1.30324824813964,1.18324528672301,0.120002961416629,2.28585432353254e-05,0.000769391630209705,2.6825473111229e-06,35
"multinomial","tall",74002,"glmnet",16,0.0271739579364191,1.29248782837316,1.1707521743144,0.12173565405876,2.08899504849369e-05,0.000768531452411007,4.41724429047556e-06,35
"multinomial","tall",74002,"glmnet",17,0.024862222235869,1.28162558927006,1.15892377274125,0.122701816528812,2.26617040126297e-05,0.000910661430745554,5.57581587204019e-06,44
"multinomial","tall",74002,"glmnet",18,0.0227471498981496,1.27068975317786,1.14747672623206,0.123213026945805,1.87920559892515e-05,0.000825524448548765,5.08922605487913e-06,48
"multinomial","tall",74002,"glmnet",19,0.0208120104301209,1.25973357614993,1.13665146480324,0.123082111346685,2.56654648775681e-05,0.00123168557793571,6.67380789787743e-06,53
"multinomial","tall",74002,"glmnet",20,0.0190414966306919,1.24883802782911,1.12697552582733,0.121862502001776,1.9508952343681e-05,0.00102350068881172,5.13850750699769e-06,56
"multinomial","tall",74002,"glmnet",21,0.0174216035088997,1.23808173403738,1.11810889459784,0.119972839439544,1.13057968267397e-05,0.000648571714172224,2.67182411695225e-06,62
"multinomial","tall",74002,"glmnet",22,0.0159395175026364,1.22749107172616,1.10920208604931,0.118288985676849,1.24396233034882e-05,0.000779967667379386,1.66591378550557e-06,68
"multinomial","tall",74002,"glmnet",23,0.0145835151217317,1.21705916545952,1.10070025878022,0.116358906679303,1.18316509758014e-05,0.000810849833048813,1.55775789606741e-06,74
"multinomial","tall",74002,"glmnet",24,0.0133428702136436,1.20682365485597,1.09302078162107,0.113802873234896,1.20120325762113e-05,0.000899722338333385,1.32919867155207e-06,78
"multinomial","tall",74002,"glmnet",25,0.0122077691182177,1.19683001987109,1.08586534977921,0.110964670091879,1.18512754244092e-05,0.000969863689633103,2.00368592307249e-06,86
"multinomial","tall",74002,"glmnet",26,0.0111692330403784,1.18709088479672,1.07898734471745,0.108103540079269,1.14794706246747e-05,0.00102672084747529,1.20293755096462e-06,99
"multinomial","tall",74002,"glmnet",27,0.0102190470267097,1.17760922923666,1.07236306942472,0.105246159811938,1.22781861466338e-05,0.00120025784129641,1.29065046008356e-06,115
"multinomial","tall",74002,"glmnet",28,0.00934969498412102,1.16836439618196,1.06563618874665,0.102728207435314,8.46198740465584e-06,0.000904236531873034,1.26842443571339e-06,134
"multinomial","tall",74002,"glmnet",29,0.00855430022658813,1.15935201157243,1.05940424277341,0.0999477687990173,8.44447897630288e-06,0.00098618833874789,1.39117618371781e-06,146
"multinomial","tall",74002,"glmnet",30,0.00782657107968588,1.15060100337249,1.05372403805728,0.0968769653152081,8.96995767551111e-06,0.00114477834175593,1.5598295554901e-06,156
"multinomial","tall",74002,"glmnet",31,0.00716075111263741,1.14212983175052,1.04846751285883,0.0936623188916886,1.14077150585269e-05,0.00159168970266515,2.44876186663031e-06,175
"multinomial","tall",74002,"glmnet",32,0.0065515736042093,1.13395298828293,1.04372575550315,0.0902272327797798,7.57046853566961e-06,0.00115451323790121,1.85835106546601e-06,184
"multinomial","tall",74002,"glmnet",33,0.00599421988227193,1.12609014438423,1.03947834593756,0.0866117984466683,8.67520564481247e-06,0.00144550646582534,3.64427469227143e-06,190
"multinomial","tall",74002,"glmnet",34,0.00548428120748566,1.11855686747321,1.03573542588012,0.082821441593093,7.65330461929229e-06,0.00139405355601143,1.60175439939907e-06,198
"multinomial","tall",74002,"glmnet",35,0.00501772389960784,1.11136771709265,1.03246374057103,0.0789039765216238,8.93835517754189e-06,0.00177928986495536,2.6600771336148e-06,211
"multinomial","tall",74002,"glmnet",36,0.0045908574305654,1.10452547806068,1.02950358596643,0.0750218920942439,9.13253612533013e-06,0.00198645418918426,1.5431494789211e-06,224
"multinomial","tall",74002,"glmnet",37,0.00420030523190499,1.09802780457876,1.0268684699102,0.0711593346685583,8.51645428750613e-06,0.00202429846023624,1.75022397615183e-06,238
"multinomial","tall",74002,"glmnet",38,0.00384297798570399,1.09186951381193,1.0244719162226,0.0673975975893267,9.61591780508555e-06,0.00249860364264289,1.60518588208184e-06,252
"multinomial","tall",74002,"glmnet",39,0.00351604918766999,1.08604200672201,1.02233359413489,0.063708412587115,5.97842393998014e-06,0.00169750833570615,1.07961513230739e-06,267
"multinomial","tall",74002,"glmnet",40,0.00321693278912969,1.08053868679621,1.02042810450945,0.0601105822867599,6.91053625518929e-06,0.0021441746988762,1.77244486882757e-06,283
"multinomial","tall",74002,"glmnet",41,0.00294326274105272,1.07534989807484,1.01870079310363,0.0566491049712184,3.2687541971407e-05,0.0110137634202748,5.6718807757661e-06,297
"multinomial","tall",74002,"glmnet",42,0.00269287427830061,1.07046584052843,1.01719199331258,0.053273847215852,3.20038278456992e-05,0.0117677033779618,3.7814862851323e-06,312
"multinomial","tall",74002,"glmnet",43,0.00246378679605727,1.06587596906401,1.01585444687229,0.0500215221917144,3.13132076758655e-05,0.0125783178912462,4.1972471055873e-06,321
"multinomial","tall",74002,"glmnet",44,0.00225418818299118,1.06157027364892,1.01469052815564,0.0468797454932791,3.19495919550378e-05,0.0140393119444573,4.29099023655649e-06,336
"multinomial","tall",74002,"glmnet",45,0.00206242048722262,1.05753801433469,1.0136692769806,0.0438687373540972,3.03454833261059e-05,0.0145740357125892,4.93613067562487e-06,345
"multinomial","tall",74003,"picasso",1,0.13028307437306,1.37145506873939,1.37145506873939,0,3.37008199124966e-16,2.58673815264719e-15,3.37008199124966e-16,0
"multinomial","tall",74003,"picasso",2,0.119199667424749,1.37116830758589,1.36499800594657,0.0061703016393171,3.90159742358828e-08,3.27316127688763e-07,3.90159742358828e-08,1
"multinomial","tall",74003,"picasso",3,0.109059145115697,1.37040260973014,1.35958509778039,0.0108175119497586,9.04487947055119e-05,0.000829207566325006,9.04487947055119e-05,1
"multinomial","tall",74003,"picasso",4,0.0997812946154005,1.36927603743679,1.35453560280845,0.0147404346283402,7.7129618372599e-05,0.00077276031374935,7.7129618372599e-05,2
"multinomial","tall",74003,"picasso",5,0.0912927269378747,1.36768369886359,1.34692336542224,0.0207603334413514,3.91878221841224e-08,4.29254518878376e-07,3.91878221841224e-08,2
"multinomial","tall",74003,"picasso",6,0.0835262964253724,1.36547009507953,1.33566612116495,0.0298039739145775,3.22169185949794e-08,3.85709786886047e-07,3.22169185949794e-08,4
"multinomial","tall",74003,"picasso",7,0.0764205696176304,1.36243901273279,1.32448540292997,0.0379536098028208,2.44898602047156e-08,3.2046153563499e-07,2.44898602047156e-08,4
"multinomial","tall",74003,"picasso",8,0.0699193393053289,1.35878628945952,1.31475026906505,0.0440360203944654,9.04993305045572e-05,0.00129306310038314,9.04993305045572e-05,5
"multinomial","tall",74003,"picasso",9,0.0639711799238653,1.35453209844337,1.30292934802854,0.0516027504148367,8.04842099511424e-05,0.00125657800691375,8.04842099511424e-05,7
"multinomial","tall",74003,"picasso",10,0.0585290407705505,1.34955328924366,1.28918990843633,0.0603633808073278,8.21478212356397e-05,0.001401572348375,6.60908189064804e-05,10
"multinomial","tall",74003,"picasso",11,0.0535498738275231,1.34376891944538,1.27449518882717,0.0692737306182112,8.83135157841719e-05,0.00164646719358594,7.64401728311432e-05,13
"multinomial","tall",74003,"picasso",12,0.0489942932464135,1.33716277022137,1.25792163598456,0.0792411342368089,9.52759841199649e-05,0.0019408600566962,8.29946276832079e-05,17
"multinomial","tall",74003,"picasso",13,0.0448262638012379,1.3296726149172,1.24092463820388,0.0887479767133236,9.39071432952202e-05,0.0020905339699436,7.09337935193866e-05,20
"multinomial","tall",74003,"picasso",14,0.0410128158451447,1.32136598152785,1.2238089146851,0.0975570668427455,9.10797053545603e-05,0.00221584120275564,4.71581273037406e-05,24
"multinomial","tall",74003,"picasso",15,0.037523784516284,1.31232344367416,1.20707878047356,0.105244663200593,8.92113346386697e-05,0.00237182209553992,6.06043034189513e-05,29
"multinomial","tall",74003,"picasso",16,0.0343315711298863,1.30262593279773,1.19033367331286,0.112292259484878,8.34752003683256e-05,0.00242554374523511,6.31901652013702e-05,33
"multinomial","tall",74003,"picasso",17,0.0314109248691306,1.29239545938563,1.17507222878151,0.117323230604127,6.08005922892035e-05,0.00193191162536471,4.70882767011885e-05,37
"multinomial","tall",74003,"picasso",18,0.0287387430479485,1.28176909227822,1.16056578171001,0.12120331056821,7.56686403696159e-05,0.00262606924576889,3.02773820191283e-05,40
"multinomial","tall",74003,"picasso",19,0.0262938883658177,1.27086383287432,1.14733299174305,0.123530841131272,7.07050351736876e-05,0.00268181777349272,2.68905181794468e-05,45
"multinomial","tall",74003,"picasso",20,0.0240570217090074,1.25976103743814,1.13410092553096,0.125660111907181,6.49190789778174e-05,0.00269128755220859,2.79624136002574e-05,49
"multinomial","tall",74003,"picasso",21,0.0220104491757112,1.24853291801182,1.12217096149147,0.126361956520345,5.71321735102562e-05,0.00258896399229868,3.09490490570659e-05,52
"multinomial","tall",74003,"picasso",22,0.0201379821150169,1.23730427023575,1.11153885058541,0.125765419650337,5.15568958049453e-05,0.00255364403205591,2.28573941167989e-05,55
"multinomial","tall",74003,"picasso",23,0.0184248090726044,1.2261718441212,1.10184785413855,0.124323989982651,4.58938789654993e-05,0.00248468502177924,1.53884169286724e-05,59
"multinomial","tall",74003,"picasso",24,0.0168573786302442,1.21517529397955,1.09231339999304,0.122861893986511,4.50856256967586e-05,0.00266739955867155,1.07469067236788e-05,70
"multinomial","tall",74003,"picasso",25,0.0154232922123434,1.20431179861227,1.08312183449384,0.121189964118428,4.33442102888027e-05,0.0028024328693327,9.75290757620767e-06,75
"multinomial","tall",74003,"picasso",26,0.0141112060116245,1.19361810266988,1.07441140229593,0.11920670037395,4.12901003901799e-05,0.00291751363599577,4.86724963094194e-06,87
"multinomial","tall",74003,"picasso",27,0.0129107412581566,1.18309486298953,1.06591475188806,0.117180111101468,4.15356614764592e-05,0.00320682315041454,1.44993765591401e-05,93
"multinomial","tall",74003,"picasso",28,0.0118124021219557,1.17278587199348,1.05834890845013,0.114436963543344,3.66748533414708e-05,0.00309516542241477,1.54699901190059e-05,98
"multinomial","tall",74003,"picasso",29,0.010807500599753,1.16274046604281,1.05139390832397,0.111346557718845,3.29409207430655e-05,0.00303870655828768,1.12904432172237e-05,108
"multinomial","tall",74003,"picasso",30,0.00988808779177623,1.15297953883102,1.04495982780295,0.108019711028073,3.09204540828601e-05,0.00311729291038432,8.66513800708654e-06,120
"multinomial","tall",74003,"picasso",31,0.00904689102493398,1.1435163910734,1.03880180938674,0.104714581686657,2.88207783246813e-05,0.00317559426185538,1.54398049807199e-05,132
"multinomial","tall",74003,"picasso",32,0.00827725632504004,1.13435155198711,1.03308314697338,0.101268405013731,2.62806264718727e-05,0.00316499181316794,1.7231694756504e-05,140
"multinomial","tall",74003,"picasso",33,0.00757309578302512,1.12550250300579,1.02784734637165,0.0976551566341345,2.3603810891123e-05,0.00310711389851797,1.53093128088609e-05,150
"multinomial","tall",74003,"picasso",34,0.00692883939879624,1.11697898335669,1.02298607061065,0.0939929127460359,2.09499407759313e-05,0.00301447133895729,1.38392447009514e-05,165
"multinomial","tall",74003,"picasso",35,0.00633939102182248,1.10878238436305,1.01851995610865,0.0902624282544054,1.89110896158286e-05,0.00297423577621585,1.20348438037581e-05,175
"multinomial","tall",74003,"picasso",36,0.00580008803993138,1.10092176754745,1.01445762374063,0.0864641438068179,1.75108222220952e-05,0.0030099741554909,1.09714455363076e-05,187
"multinomial","tall",74003,"picasso",37,0.00530666449744944,1.09340169088438,1.01077319727224,0.0826284936121438,1.53912393759071e-05,0.0028919726017541,8.9750941435513e-06,202
"multinomial","tall",74003,"picasso",38,0.00485521735094618,1.08622069315327,1.00739195139737,0.0788287417559018,1.39478541247278e-05,0.00286452677970385,8.75359834228342e-06,212
"multinomial","tall",74003,"picasso",39,0.00444217559566069,1.07937918627732,1.0043690293372,0.0750101569401289,1.22912089560055e-05,0.00275929970861308,7.94969261206038e-06,226
"multinomial","tall",74003,"picasso",40,0.00406427201839642,1.07287781543436,1.00168660139943,0.0711912140349259,1.08633540811202e-05,0.00266576520487849,7.4920938856066e-06,238
"multinomial","tall",74003,"picasso",41,0.00371851735344635,1.0667147069392,0.999296926289844,0.0674177806493531,9.47047725175475e-06,0.00254037236220841,6.9896896092187e-06,255
"multinomial","tall",74003,"picasso",42,0.00340217663711823,1.0608838920702,0.997160692190032,0.0637231998801706,8.36029820111984e-06,0.00245131437063209,6.10249021370569e-06,269
"multinomial","tall",74003,"picasso",43,0.00311274757382145,1.05537742646937,0.995253712683223,0.0601237137861465,7.49137543520689e-06,0.00240089799436405,5.84444144217475e-06,283
"multinomial","tall",74003,"picasso",44,0.00284794074258838,1.050187748606,0.993578653916927,0.0566090946890755,6.8480514131327e-06,0.0023987944143265,5.17060208428752e-06,293
"multinomial","tall",74003,"picasso",45,0.0026056614874612,1.04530608425704,0.99211095052755,0.0531951337294939,5.91318399979605e-06,0.00226422168372771,4.71486152125042e-06,300
"multinomial","tall",74003,"glmnet",1,0.13028307437306,1.37145506873939,1.37145506873939,2.19382498464969e-16,2.49952836206546e-16,1.9185365206444e-15,2.49952836206546e-16,0
"multinomial","tall",74003,"glmnet",2,0.119199667424749,1.37116830889687,1.36499855268509,0.00616975621177583,1.91526796018867e-05,0.000160675968774055,1.91526796018867e-05,1
"multinomial","tall",74003,"glmnet",3,0.109059145115697,1.37040259024203,1.3595741978807,0.0108283923613241,1.60852969134952e-05,0.00014748933527193,1.60852969134952e-05,1
"multinomial","tall",74003,"glmnet",4,0.0997812946154005,1.3692760213267,1.35451852146263,0.0147574998640702,1.36378135354339e-05,0.000136674318084849,1.36378135354339e-05,2
"multinomial","tall",74003,"glmnet",5,0.0912927269378747,1.36768370066793,1.34692548062605,0.0207582200418761,2.23008919828506e-05,0.000244267569635876,2.23008919828506e-05,2
"multinomial","tall",74003,"glmnet",6,0.0835262964253724,1.36547009749251,1.3356693585767,0.0298007389158172,2.46357573108951e-05,0.000294926428286239,2.46357573108951e-05,4
"multinomial","tall",74003,"glmnet",7,0.0764205696176304,1.36243901477005,1.32448890076789,0.0379501140021558,2.0981708493329e-05,0.000274535294647712,2.0981708493329e-05,4
"multinomial","tall",74003,"glmnet",8,0.0699193393053289,1.35878623280654,1.31467584972849,0.0441103830780483,1.76866018885582e-05,0.000252935522858172,1.76866018885582e-05,5
"multinomial","tall",74003,"glmnet",9,0.0639711799238653,1.35453202382835,1.3028364079714,0.0516956158569577,1.95571945037519e-05,0.000305686091285684,1.95571945037519e-05,7
"multinomial","tall",74003,"glmnet",10,0.0585290407705505,1.3495532221285,1.28909855149584,0.0604546706326604,2.59536069181082e-06,4.43431183345723e-05,2.58458853067571e-07,10
"multinomial","tall",74003,"glmnet",11,0.0535498738275231,1.34376883918739,1.27437712363858,0.0693917155488077,1.64727283792979e-05,0.000307609316337689,1.3526642760985e-06,13
"multinomial","tall",74003,"glmnet",12,0.0489942932464135,1.33716266915275,1.25777440848871,0.0793882606640384,1.38757070936441e-05,0.000283207910322017,1.42018684488537e-06,17
"multinomial","tall",74003,"glmnet",13,0.0448262638012379,1.32967251527207,1.2407679133132,0.0889046019588783,1.28951407214681e-05,0.000287661804399641,1.31364813661519e-06,20
"multinomial","tall",74003,"glmnet",14,0.0410128158451447,1.32136588799545,1.22364784459874,0.0977180433967189,1.70815912618888e-05,0.000416320593741772,1.12186759136068e-06,24
"multinomial","tall",74003,"glmnet",15,0.037523784516284,1.31232334116797,1.20692666428975,0.105396676878212,1.29516806046948e-05,0.000345043009359752,1.21041445924198e-06,29
"multinomial","tall",74003,"glmnet",16,0.0343315711298863,1.30262582421478,1.19016218698676,0.112463637228025,1.97629781061859e-05,0.000575319084960594,2.84962616418281e-06,33
"multinomial","tall",74003,"glmnet",17,0.0314109248691306,1.29239535656208,1.17490685729121,0.117488499270861,2.09021585115057e-05,0.000665218054710108,3.23352042459458e-06,37
"multinomial","tall",74003,"glmnet",18,0.0287387430479485,1.28176898953285,1.16038276480102,0.121386224731832,3.82018900053002e-05,0.0013275567001209,3.11951992999165e-06,40
"multinomial","tall",74003,"glmnet",19,0.0262938883658177,1.27086373628392,1.14716098636499,0.123702749918925,4.50325566960022e-05,0.00171087681063695,7.85905837246095e-06,45
"multinomial","tall",74003,"glmnet",20,0.0240570217090074,1.25976094304042,1.13392541926402,0.125835523776396,3.7317588173446e-05,0.00154914527250917,1.16712408900024e-05,49
"multinomial","tall",74003,"glmnet",21,0.0220104491757112,1.24853282450473,1.12201090679637,0.126521917708358,3.55448142862758e-05,0.00161305524495453,1.05173386878594e-05,52
"multinomial","tall",74003,"glmnet",22,0.0201379821150169,1.23730418193644,1.11139341644503,0.12591076549141,3.33945555485785e-05,0.00165644349193595,8.16079240236464e-06,55
"multinomial","tall",74003,"glmnet",23,0.0184248090726044,1.22617176778937,1.10171679810672,0.124454969682654,3.97338104850264e-05,0.0021518978691542,7.66247515444324e-06,59
"multinomial","tall",74003,"glmnet",24,0.0168573786302442,1.21517521543159,1.09218456241378,0.122990653017814,3.04358902717579e-05,0.00180389514643908,5.13836796552125e-06,70
"multinomial","tall",74003,"glmnet",25,0.0154232922123434,1.2043117234776,1.08300066635628,0.121311057121321,2.89540756816167e-05,0.00187562616608986,6.57807002804948e-06,75
"multinomial","tall",74003,"glmnet",26,0.0141112060116245,1.19361803194034,1.07430084836306,0.119317183577282,2.51911103415197e-05,0.00178396820138663,4.12335965081368e-06,87
"multinomial","tall",74003,"glmnet",27,0.0129107412581566,1.18309479546321,1.06580721186228,0.11728758360093,2.37396796609821e-05,0.00183726078523249,4.56964842240069e-06,93
"multinomial","tall",74003,"glmnet",28,0.0118124021219557,1.17278581404115,1.05825344662401,0.11453236741714,2.16940276541039e-05,0.00183510814711342,4.11000869806902e-06,98
"multinomial","tall",74003,"glmnet",29,0.010807500599753,1.16274041531293,1.0513064886411,0.111433926671829,1.92681223140593e-05,0.00178149094904109,3.39056302545126e-06,108
"multinomial","tall",74003,"glmnet",30,0.00988808779177623,1.15297949318756,1.04488309028711,0.108096402900448,1.70156026952379e-05,0.0017192534176799,1.83161147715877e-06,120
"multinomial","tall",74003,"glmnet",31,0.00904689102493398,1.1435163505843,1.03872632215643,0.104790028427875,1.49260629912756e-05,0.00164816087234817,3.38064011694464e-06,132
"multinomial","tall",74003,"glmnet",32,0.00827725632504004,1.13435151576922,1.03301384014658,0.101337675622636,1.32561041174591e-05,0.00159991501577528,2.68074072599189e-06,140
"multinomial","tall",74003,"glmnet",33,0.00757309578302512,1.12550247160909,1.02778466401942,0.097717807589662,1.27503065053183e-05,0.00168215593293687,2.51431388435714e-06,150
"multinomial","tall",74003,"glmnet",34,0.00692883939879624,1.1169789573178,1.02292804758363,0.0940509097341674,1.25254604274611e-05,0.00180628848421597,2.47474140059033e-06,165
"multinomial","tall",74003,"glmnet",35,0.00633939102182248,1.108782360605,1.01846806294838,0.0903142976566277,1.10786264337038e-05,0.00174598522040171,2.08993905042523e-06,175
"multinomial","tall",74003,"glmnet",36,0.00580008803993138,1.10092174751557,1.01441191598708,0.0865098315284934,1.08633582033653e-05,0.0018713482529168,2.28005975254893e-06,187
"multinomial","tall",74003,"glmnet",37,0.00530666449744944,1.09340167746247,1.01073262455305,0.0826690529094288,1.22011346792451e-05,0.00229421037823987,1.42674540665551e-06,202
"multinomial","tall",74003,"glmnet",38,0.00485521735094618,1.08622068214425,1.00735507212676,0.0788656100174961,1.19074842092814e-05,0.00244734856835934,1.68273042476187e-06,213
"multinomial","tall",74003,"glmnet",39,0.00444217559566069,1.07937918027852,1.00433675351797,0.0750424267605466,1.35957594938193e-05,0.00305385497426428,2.20774349679037e-06,226
"multinomial","tall",74003,"glmnet",40,0.00406427201839642,1.07287781169421,1.00165918712107,0.0712186245731351,1.3013374159522e-05,0.00319501404451264,2.04465639390661e-06,239
"multinomial","tall",74003,"glmnet",41,0.00371851735344635,1.06671470351215,0.999272988120944,0.0674417153912083,1.09574900708344e-05,0.00293994523502028,1.9534552739381e-06,255
"multinomial","tall",74003,"glmnet",42,0.00340217663711823,1.06088389004812,0.99714089288506,0.0637429971630598,1.00214964239582e-05,0.00293807444635338,1.78429389087301e-06,269
"multinomial","tall",74003,"glmnet",43,0.00311274757382145,1.0553774260773,0.99523734302876,0.060140083048535,1.1148816293014e-05,0.00357332236679191,1.46689459826618e-06,283
"multinomial","tall",74003,"glmnet",44,0.00284794074258838,1.0501878691846,0.993547383819917,0.056640485364686,5.12242064387124e-05,0.0178800169980955,1.27982547843848e-05,293
"multinomial","tall",74003,"glmnet",45,0.0026056614874612,1.04530619199511,0.992083321497315,0.0532228704977957,4.57837886335714e-05,0.0174653807709488,1.15304835026606e-05,301
"multinomial","wide",74001,"picasso",1,0.114628313075308,1.36725910483678,1.36725910483678,0,4.56777472988636e-17,3.98485732480894e-16,4.56777472988636e-17,0
"multinomial","wide",74001,"picasso",2,0.104876683804002,1.36687801521899,1.35722308414955,0.00965493106944743,3.65430083762441e-07,3.48437594320163e-06,3.69177357649266e-08,3
"multinomial","wide",74001,"picasso",3,0.095954642536687,1.36557871430685,1.34644878975512,0.019129924551732,4.16205253206403e-07,4.33751564530663e-06,6.17831036063356e-08,3
"multinomial","wide",74001,"picasso",4,0.0877916147839908,1.36351303211809,1.33571891454132,0.0277941175767744,4.03812697571948e-07,4.59966692842355e-06,3.96894419834355e-08,4
"multinomial","wide",74001,"picasso",5,0.0803230299506752,1.36066375484517,1.32388389148628,0.0367798633588889,3.93110874546965e-07,4.89411767611248e-06,2.47880613717706e-08,6
"multinomial","wide",74001,"picasso",6,0.0734898105739544,1.35665362046587,1.3006654229373,0.0559881975285697,5.16586767973504e-07,7.02935416080318e-06,2.68122778431166e-08,13
"multinomial","wide",74001,"picasso",7,0.0672379050131973,1.35029759683878,1.26007975311697,0.0902178437218179,8.33145290711397e-05,0.00123764107928478,8.33145290711397e-05,29
"multinomial","wide",74001,"picasso",8,0.0615178598945255,1.34001996149907,1.19710967833418,0.142910283164899,8.14397235211761e-07,1.32383575668063e-05,6.94486856593425e-08,55
"multinomial","wide",74001,"picasso",9,0.0562844289282907,1.32461118568278,1.12024059091889,0.204370594763886,5.83916314737809e-07,1.03743541127721e-05,2.64486198214049e-08,81
"multinomial","wide",74001,"picasso",10,0.0514962150051278,1.30374323054212,1.03994146614097,0.263801764401142,3.44602500658431e-06,6.691622513066e-05,6.30746594119737e-08,100
"multinomial","wide",74001,"picasso",11,0.047115342739516,1.27781928616203,0.958562861866971,0.319256424295057,1.55331645577267e-06,3.29674494172164e-05,1.80249740861901e-07,134
"multinomial","wide",74001,"picasso",12,0.043107158870628,1.24707151069246,0.875631513953386,0.37143999673907,2.77121101210226e-06,6.42824288245013e-05,2.24852138301527e-07,168
"multinomial","wide",74001,"picasso",13,0.0394399581505974,1.21197130293865,0.795481112379048,0.416490190559607,5.32820299801312e-06,0.000135088218788407,7.12902874388204e-07,194
"multinomial","wide",74001,"picasso",14,0.0360847325519464,1.17329371904827,0.720958419424176,0.452335299624094,2.62001716543059e-06,7.26029178524294e-05,2.63155892029156e-07,226
"multinomial","wide",74001,"picasso",15,0.0330149418103725,1.13178445203686,0.651786206124714,0.479998245912143,3.7941961097479e-06,0.000114910398417524,9.19889183367273e-07,253
"multinomial","wide",74001,"picasso",16,0.030206303487858,1.08814874228103,0.587719608441686,0.500429133839344,4.04650855414385e-06,0.000133946834397616,1.15503293909358e-06,287
"multinomial","wide",74001,"picasso",17,0.0276366008954746,1.04302689252044,0.529674151916276,0.513352740604163,3.34303545478781e-06,0.000120952498964779,3.4069035499936e-07,304
"multinomial","wide",74001,"picasso",18,0.0252855073565279,0.997065407055785,0.477659474648551,0.519405932407233,3.43654748994823e-06,0.000135895235215655,5.48678575674378e-07,313
"multinomial","wide",74001,"picasso",19,0.0231344254199408,0.950846312873201,0.432456003723595,0.518390309149605,9.98458103484839e-05,0.00429735064030415,7.86576191384907e-05,328
"multinomial","wide",74001,"picasso",20,0.0211663397520332,0.90482273418887,0.389616895229471,0.515205838959399,4.09942120421086e-06,0.000193638930712082,3.53469829933609e-07,344
"multinomial","wide",74001,"picasso",21,0.0193656825430525,0.859344577533343,0.352988470542561,0.506356106990783,8.29566464704418e-05,0.00426542164014903,5.02123665611188e-05,359
"multinomial","wide",74001,"picasso",22,0.0177182103638049,0.814704052177279,0.319238893068367,0.495465159108913,8.19437001451477e-05,0.0046035388149311,4.28838047484857e-05,371
"multinomial","wide",74001,"picasso",23,0.016210891498305,0.771147160008617,0.288986519795488,0.482160640213129,8.36182478198659e-05,0.00513168233488901,3.10774132108295e-05,384
"multinomial","wide",74001,"picasso",24,0.0148318028612335,0.728863920536914,0.261736139453183,0.46712778108373,8.69736285771579e-05,0.00582980974589706,2.56784379440499e-05,395
"multinomial","wide",74001,"picasso",25,0.0135700356848045,0.687994370309568,0.237409398447603,0.450584971861965,8.34874181221221e-05,0.00611471614269483,1.50866904891043e-05,408
"multinomial","wide",74001,"picasso",26,0.0124156092290154,0.648639071371819,0.215468213903974,0.433170857467845,7.86519172539905e-05,0.00629504348702322,1.32047030161627e-05,414
"multinomial","wide",74001,"picasso",27,0.0113593918327145,0.610864350876171,0.195684710326903,0.415179640549267,7.30461277095029e-05,0.00638937451157563,8.7574076469546e-06,421
"multinomial","wide",74001,"picasso",28,0.0103930286809916,0.574710072668043,0.177852027049492,0.396858045618551,6.55598077754348e-05,0.00626851394390828,1.07714110326943e-05,427
"multinomial","wide",74001,"picasso",29,0.00950887571752175,0.540193383817447,0.161712432193877,0.378480951623569,6.42184404559629e-05,0.00670822196002811,4.10831660848156e-06,437
"multinomial","wide",74001,"picasso",30,0.00869993917910059,0.50731356618951,0.147144376125978,0.360169190063532,5.96361321327371e-05,0.00680810770086758,9.59963668048865e-06,439
"multinomial","wide",74001,"picasso",31,0.00795982027408134,0.476056139144109,0.133936544885947,0.342119594258163,5.18999869192852e-05,0.00647800787203261,6.60599245731618e-06,452
"multinomial","wide",74001,"picasso",32,0.00728266456711326,0.446392384801019,0.121992975194934,0.324399409606085,4.69568050532748e-05,0.00640644348036698,1.22337534237517e-05,460
"multinomial","wide",74001,"picasso",33,0.00666311566980803,0.418286851956226,0.11113725625987,0.307149595696357,4.8470314241403e-05,0.00722188680240351,4.77655474167617e-06,470
"multinomial","wide",74001,"picasso",34,0.00609627287102138,0.3916961103342,0.101288658583191,0.290407451751009,4.6131344801182e-05,0.00751030755715322,5.93271695215546e-06,473
"multinomial","wide",74001,"picasso",35,0.00557765237160022,0.366572462008077,0.0923510082384306,0.274221453769646,4.50565366089317e-05,0.00801331481755159,8.36374434441135e-06,481
"multinomial","wide",74001,"picasso",36,0.00510315181695685,0.342864192346432,0.0842363997773367,0.258627792569095,4.00136008145624e-05,0.00777995603180515,7.68696800100229e-06,485
"multinomial","wide",74001,"picasso",37,0.00466901784691873,0.320516684827644,0.0768518326233026,0.243664852204341,3.62016956064973e-05,0.00769394398695121,6.84504025051763e-06,491
"multinomial","wide",74001,"picasso",38,0.00427181640616865,0.299473585916894,0.0701360237196499,0.229337562197244,3.24904294545627e-05,0.00754835347370361,6.84696705193888e-06,496
"multinomial","wide",74001,"picasso",39,0.00390840558042726,0.279677690673672,0.064027139725002,0.21565055094867,2.81997073122223e-05,0.00716345817043176,6.5097677960476e-06,504
"multinomial","wide",74001,"picasso",40,0.00357591074350864,0.261071555538579,0.0584582269929499,0.202613328545629,2.72627603307347e-05,0.0075663190522701,7.05392214557786e-06,513
"multinomial","wide",74001,"picasso",41,0.00327170181865892,0.24359746013417,0.0533975540177615,0.190199906116408,2.39185571278967e-05,0.00725767970838761,4.40818831689052e-06,517
"multinomial","wide",74001,"picasso",42,0.00299337247431221,0.227199794112197,0.0487771885221292,0.178422605590068,2.115005105473e-05,0.00701605341368468,3.4802829753688e-06,522
"multinomial","wide",74001,"picasso",43,0.00273872108969968,0.211823491667105,0.0445553428628037,0.167268148804301,2.01673113477078e-05,0.00730994096754745,5.01102073431368e-06,521
"multinomial","wide",74001,"picasso",44,0.00250573333974725,0.197413747166002,0.0407184807380699,0.156695266427932,1.74080963790389e-05,0.0068993739826829,3.28630753092437e-06,525
"multinomial","wide",74001,"picasso",45,0.00229256626150617,0.183919238211612,0.0372060045298172,0.146713233681794,1.68680232217073e-05,0.00730396328367268,3.19084923584514e-06,536
"multinomial","wide",74001,"glmnet",1,0.114628313075308,1.36725910483678,1.36725910483678,6.37162034810139e-17,4.35366028942294e-17,3.79806713770853e-16,4.35366028942294e-17,0
"multinomial","wide",74001,"glmnet",2,0.104876683804002,1.36687801666078,1.35722708185501,0.00965093480577119,1.90973333810243e-05,0.000182085436159532,1.90973333810243e-05,3
"multinomial","wide",74001,"glmnet",3,0.095954642536687,1.36557871672617,1.34645340357413,0.01912531315204,2.387898743977e-05,0.000248836846723934,2.387898743977e-05,3
"multinomial","wide",74001,"glmnet",4,0.0877916147839908,1.36351303385629,1.3357255295234,0.0277875043328932,1.74715196777523e-05,0.000198988547367569,1.74715196777523e-05,4
"multinomial","wide",74001,"glmnet",5,0.0803230299506752,1.3606637548588,1.32388296773221,0.0367807871265828,1.41310051933923e-06,1.75927059656033e-05,1.41310051933923e-06,6
"multinomial","wide",74001,"glmnet",6,0.0734898105739544,1.35665362051126,1.30066416535379,0.0559894551574749,2.41319108424715e-06,3.28368211728973e-05,2.41319108424715e-06,13
"multinomial","wide",74001,"glmnet",7,0.0672379050131973,1.35029749753911,1.25994934204022,0.0903481554988886,6.16072705800219e-06,9.16248935826112e-05,3.46896226896622e-07,29
"multinomial","wide",74001,"glmnet",8,0.0615178598945255,1.34001996631177,1.19710054836225,0.142919417949526,1.53694724793763e-05,0.000249800421831331,1.11947142485675e-06,55
"multinomial","wide",74001,"glmnet",9,0.0562844289282907,1.32461118794135,1.12023343985209,0.204377748089259,1.29196062307532e-05,0.000229488716024182,7.93981383706328e-07,81
"multinomial","wide",74001,"glmnet",10,0.0514962150051278,1.30374323241993,1.03993899006478,0.263804242355156,1.21636567265437e-05,0.000236171365778545,9.64432869157943e-07,100
"multinomial","wide",74001,"glmnet",11,0.047115342739516,1.27781930183869,0.958557367865133,0.319261933973554,2.7550797394485e-05,0.000584410402660458,2.39501104387922e-06,134
"multinomial","wide",74001,"glmnet",12,0.043107158870628,1.24707157216078,0.875618686657834,0.371452885502942,3.58234604759533e-05,0.000830342700952464,4.242252044751e-06,168
"multinomial","wide",74001,"glmnet",13,0.0394399581505974,1.21197138853238,0.795481727377541,0.416489661154842,3.35734254666778e-05,0.000850530067267556,4.75866900639753e-06,194
"multinomial","wide",74001,"glmnet",14,0.0360847325519464,1.17329387283041,0.720943742288714,0.452350130541694,4.08527338112002e-05,0.00113085320246164,1.10265630989068e-05,227
"multinomial","wide",74001,"glmnet",15,0.0330149418103725,1.13178471138621,0.651743016632991,0.48004169475322,4.1501215421437e-05,0.00125559100497216,1.23279025755974e-05,254
"multinomial","wide",74001,"glmnet",16,0.030206303487858,1.08814915303845,0.587669152654725,0.500480000383721,6.66878589922169e-05,0.00220536068495012,1.47475440440386e-05,288
"multinomial","wide",74001,"glmnet",17,0.0276366008954746,1.04302707650091,0.529660835642784,0.513366240858128,4.45602368427979e-05,0.00161101011485765,4.53754493373204e-06,304
"multinomial","wide",74001,"glmnet",18,0.0252855073565279,0.997065607054284,0.477648232752303,0.519417374301982,3.95276606118405e-05,0.00156197493990362,3.53306741623998e-06,313
"multinomial","wide",74001,"glmnet",19,0.0231344254199408,0.950845214118332,0.431309877876759,0.519535336241573,5.13751748137982e-05,0.0022174901586233,1.30978077128045e-05,327
"multinomial","wide",74001,"glmnet",20,0.0211663397520332,0.904823067777919,0.389589072815888,0.515233994962031,3.80104070510125e-05,0.00179410819131675,6.41454627179568e-06,345
"multinomial","wide",74001,"glmnet",21,0.0193656825430525,0.859343324961251,0.352004604527497,0.507338720433754,4.4586010987311e-05,0.00229958386949127,6.70747110503574e-06,359
"multinomial","wide",74001,"glmnet",22,0.0177182103638049,0.814703168298347,0.318235598922867,0.49646756937548,6.68872914961448e-05,0.00376760453545588,1.45909882903497e-05,371
"multinomial","wide",74001,"glmnet",23,0.016210891498305,0.771146445500573,0.28803554932434,0.483110896176233,6.48323113035428e-05,0.00398977866477021,1.61834002491259e-05,384
"multinomial","wide",74001,"glmnet",24,0.0148318028612335,0.728862142937069,0.260947433104051,0.467914709833018,6.38597630187379e-05,0.004293884679508,1.758070536218e-05,390
"multinomial","wide",74001,"glmnet",25,0.0135700356848045,0.687993280152582,0.236618350787401,0.451374929365181,6.24859007856502e-05,0.00459151379047576,1.83081778023078e-05,405
"multinomial","wide",74001,"glmnet",26,0.0124156092290154,0.648638211773759,0.21472757349415,0.433910638279609,5.8491226541401e-05,0.00469775758968015,1.82176193682005e-05,411
"multinomial","wide",74001,"glmnet",27,0.0113593918327145,0.61086341259874,0.194997677462942,0.415865735135798,5.53043002241467e-05,0.00485525758152916,1.90906829758049e-05,420
"multinomial","wide",74001,"glmnet",28,0.0103930286809916,0.574709195372752,0.177214258020065,0.397494937352687,5.69961873735265e-05,0.00546862150516117,2.06124519693456e-05,426
"multinomial","wide",74001,"glmnet",29,0.00950887571752175,0.540192626705213,0.161135571158413,0.3790570555468,5.67347453988773e-05,0.00594922691009386,2.01056058806565e-05,436
"multinomial","wide",74001,"glmnet",30,0.00869993917910059,0.507312920372509,0.146612977464238,0.360699942908272,5.01758927353747e-05,0.00574889452093065,1.82434279429531e-05,440
"multinomial","wide",74001,"glmnet",31,0.00795982027408134,0.476055563036306,0.133467049115223,0.342588513921084,4.39715824163724e-05,0.00550100219687983,1.51291632457718e-05,448
"multinomial","wide",74001,"glmnet",32,0.00728266456711326,0.446392749737633,0.121544222340763,0.32484852739687,4.26886581241532e-05,0.00583469377117001,1.44449130703427e-05,461
"multinomial","wide",74001,"glmnet",33,0.00666311566980803,0.41828747151551,0.110721437677026,0.307566033838485,4.35628621142459e-05,0.00651044936104683,1.42362222015833e-05,470
"multinomial","wide",74001,"glmnet",34,0.00609627287102138,0.391696668932284,0.100909862980657,0.290786805951627,4.13295605320042e-05,0.00675144605713775,1.40492070279564e-05,474
"multinomial","wide",74001,"glmnet",35,0.00557765237160022,0.366572864744098,0.0920046631483563,0.274568201595742,3.57916332000482e-05,0.0063907006508879,1.29690004210587e-05,477
"multinomial","wide",74001,"glmnet",36,0.00510315181695685,0.342866136326862,0.0838675485613001,0.258998587765561,4.35432569044951e-05,0.00848180607644161,2.08943495763115e-05,487
"multinomial","wide",74001,"glmnet",37,0.00466901784691873,0.32051727998977,0.0765589210865709,0.243958358903199,3.19609689612326e-05,0.00680958895850791,1.06688325117503e-05,490
"multinomial","wide",74001,"glmnet",38,0.00427181640616865,0.299475294514299,0.0698308759377736,0.229644418576525,3.92131635356232e-05,0.00912310572469469,1.76288320822027e-05,493
"multinomial","wide",74001,"glmnet",39,0.00390840558042726,0.279679696213604,0.0637433147292807,0.215936381484324,3.73091656818442e-05,0.00947858768814147,1.7068243616088e-05,500
"multinomial","wide",74001,"glmnet",40,0.00357591074350864,0.261073478214659,0.0582002964441553,0.202873181770504,3.75047974937441e-05,0.0104134872823577,1.60484391858463e-05,510
"multinomial","wide",74001,"glmnet",41,0.00327170181865892,0.243599721458062,0.0531483942459084,0.190451327212153,3.49395507261998e-05,0.0106052331566026,1.48603898525629e-05,518
"multinomial","wide",74001,"glmnet",42,0.00299337247431221,0.227202092501582,0.0485446335943773,0.178657458907205,3.16675937357728e-05,0.0105026065373784,1.36214357420085e-05,523
"multinomial","wide",74001,"glmnet",43,0.00273872108969968,0.211825391048828,0.0443488288632798,0.167476562185549,2.94103672964191e-05,0.010659683249844,1.25243199609132e-05,528
"multinomial","wide",74001,"glmnet",44,0.00250573333974725,0.197415780942818,0.0405241705229678,0.15689161041985,2.6856781521064e-05,0.0106405431687547,1.15116783971777e-05,535
"multinomial","wide",74001,"glmnet",45,0.00229256626150617,0.183920938703739,0.0370338850828018,0.146887053620937,2.50118335492671e-05,0.0108311978893645,1.13640886527032e-05,540
"multinomial","wide",74002,"picasso",1,0.151167297187053,1.37269852263687,1.37269852263687,0,1.30689110327304e-16,8.64532956262296e-16,1.30689110327304e-16,0
"multinomial","wide",74002,"picasso",2,0.138307233206656,1.37225858614008,1.36120625396007,0.0110523321800101,3.21514171788432e-08,2.3246371988142e-07,3.21514171788432e-08,2
"multinomial","wide",74002,"picasso",3,0.126541197158604,1.37066853273931,1.34656049347441,0.0241080392648976,2.56080908098541e-08,2.02369572384156e-07,2.56080908098541e-08,2
"multinomial","wide",74002,"picasso",4,0.115776118190485,1.36802628508245,1.33283313750262,0.0351931475798397,8.74150391422518e-05,0.000754689263540592,8.74150391422518e-05,3
"multinomial","wide",74002,"picasso",5,0.105926843148613,1.36436575073217,1.31645264578289,0.0479131049492724,5.02057248580323e-07,4.73965696451407e-06,4.10135384608974e-08,5
"multinomial","wide",74002,"picasso",6,0.0969154630056769,1.35951556041885,1.29796388635131,0.0615516740675425,5.63837704053993e-07,5.81782472854003e-06,4.37310722374771e-08,6
"multinomial","wide",74002,"picasso",7,0.0886706965903546,1.3534135416913,1.27826318472012,0.0751503569711796,4.12635220714552e-07,4.65356552137357e-06,3.37155259870294e-08,9
"multinomial","wide",74002,"picasso",8,0.0811273267441148,1.34593446120362,1.25288110964655,0.0930533515570755,7.78074145502128e-07,9.59076408768531e-06,3.45597958352682e-08,11
"multinomial","wide",74002,"picasso",9,0.0742256844451395,1.33694278302021,1.2276564874178,0.109286295602408,2.40560002716383e-06,3.24087983383418e-05,1.2605307501198e-07,18
"multinomial","wide",74002,"picasso",10,0.0679111768187172,1.32615451994669,1.19123354069702,0.134920979249666,2.26714059589628e-06,3.33832417976631e-05,5.77960872099762e-07,26
"multinomial","wide",74002,"picasso",11,0.0621338553006104,1.31262192653382,1.1420006688523,0.17062125768152,2.10318508458984e-06,3.38482201711254e-05,6.9522324587861e-07,39
"multinomial","wide",74002,"picasso",12,0.0568480205375142,1.29555522219101,1.0815475441189,0.214007678072114,4.37041738768351e-06,7.68761233760753e-05,2.99368582867197e-07,59
"multinomial","wide",74002,"picasso",13,0.052011860899317,1.27459522387479,1.01707098726802,0.257524236606771,3.75588534197446e-06,7.22093724209383e-05,3.12796255819465e-07,78
"multinomial","wide",74002,"picasso",14,0.0475871217437502,1.24974940839168,0.948624856811654,0.301124551580023,3.11867583396158e-06,6.55322076109401e-05,6.6299388005001e-07,102
"multinomial","wide",74002,"picasso",15,0.0435388028172674,1.22092217847916,0.872933752164685,0.347988426314473,4.81446051719264e-06,0.000110566388788488,1.35928431512159e-06,149
"multinomial","wide",74002,"picasso",16,0.0398348813985551,1.18790696498775,0.793899077621662,0.394007887366092,7.26697433081624e-06,0.000182394138559097,1.12921405735854e-06,196
"multinomial","wide",74002,"picasso",17,0.0364460589947049,1.15104729221191,0.717280369718074,0.433766922493839,3.6461547118366e-06,0.00010003248851781,6.90448270460529e-07,229
"multinomial","wide",74002,"picasso",18,0.0333455295863813,1.11103734257883,0.646194891008608,0.464842451570221,7.55530210155148e-06,0.000226524836512511,1.28565597875591e-06,257
"multinomial","wide",74002,"picasso",19,0.0305087675887749,1.06866603808264,0.58186585185901,0.486800186223635,7.66975367841663e-06,0.000251331883612337,1.40782433136939e-06,281
"multinomial","wide",74002,"picasso",20,0.0279133338510846,1.02471859940595,0.524186421020149,0.500532178385805,7.0557232677293e-06,0.000252708625319852,1.2602544249966e-06,302
"multinomial","wide",74002,"picasso",21,0.0255386981599605,0.979861324942249,0.472339878022904,0.507521446919345,7.9168585430528e-06,0.000309906424305011,1.885593558428e-06,326
"multinomial","wide",74002,"picasso",22,0.0233660768428858,0.93463420534327,0.425686354868245,0.508947850475024,5.61695022032252e-06,0.00024033207185593,8.42051615313497e-07,340
"multinomial","wide",74002,"picasso",23,0.0213782841869215,0.889503451079063,0.38397672083719,0.505526730241873,6.68974126776661e-06,0.000312839949293562,1.25056253485309e-06,351
"multinomial","wide",74002,"picasso",24,0.0195595964975151,0.844857294268111,0.346630900189132,0.498226394078979,8.17999288030974e-06,0.000418060132496999,1.3960740518414e-06,370
"multinomial","wide",74002,"picasso",25,0.0178956277220626,0.801000567681049,0.313164568174441,0.487835999506608,5.1305278284848e-06,0.000286623886624085,1.04253786617581e-06,381
"multinomial","wide",74002,"picasso",26,0.0163732156543894,0.758185865002251,0.283261129272727,0.474924735729524,3.25542115649571e-06,0.000198797067392838,9.89945842385237e-07,394
"multinomial","wide",74002,"picasso",27,0.0149803178200136,0.716606013620451,0.257225979849128,0.459380033771322,8.50349040986895e-05,0.00564440180431953,3.44616735280934e-05,404
"multinomial","wide",74002,"picasso",28,0.0137059162186296,0.67640615143077,0.233135261035414,0.443270890395356,9.78836137839837e-05,0.00709106296616507,3.04260558423516e-05,416
"multinomial","wide",74002,"picasso",29,0.0125399301703149,0.637690276571471,0.211490272364806,0.426200004206665,9.13606325431155e-05,0.00723288173544731,2.34533433714704e-05,427
"multinomial","wide",74002,"picasso",30,0.0114731365760601,0.600526689213843,0.191997235358473,0.408529453855369,7.81243629888184e-05,0.00676327574981187,1.84203629269313e-05,434
"multinomial","wide",74002,"picasso",31,0.0104970969618742,0.564955403846421,0.174489130906101,0.39046627294032,6.57193142905646e-05,0.00622176061500395,1.12965164431818e-05,436
"multinomial","wide",74002,"picasso",32,0.00960409072937471,0.530996960087499,0.158655957352421,0.372341002735078,6.00158186470946e-05,0.00621017766607504,1.30671154088645e-05,441
"multinomial","wide",74002,"picasso",33,0.00878705408486506,0.498650385093532,0.144370795220113,0.354279589873419,5.19491390955328e-05,0.00587726215040968,1.01038090235829e-05,446
"multinomial","wide",74002,"picasso",34,0.00803952416382168,0.467902474206285,0.13138938781008,0.336513086396205,4.89816799596407e-05,0.00605571423272188,1.35594456846347e-05,458
"multinomial","wide",74002,"picasso",35,0.0073555879088077,0.4387240452133,0.119669242278933,0.319054802934368,4.25168347832922e-05,0.0057469901085308,9.12116498931712e-06,467
"multinomial","wide",74002,"picasso",36,0.00672983529643112,0.411081085258388,0.108990159360604,0.302090925897785,4.48915504920643e-05,0.00662632627209941,1.19851951920032e-05,480
"multinomial","wide",74002,"picasso",37,0.00615731654336675,0.384929764841731,0.0993310565632709,0.28559870827846,4.32940147741673e-05,0.00698221802001831,9.89085409916534e-06,483
"multinomial","wide",74002,"picasso",38,0.00563350295293603,0.36022321935349,0.0905583653123868,0.269664854041103,4.04256848364993e-05,0.00712481376085295,8.72818316305202e-06,489
"multinomial","wide",74002,"picasso",39,0.00515425109253615,0.336910261208212,0.0825965075987163,0.254313753609496,3.75644996035047e-05,0.00723533009538646,5.59709794233668e-06,489
"multinomial","wide",74002,"picasso",40,0.00471577001855737,0.314936917863928,0.0753761624501072,0.239560755413821,3.28377875986894e-05,0.00691524525485527,5.19519217109435e-06,491
"multinomial","wide",74002,"picasso",41,0.00431459128953341,0.29424862351319,0.0687798176982398,0.225468805814951,3.28402657547213e-05,0.00755394658595028,3.87120056042989e-06,493
"multinomial","wide",74002,"picasso",42,0.00394754153032519,0.274787927365262,0.0627851661731183,0.212002761192144,3.28169086215423e-05,0.00824471190846476,2.84277909766671e-06,500
"multinomial","wide",74002,"picasso",43,0.00361171733031689,0.25649813193559,0.0573304659764194,0.199167665959171,2.94899535806976e-05,0.00809894940920015,2.24537584269837e-06,504
"multinomial","wide",74002,"picasso",44,0.0033044622770661,0.239322962022722,0.0523599349047289,0.186963027117994,2.77024332943953e-05,0.00831364464315399,2.16893527103608e-06,519
"multinomial","wide",74002,"picasso",45,0.00302334594374106,0.223206114346433,0.0478375702308831,0.17536854411555,2.30689738066506e-05,0.00757249896387078,1.85569457183039e-06,520
"multinomial","wide",74002,"glmnet",1,0.151167297187053,1.37269852263687,1.37269852263687,0,1.30689110327304e-16,8.64532956262296e-16,1.30689110327304e-16,0
"multinomial","wide",74002,"glmnet",2,0.138307233206656,1.37225858745962,1.36120742471935,0.0110511627402674,1.98623426724878e-05,0.000143607979372989,1.98623426724878e-05,2
"multinomial","wide",74002,"glmnet",3,0.126541197158604,1.37066853275662,1.34656050683746,0.0241080259191592,1.9986600210408e-06,1.57945026247193e-05,1.9986600210408e-06,2
"multinomial","wide",74002,"glmnet",4,0.115776118190485,1.36802621006534,1.33278895323616,0.035237256829179,7.16509792493547e-06,6.1887337811012e-05,1.93529158391508e-06,3
"multinomial","wide",74002,"glmnet",5,0.105926843148613,1.36436575096653,1.31645080198184,0.0479149489846902,8.2801128427068e-06,7.81671279589628e-05,2.47572069139343e-06,5
"multinomial","wide",74002,"glmnet",6,0.0969154630056769,1.35951556071126,1.29796216084306,0.0615533998681976,9.03634337126591e-06,9.32367817687597e-05,2.83194015232802e-06,6
"multinomial","wide",74002,"glmnet",7,0.0886706965903546,1.35341354215788,1.27826192678755,0.0751516153703305,1.09844414028504e-05,0.000123872337917029,3.44597235981459e-06,9
"multinomial","wide",74002,"glmnet",8,0.0811273267441148,1.34593446148027,1.2528850440963,0.0930494173839627,5.25975729813444e-06,6.48298798880673e-05,3.25278704061405e-07,11
"multinomial","wide",74002,"glmnet",9,0.0742256844451395,1.33694278433177,1.22765917561483,0.10928360871694,1.40973932943045e-05,0.000189901451292438,2.96240261968918e-07,18
"multinomial","wide",74002,"glmnet",10,0.0679111768187172,1.32615452086902,1.19123571447369,0.134918806395331,1.04473734321153e-05,0.000153820317560449,2.59209587537477e-07,26
"multinomial","wide",74002,"glmnet",11,0.0621338553006104,1.31262192772818,1.14200390007082,0.170618027657359,1.069748968828e-05,0.000172148905669719,2.12017527096669e-07,39
"multinomial","wide",74002,"glmnet",12,0.0568480205375142,1.29555522666552,1.08154240796554,0.214012818699982,1.54075675057319e-05,0.000270957415322832,2.27534131493179e-06,59
"multinomial","wide",74002,"glmnet",13,0.052011860899317,1.27459522685564,1.01706867797586,0.257526548879778,1.32021976901736e-05,0.000253766106262216,1.51769612257411e-06,78
"multinomial","wide",74002,"glmnet",14,0.0475871217437502,1.24974941483888,0.948626784252871,0.301122630586007,1.73440178547687e-05,0.00036433594154012,1.93236247518011e-06,102
"multinomial","wide",74002,"glmnet",15,0.0435388028172674,1.22092226045507,0.872927291891516,0.347994968563555,5.2308905580549e-05,0.00119999017031565,5.36659765762825e-06,149
"multinomial","wide",74002,"glmnet",16,0.0398348813985551,1.18790714981088,0.793851726080728,0.394055423730155,8.28757719969694e-05,0.00207829613055176,1.21273421511229e-05,196
"multinomial","wide",74002,"glmnet",17,0.0364460589947049,1.15104738145682,0.717250681287103,0.433796700169716,4.66374435646594e-05,0.00127861967122927,7.93971968265369e-06,229
"multinomial","wide",74002,"glmnet",18,0.0333455295863813,1.11103758016545,0.646173952051159,0.46486362811429,4.32391794365494e-05,0.00129540781061418,1.2242310995681e-05,257
"multinomial","wide",74002,"glmnet",19,0.0305087675887749,1.06866641156636,0.581872935672373,0.486793475893982,4.16868946554773e-05,0.00136481247433844,1.38930500067466e-05,281
"multinomial","wide",74002,"glmnet",20,0.0279133338510846,1.02471915106774,0.524178932487863,0.500540218579881,6.14998193933063e-05,0.00220025587673802,1.41495280230209e-05,302
"multinomial","wide",74002,"glmnet",21,0.0255386981599605,0.979862049005402,0.472311047694621,0.50755100131078,6.41523661096648e-05,0.00250782054069081,1.73014197788702e-05,326
"multinomial","wide",74002,"glmnet",22,0.0233660768428858,0.934634934664018,0.425648496019412,0.508986438644607,6.18808759965672e-05,0.00264364316086295,2.05031927863258e-05,341
"multinomial","wide",74002,"glmnet",23,0.0213782841869215,0.889504214332573,0.383954754392434,0.505549459940139,4.72264656412244e-05,0.00220482485589486,2.00651017267201e-05,351
"multinomial","wide",74002,"glmnet",24,0.0195595964975151,0.844857775503983,0.346613513261805,0.498244262242178,4.55407177937656e-05,0.00232538920648877,1.19214298534123e-05,371
"multinomial","wide",74002,"glmnet",25,0.0178956277220626,0.801001504351992,0.31314111332935,0.487860391022641,6.01865294718971e-05,0.00335524557173803,1.78232472546293e-05,380
"multinomial","wide",74002,"glmnet",26,0.0163732156543894,0.758187214795926,0.28323555486932,0.474951659926606,6.20794601868604e-05,0.0037793961424494,2.12146993139534e-05,398
"multinomial","wide",74002,"glmnet",27,0.0149803178200136,0.716605855425972,0.256414578720895,0.460191276705077,5.91982189931776e-05,0.00393904584887824,2.10161689952498e-05,404
"multinomial","wide",74002,"glmnet",28,0.0137059162186296,0.676405087470486,0.232396254433954,0.444008833036532,6.26027820110932e-05,0.00455240466862303,2.0263322578034e-05,414
"multinomial","wide",74002,"glmnet",29,0.0125399301703149,0.637689176875507,0.210811857788606,0.426877319086901,6.13026488067922e-05,0.00487267586204038,2.45535262445282e-05,428
"multinomial","wide",74002,"glmnet",30,0.0114731365760601,0.600525457832422,0.191378095631087,0.409147362201335,5.9283038024065e-05,0.0051500453547315,2.40446937426834e-05,436
"multinomial","wide",74002,"glmnet",31,0.0104970969618742,0.56495487100026,0.173875816413949,0.39107905458631,5.95487218580746e-05,0.00565351672854373,2.39514645949669e-05,436
"multinomial","wide",74002,"glmnet",32,0.00960409072937471,0.530996846140825,0.158085647427265,0.37291119871356,5.92973302305875e-05,0.00615077410010718,2.39719154743536e-05,440
"multinomial","wide",74002,"glmnet",33,0.00878705408486506,0.498650960995884,0.143820789345406,0.354830171650477,5.5460792598036e-05,0.00628531334705775,2.29030767265909e-05,450
"multinomial","wide",74002,"glmnet",34,0.00803952416382168,0.467902584035447,0.130910451900614,0.336992132134833,5.21609672632407e-05,0.00645912422871247,2.04332589945766e-05,457
"multinomial","wide",74002,"glmnet",35,0.0073555879088077,0.438724811604028,0.119206531794657,0.319518279809371,4.73308861997038e-05,0.00640285798598073,2.40825460607914e-05,468
"multinomial","wide",74002,"glmnet",36,0.00672983529643112,0.411081387449661,0.108593260275482,0.302488127174179,4.37331884521417e-05,0.00646525546574876,2.53282408947814e-05,478
"multinomial","wide",74002,"glmnet",37,0.00615731654336675,0.384930011307104,0.0989674440331578,0.285962567273946,4.16098630579348e-05,0.00672318872493705,2.44878921947193e-05,481
"multinomial","wide",74002,"glmnet",38,0.00563350295293603,0.360223483977022,0.0902283214642233,0.269995162512798,4.10177483720926e-05,0.00724274313873744,2.36797900196497e-05,486
"multinomial","wide",74002,"glmnet",39,0.00515425109253615,0.336910561637766,0.0822925137416198,0.254618047896146,3.85825076794884e-05,0.00744471061959799,2.23395281032031e-05,491
"multinomial","wide",74002,"glmnet",40,0.00471577001855737,0.31493764724735,0.0750822691540438,0.239855378093307,3.4093464467983e-05,0.00718791366775117,2.08799045648991e-05,495
"multinomial","wide",74002,"glmnet",41,0.00431459128953341,0.29424911774204,0.0685258963975744,0.225723221344466,3.181855794291e-05,0.00732966040795416,1.83412709805727e-05,500
"multinomial","wide",74002,"glmnet",42,0.00394754153032519,0.27478834777807,0.0625577222185674,0.212230625559502,3.01739861100674e-05,0.00759730052036143,1.72920737629695e-05,501
"multinomial","wide",74002,"glmnet",43,0.00361171733031689,0.256499981701333,0.0571045641597748,0.199395417541558,4.23920844167714e-05,0.0116649036843426,2.01614614181033e-05,513
"multinomial","wide",74002,"glmnet",44,0.0033044622770661,0.239325331370167,0.0521487758920125,0.187176555478154,4.42023959278978e-05,0.013287655005579,2.0581191541856e-05,523
"multinomial","wide",74002,"glmnet",45,0.00302334594374106,0.223208709873153,0.0476258537035227,0.17558285616963,4.00390805109212e-05,0.0131473009955445,2.08277805803325e-05,528
"multinomial","wide",74003,"picasso",1,0.111581947325838,1.3787219392501,1.3787219392501,0,1.27041234674964e-16,1.13854649179031e-15,1.27041234674964e-16,0
"multinomial","wide",74003,"picasso",2,0.102089477668912,1.37817715818713,1.3636858476691,0.0144913105180291,7.28582725119985e-05,0.000713545849610186,7.28582725119985e-05,4
"multinomial","wide",74003,"picasso",3,0.0934045488583966,1.37617965891921,1.3464711632792,0.0297084956400123,1.42195062368915e-07,1.52235669719056e-06,1.42195062368915e-07,4
"multinomial","wide",74003,"picasso",4,0.0854584619948283,1.37280277604887,1.32597893558367,0.0468238404651955,7.26591704758583e-05,0.000849505647604356,5.89496006909784e-05,7
"multinomial","wide",74003,"picasso",5,0.0781883625131926,1.36779552710599,1.30085262343892,0.0669429036670714,8.35135743772537e-05,0.0010671122905293,8.35135743772537e-05,13
"multinomial","wide",74003,"picasso",6,0.0715367429952622,1.36050925482111,1.26253146670039,0.0979777881207287,1.44059213669223e-07,2.01377526477384e-06,5.30651160882531e-08,23
"multinomial","wide",74003,"picasso",7,0.0654509882785528,1.35012542342992,1.21461697654664,0.135508446883282,3.85598577651303e-07,5.89137484531911e-06,1.22510090022462e-07,33
"multinomial","wide",74003,"picasso",8,0.0598829592636467,1.33626369559363,1.1585645372971,0.177699158296527,7.31244602751591e-07,1.22111199293958e-05,1.79441266249564e-07,48
"multinomial","wide",74003,"picasso",9,0.0547886121277504,1.31837648482116,1.09372687925814,0.224649605563024,4.01665738752888e-07,7.33116085427775e-06,3.34738068149146e-07,69
"multinomial","wide",74003,"picasso",10,0.0501276499324139,1.29607584885833,1.0178548060161,0.27822104284223,1.06651289556031e-06,2.12758421090508e-05,3.58142170926921e-07,104
"multinomial","wide",74003,"picasso",11,0.045863203869585,1.26898599744836,0.938525030730158,0.330460966718204,1.92801999775866e-06,4.2037368025119e-05,4.74023399688764e-07,135
"multinomial","wide",74003,"picasso",12,0.041961541624615,1.23735930804038,0.857396784606453,0.379962523433926,4.08542313656141e-06,9.7355627923042e-05,1.01703601386076e-06,166
"multinomial","wide",74003,"picasso",13,0.0383918005493284,1.20171552005414,0.78106905688994,0.420646463164199,1.94909496344098e-06,5.07664994438806e-05,4.11434483861431e-07,197
"multinomial","wide",74003,"picasso",14,0.0351257435345225,1.16280162729475,0.70913242757546,0.45366919971929,2.71975435905264e-06,7.74230952457708e-05,8.84819902840902e-07,228
"multinomial","wide",74003,"picasso",15,0.0321375356508157,1.12123771288695,0.6410324477119,0.48020526517505,5.52995439920961e-06,0.000172041909976142,5.07627433872702e-07,263
"multinomial","wide",74003,"picasso",16,0.0294035397910472,1.07762157265941,0.577683577677998,0.499937994981408,2.88265590435086e-06,9.80281062598177e-05,2.65431937623295e-07,293
"multinomial","wide",74003,"picasso",17,0.026902129697731,1.03256193299074,0.519990778887533,0.512571154103203,5.52437719785262e-06,0.000205316336640355,2.97856999224974e-07,325
"multinomial","wide",74003,"picasso",18,0.0246135188965887,0.986679415905177,0.468254858376018,0.51842455752916,5.09403889115828e-06,0.000206918593417093,3.29264718985089e-07,338
"multinomial","wide",74003,"picasso",19,0.0225196041830036,0.940546225651655,0.422036633419155,0.5185095922325,5.36405180972394e-06,0.000238138241210091,5.34017430838609e-07,359
"multinomial","wide",74003,"picasso",20,0.0206038224233529,0.894616702815545,0.380646071277133,0.513970631538412,5.34455631650069e-06,0.000259329080198778,1.07605468927879e-06,375
"multinomial","wide",74003,"picasso",21,0.0188510195384987,0.849263314435847,0.343577006735558,0.505686307700289,5.66654594954391e-06,0.000300505927932761,9.94181961292338e-07,394
"multinomial","wide",74003,"picasso",22,0.0172473306330813,0.804787813917191,0.311302962928608,0.493484850988583,7.84949842600018e-05,0.00453051912178065,2.36204992765295e-05,409
"multinomial","wide",74003,"picasso",23,0.0157800703224201,0.76143096768049,0.281638291654768,0.479792676025722,9.56145235323919e-05,0.00602270229348683,6.23208951112564e-06,419
"multinomial","wide",74003,"picasso",24,0.014437632389496,0.719378292863154,0.255032190142381,0.464346102720773,9.20541830079225e-05,0.00633559316978841,2.42567400265605e-06,433
"multinomial","wide",74003,"picasso",25,0.0132093979782885,0.678765480919538,0.231172227141116,0.447593253778423,8.37602654164202e-05,0.00630100566628594,7.25168928487682e-06,444
"multinomial","wide",74003,"picasso",26,0.0120856515972632,0.639688938376262,0.209733401941269,0.429955536434993,8.4161715311809e-05,0.00691561268444811,9.95934033225973e-06,453
"multinomial","wide",74003,"picasso",27,0.0110575042685901,0.602211771156932,0.190432725914911,0.411779045242021,7.20857278387471e-05,0.00647694370249733,1.24752504962629e-05,457
"multinomial","wide",74003,"picasso",28,0.0101168232151898,0.566369037051938,0.173091647353126,0.393277389698811,5.47897386240278e-05,0.00538653396199904,7.961611082257e-06,467
"multinomial","wide",74003,"picasso",29,0.00925616752942518,0.532175642858315,0.157325993866315,0.374849648991999,5.62918037782349e-05,0.00604478384968914,8.34931508680965e-06,473
"multinomial","wide",74003,"picasso",30,0.00846872931456847,0.499624391256189,0.143124236406541,0.356500154849648,5.34666555859799e-05,0.00627381202840503,7.1416414093446e-06,484
"multinomial","wide",74003,"picasso",31,0.00774827983346636,0.468696295828119,0.130302542406554,0.338393753421565,4.8539183525596e-05,0.00622551112444862,4.40584875976793e-06,491
"multinomial","wide",74003,"picasso",32,0.00708912023843104,0.439363216644647,0.118670855667795,0.320692360976852,4.58158890197591e-05,0.00642134536334363,5.03148151152914e-06,495
"multinomial","wide",74003,"picasso",33,0.00648603649262492,0.411586573470298,0.10811916079388,0.303467412676418,4.00556360918153e-05,0.00613776748807431,5.241318069471e-06,503
"multinomial","wide",74003,"picasso",34,0.00593425812636137,0.385320798743668,0.0985432707531206,0.286777527990547,3.81234013186391e-05,0.00638328297379358,4.98630904163127e-06,506
"multinomial","wide",74003,"picasso",35,0.00542942050207832,0.360516194286137,0.0898507696839699,0.270665424602167,3.51692906397152e-05,0.0064358519072339,5.56391806732579e-06,508
"multinomial","wide",74003,"picasso",36,0.00496753028949608,0.337119702104206,0.0819519723864526,0.255167729717753,3.35004805430451e-05,0.0066987151416353,6.01052409681288e-06,513
"multinomial","wide",74003,"picasso",37,0.00454493387786324,0.315075356250523,0.0747624983135684,0.240312857936955,3.23339608542441e-05,0.00706403076978423,7.0617601598367e-06,515
"multinomial","wide",74003,"picasso",38,0.00415828847542759,0.294325569250743,0.0682432858745664,0.226082283376177,2.74398900225866e-05,0.00655558307344568,2.47648562650443e-06,523
"multinomial","wide",74003,"picasso",39,0.00380453566752511,0.274813348472056,0.0622848045980731,0.212528543873983,2.73974354466368e-05,0.00714976872257752,2.91336828693874e-06,526
"multinomial","wide",74003,"picasso",40,0.00348087722412822,0.256479927457747,0.0568696402087462,0.199610287249001,2.55736458971948e-05,0.0072933136225603,3.37336965197174e-06,527
"multinomial","wide",74003,"picasso",41,0.00318475296548776,0.23926812256502,0.0519364373520254,0.187331685212995,2.25996076580548e-05,0.00704618751529672,3.38309499877089e-06,530
"multinomial","wide",74003,"picasso",42,0.00291382051078325,0.223121335138561,0.0474373392901651,0.175683995848396,2.04099534624929e-05,0.00695581131448013,3.77587942935049e-06,536
"multinomial","wide",74003,"picasso",43,0.00266593674959051,0.207984218473656,0.0433404637849509,0.164643754688706,1.76379188330696e-05,0.00657254632807763,3.63671666439043e-06,540
"multinomial","wide",74003,"picasso",44,0.00243914088960365,0.193802979763591,0.0396013192761217,0.154201660487469,1.64762756232756e-05,0.00670962715874035,3.68617032083656e-06,547
"multinomial","wide",74003,"picasso",45,0.00223163894651676,0.180525415152588,0.0361875616045637,0.144337853548024,1.62619191941106e-05,0.00723426884261998,4.59559663050018e-06,552
"multinomial","wide",74003,"glmnet",1,0.111581947325838,1.3787219392501,1.3787219392501,2.43195573142195e-17,8.36632350699672e-17,7.49791853207727e-16,8.36632350699672e-17,0
"multinomial","wide",74003,"glmnet",2,0.102089477668912,1.37817713467555,1.36366290332654,0.014514231349002,2.26197683335102e-06,2.21567629648139e-05,2.26197683335102e-06,4
"multinomial","wide",74003,"glmnet",3,0.0934045488583966,1.37617965892217,1.3464712056465,0.0297084532756644,8.9466251065968e-07,9.57833888747377e-06,8.9466251065968e-07,4
"multinomial","wide",74003,"glmnet",4,0.0854584619948283,1.37280274102507,1.325889107734,0.0469136332910693,1.35566881091319e-06,1.58634015454012e-05,1.35566881091319e-06,7
"multinomial","wide",74003,"glmnet",5,0.0781883625131926,1.36779546187436,1.30076650062076,0.0670289612536058,2.14103196491677e-05,0.000273823055360608,1.56487619785618e-06,13
"multinomial","wide",74003,"glmnet",6,0.0715367429952622,1.36050925572591,1.26253949634294,0.0979697593829711,1.20067214287034e-05,0.000167811757385643,4.01334540042304e-06,23
"multinomial","wide",74003,"glmnet",7,0.0654509882785528,1.35012542372046,1.21461835551717,0.135507068203287,4.79251407656256e-06,7.32175832069858e-05,3.53146498602749e-06,33
"multinomial","wide",74003,"glmnet",8,0.0598829592636467,1.33626369780997,1.15856488005029,0.177698817759676,1.15306074899083e-05,0.000192517074741259,3.60264799679988e-06,48
"multinomial","wide",74003,"glmnet",9,0.0547886121277504,1.31837648575693,1.09373041450288,0.224646071254045,7.80464098020656e-06,0.000142429768960007,1.43591831717194e-07,69
"multinomial","wide",74003,"glmnet",10,0.0501276499324139,1.2960758528947,1.0178569315834,0.278218921311293,1.67900739882001e-05,0.000334880903148026,4.54476455419295e-07,105
"multinomial","wide",74003,"glmnet",11,0.045863203869585,1.26898601443912,0.938530833648519,0.330455180790602,1.94090211797157e-05,0.000423029394506177,2.2912330990406e-06,135
"multinomial","wide",74003,"glmnet",12,0.041961541624615,1.23735933795265,0.857416847756576,0.379942490196077,1.8564469734153e-05,0.000442260130923612,2.60614913000033e-06,166
"multinomial","wide",74003,"glmnet",13,0.0383918005493284,1.20171557672569,0.781083031694675,0.420632545031011,2.24675148812539e-05,0.000584949736543474,3.91533249350389e-06,197
"multinomial","wide",74003,"glmnet",14,0.0351257435345225,1.16280181876896,0.709145217396475,0.453656601372482,4.15041699031379e-05,0.0011802306464824,9.52232944912685e-06,229
"multinomial","wide",74003,"glmnet",15,0.0321375356508157,1.12123820055223,0.641031157258169,0.48020704329406,6.11314170422192e-05,0.00189856980456322,1.29825071603653e-05,263
"multinomial","wide",74003,"glmnet",16,0.0294035397910472,1.07762218783026,0.577677464790176,0.49994472304008,5.14804931358373e-05,0.0017479477043322,1.28182431428047e-05,294
"multinomial","wide",74003,"glmnet",17,0.026902129697731,1.03256238790051,0.51996679082383,0.512595597076676,4.38992864154955e-05,0.00162969223242946,8.75525702738935e-06,324
"multinomial","wide",74003,"glmnet",18,0.0246135188965887,0.98668008112606,0.468231742037096,0.518448339088963,5.79956644842852e-05,0.00235296076737543,1.14255591798911e-05,338
"multinomial","wide",74003,"glmnet",19,0.0225196041830036,0.940547060039454,0.422011507257654,0.5185355527818,6.75957761482569e-05,0.00299736943175902,1.53648832455284e-05,360
"multinomial","wide",74003,"glmnet",20,0.0206038224233529,0.894618015719864,0.380621793795897,0.513996221923967,6.59675699643987e-05,0.00319625561563677,1.67962901659725e-05,377
"multinomial","wide",74003,"glmnet",21,0.0188510195384987,0.849266097003408,0.343529119077891,0.505736977925516,0.000110410939569032,0.0058421046556965,3.12848273649374e-05,397
"multinomial","wide",74003,"glmnet",22,0.0172473306330813,0.804788970315105,0.310365873074383,0.494423097240722,0.000107863773337848,0.00623670907687574,2.97154251886568e-05,409
"multinomial","wide",74003,"glmnet",23,0.0157800703224201,0.761430759612735,0.28073138983309,0.480699369779644,0.000104085163205994,0.00657671099721494,3.01504632891289e-05,419
"multinomial","wide",74003,"glmnet",24,0.014437632389496,0.719377741172476,0.254197824881188,0.465179916291288,9.03654970505451e-05,0.00623996856880466,3.24250014991767e-05,431
"multinomial","wide",74003,"glmnet",25,0.0132093979782885,0.678764777961443,0.230401882901288,0.448362895060155,7.95717693214109e-05,0.00600498636286359,3.21476668612262e-05,444
"multinomial","wide",74003,"glmnet",26,0.0120856515972632,0.63968859648776,0.209018357028351,0.430670239459409,7.80800296860083e-05,0.00644010825742532,3.16302685579134e-05,452
"multinomial","wide",74003,"glmnet",27,0.0110575042685901,0.602211494087545,0.18978368194254,0.412427812145004,5.88024456143477e-05,0.00529965146917758,3.05062049842095e-05,456
"multinomial","wide",74003,"glmnet",28,0.0101168232151898,0.566370056275385,0.172454478718696,0.393915577556689,4.71603706868693e-05,0.00464233480336987,2.68699516546292e-05,467
"multinomial","wide",74003,"glmnet",29,0.00925616752942518,0.532176091459359,0.156784024994913,0.375392066464446,4.53363082185878e-05,0.00487978521066927,2.58294679527819e-05,475
"multinomial","wide",74003,"glmnet",30,0.00846872931456847,0.499624363539476,0.142626770313138,0.356997593226338,4.4378539075407e-05,0.00522155583305133,2.43997810394574e-05,479
"multinomial","wide",74003,"glmnet",31,0.00774827983346636,0.468697123023679,0.129816280310203,0.338880842713476,4.0150390557968e-05,0.00516106649486652,2.52081067995192e-05,489
"multinomial","wide",74003,"glmnet",32,0.00708912023843104,0.439364283087847,0.118216798538223,0.321147484549624,3.91085196546253e-05,0.0054926239708291,2.39078502328664e-05,493
"multinomial","wide",74003,"glmnet",33,0.00648603649262492,0.4115878697467,0.107718913826048,0.303868955920651,3.82255103434951e-05,0.00586128236459047,2.41635356887378e-05,501
"multinomial","wide",74003,"glmnet",34,0.00593425812636137,0.385324294431706,0.0981375657498112,0.287186728681895,5.980164354869e-05,0.0100195087230845,3.79083908598717e-05,506
"multinomial","wide",74003,"glmnet",35,0.00542942050207832,0.360518030397713,0.0895025813766787,0.271015449021034,3.92545879427872e-05,0.00719293977953155,2.3473564212461e-05,505
"multinomial","wide",74003,"glmnet",36,0.00496753028949608,0.337121198033828,0.0816458583081609,0.255475339725667,3.45614579498749e-05,0.00691980152038505,2.216322995614e-05,509
"multinomial","wide",74003,"glmnet",37,0.00454493387786324,0.315078526463719,0.0744530866640039,0.240625439799715,5.04289703167184e-05,0.0110319186686524,3.14414012935794e-05,515
"multinomial","wide",74003,"glmnet",38,0.00415828847542759,0.294329764715428,0.0679362233745413,0.226393541340887,5.06776267818875e-05,0.0121086002824463,3.22948144806216e-05,521
"multinomial","wide",74003,"glmnet",39,0.00380453566752511,0.2748174297908,0.0620131657550593,0.21280426403574,4.78472101638479e-05,0.0124966113951909,3.0718578667361e-05,525
"multinomial","wide",74003,"glmnet",40,0.00348087722412822,0.256483881062155,0.0566214784030581,0.199862402659097,4.38739620315801e-05,0.0125240159232729,2.81110952062365e-05,530
"multinomial","wide",74003,"glmnet",41,0.00318475296548776,0.239271912266532,0.051710324571475,0.187561587695057,3.95787890711398e-05,0.0123437166993719,2.60111802840118e-05,532
"multinomial","wide",74003,"glmnet",42,0.00291382051078325,0.223124906971548,0.0472337463175457,0.175891160654002,3.5921593854996e-05,0.0122386708164008,2.4653392409103e-05,537
"multinomial","wide",74003,"glmnet",43,0.00266593674959051,0.20798760279472,0.0431514024262971,0.164836200368423,3.31672536976173e-05,0.0123515386423491,2.28857907562699e-05,542
"multinomial","wide",74003,"glmnet",44,0.00243914088960365,0.193806425754363,0.0394231268137809,0.154383298940582,3.38174429385225e-05,0.0137731480598662,2.09406245825425e-05,547
"multinomial","wide",74003,"glmnet",45,0.00223163894651676,0.180528742392208,0.0360268126435998,0.144501929748609,3.25476873968707e-05,0.0144848358538193,1.94537358414913e-05,553
"poisson","tall",74001,"picasso",1,0.260183315837354,0.653722386573279,0.653722386573279,0,1.90047283465944e-15,7.30436088318385e-15,1.90047283465944e-15,0
"poisson","tall",74001,"picasso",2,0.23804907019982,0.653596085153516,0.650786106613343,0.00280997854017273,0.000126264005957947,0.000530406973559103,0.000126264005957947,2
"poisson","tall",74001,"picasso",3,0.217797823202556,0.653083325494332,0.644166727637616,0.00891659785671613,0.000271592804656088,0.00124607515987307,0.000271592804656088,3
"poisson","tall",74001,"picasso",4,0.199269384887552,0.651958163689445,0.635644299449359,0.0163138642400855,0.000365356026229235,0.00183226256159233,0.000365356026229235,4
"poisson","tall",74001,"picasso",5,0.182317192934173,0.649982397041627,0.621230641673451,0.0287517553681759,3.2193939550923e-05,0.000176550851652806,4.47521103273848e-07,9
"poisson","tall",74001,"picasso",6,0.166807153332428,0.64673479545834,0.602591014935208,0.0441437805231321,6.1457105019036e-05,0.000368296379156786,7.30410080198968e-07,11
"poisson","tall",74001,"picasso",7,0.152616579682172,0.642128803850732,0.582686633443973,0.0594421704067593,8.39427229282763e-05,0.00054972125573732,1.08192120817563e-06,15
"poisson","tall",74001,"picasso",8,0.139633222727965,0.636170616466918,0.562033644943189,0.0741369715237287,8.91133026734714e-05,0.000637788525479066,1.36358767981289e-06,17
"poisson","tall",74001,"picasso",9,0.127754382453082,0.628991330918306,0.542447247248108,0.086544083670198,9.2186561713975e-05,0.000721071847483884,1.49758343262546e-06,18
"poisson","tall",74001,"picasso",10,0.116886095709225,0.620886665924019,0.525758807438829,0.0951278584851896,9.09693374285814e-05,0.00077766814710474,1.48425362175021e-06,19
"poisson","tall",74001,"picasso",11,0.10694239295598,0.612091030753293,0.509832514863087,0.102258515890205,8.69951126872964e-05,0.000812815192697196,1.57840980431453e-06,21
"poisson","tall",74001,"picasso",12,0.0978446182307429,0.602768683979286,0.495792091435693,0.106976592543593,9.07921854805677e-05,0.000927061877769264,1.68187283449357e-06,23
"poisson","tall",74001,"picasso",13,0.0895208069699783,0.593104449121998,0.483195266907807,0.109909182214192,9.46588128961784e-05,0.00105627764213739,1.79761058511455e-06,24
"poisson","tall",74001,"picasso",14,0.0819051167603015,0.583259207793027,0.472006031982284,0.111253175810743,9.88555737883312e-05,0.00120549737987797,1.80811952685325e-06,26
"poisson","tall",74001,"picasso",15,0.074937306516555,0.573325638653163,0.461430692184448,0.111894946468715,0.000102826880888834,0.00137029181896866,1.96945668138525e-06,28
"poisson","tall",74001,"picasso",16,0.0685622599671079,0.563385472262039,0.452102727156544,0.111282745105495,0.000100062014050051,0.00145730600368437,2.01583481440487e-06,28
"poisson","tall",74001,"picasso",17,0.0627295496770865,0.553562034344988,0.444162439158964,0.109399595186023,9.91731730926454e-05,0.00157846870975132,1.95659389179258e-06,29
"poisson","tall",74001,"picasso",18,0.0573930381609041,0.543950062850847,0.437429437840279,0.106520625010568,9.89759056822109e-05,0.00172155919894507,1.89352348652149e-06,29
"poisson","tall",74001,"picasso",19,0.0525105129288406,0.534627722185549,0.431637244394229,0.10299047779132,0.000100614486782648,0.00191241837468721,1.81329105316511e-06,31
"poisson","tall",74001,"picasso",20,0.0480433525808403,0.525642209376348,0.426715376468206,0.0989268329081419,0.000100899937806563,0.00209578366114384,1.71330191923474e-06,31
"poisson","tall",74001,"picasso",21,0.0439562213062902,0.517035294311402,0.422498611302189,0.0945366830092126,9.97800698705614e-05,0.00226484625825696,1.59499792105884e-06,33
"poisson","tall",74001,"picasso",22,0.0402167893732317,0.508822953112744,0.418747534869205,0.0900754182435389,0.000102620232976254,0.0025451819354134,1.53109611632568e-06,35
"poisson","tall",74001,"picasso",23,0.0367954773960389,0.501011256162738,0.415477818775485,0.0855334373872529,0.000101805535484722,0.00275916076730256,1.41811385359887e-06,37
"poisson","tall",74001,"picasso",24,0.033665222358689,0.493601898966192,0.412562179419264,0.0810397195469278,0.000100087445848114,0.0029642093150487,1.28379331047964e-06,39
"poisson","tall",74001,"picasso",25,0.0308012635428392,0.486592914296853,0.410037572636517,0.0765553416603369,9.79930816715664e-05,0.0031713734366617,1.15959816995657e-06,41
"poisson","tall",74001,"picasso",26,0.028180946667372,0.479979864641007,0.407822133137715,0.0721577315032928,9.46403760150732e-05,0.00334707024366474,1.03813677372259e-06,45
"poisson","tall",74001,"picasso",27,0.02578354469013,0.473750935149314,0.405832911660794,0.0679180234885206,9.24822926151002e-05,0.00357405302895882,9.33528852345121e-07,49
"poisson","tall",74001,"picasso",28,0.0235900938543568,0.46789355833965,0.404091715014477,0.0638018433251739,8.83412908935441e-05,0.00373087538731479,8.42075848006589e-07,51
"poisson","tall",74001,"picasso",29,0.0215832436829522,0.462397795834736,0.402603666693445,0.0597941291412908,8.47970557654107e-05,0.00391346207937901,7.47058066723534e-07,53
"poisson","tall",74001,"picasso",30,0.0197471197339751,0.457249192749951,0.401237313213101,0.0560118795368497,8.0041152403669e-05,0.00403694471751914,6.5877932467123e-07,61
"poisson","tall",74001,"picasso",31,0.0180671980317748,0.452428758995658,0.400016281527126,0.0524124774685321,7.5572744931765e-05,0.00416544671494128,5.73788389195428e-07,65
"poisson","tall",74001,"picasso",32,0.0165301901804825,0.447921805128227,0.399017341989488,0.0489044631387392,0.000389652187367924,0.0230293036363215,4.0601097573959e-05,71
"poisson","tall",74001,"picasso",33,0.0151239382510979,0.443709740707219,0.397970936909935,0.0457388037972844,7.93153706714726e-05,0.00521699977154243,6.0573314267167e-07,75
"poisson","tall",74001,"picasso",34,0.0138373186107134,0.439780074699596,0.397169073924496,0.0426110007750995,0.000345644783867635,0.0243704206414082,3.28444964512862e-05,79
"poisson","tall",74001,"picasso",35,0.0126601539331527,0.436114888877428,0.396393723993384,0.0397211648840439,0.000372539740907091,0.0285850147501426,3.36383917776398e-05,84
"poisson","tall",74001,"picasso",36,0.011583132695017,0.43269912848719,0.395696680148932,0.0370024483382582,0.000376578022294852,0.0314872183112046,3.05210600280998e-05,88
"poisson","tall",74001,"picasso",37,0.0105977355203422,0.429518305780777,0.39507442155191,0.0344438842288674,0.000343714251583107,0.0314139587301351,2.75815255984211e-05,90
"poisson","tall",74001,"picasso",38,0.0096961677912434,0.426559799547392,0.394539497786118,0.0320203017612742,0.000333994278449067,0.0332989911955936,2.3650029698753e-05,94
"poisson","tall",74001,"picasso",39,0.00887129799148925,0.423811136510118,0.394072595779828,0.0297385407302898,0.000316748833597663,0.0344740116836167,2.05968522136571e-05,97
"poisson","tall",74001,"picasso",40,0.00811660129529473,0.421260149620805,0.393674569697158,0.0275855799236468,0.000303076340869476,0.0359961929620325,1.75919382098396e-05,99
"poisson","tall",74001,"picasso",41,0.00742610795511342,0.418895566608934,0.393338904026463,0.0255566625824705,0.00028460169442563,0.036909922349708,1.48394703335788e-05,101
"poisson","tall",74001,"picasso",42,0.00679435608016968,0.416706215135624,0.39305235921751,0.0236538559181143,0.000266728200092142,0.0377743968922366,1.26326982829907e-05,103
"poisson","tall",74001,"picasso",43,0.00621634843220289,0.414680704576426,0.392803478276532,0.0218772262998946,0.000246907760992361,0.0382017598578739,1.09586757193726e-05,104
"poisson","tall",74001,"picasso",44,0.00568751289667265,0.412808210823077,0.392590822288445,0.0202173885346321,0.000230294168062819,0.0389154572874054,9.38776390415816e-06,106
"poisson","tall",74001,"picasso",45,0.00520366631674709,0.411078642823496,0.392411109516065,0.0186675333074304,0.000212781975997724,0.0392844100963245,7.95553560804941e-06,107
"poisson","tall",74001,"glmnet",1,0.260183315837354,0.653722386573279,0.653722386573279,0,1.91933274829026e-16,7.37684790476754e-16,1.91933274829026e-16,0
"poisson","tall",74001,"glmnet",2,0.23804907019982,0.65359608104384,0.650785675627811,0.0028104054160287,1.48622047266289e-06,6.24329762136275e-06,4.11161291832655e-09,2
"poisson","tall",74001,"glmnet",3,0.217797823202556,0.653083299050824,0.644144660079192,0.00893863897163136,5.37439129064121e-06,2.46754471468469e-05,1.930935067182e-08,3
"poisson","tall",74001,"glmnet",4,0.199269384887552,0.651958124026967,0.635632852343654,0.0163252716833133,8.4947714133754e-06,4.26277689621796e-05,3.43657290735204e-08,4
"poisson","tall",74001,"glmnet",5,0.182317192934173,0.649982396534814,0.621220591439767,0.0287618050950464,6.05837255363006e-08,3.32298366541338e-07,4.19229787603642e-14,9
"poisson","tall",74001,"glmnet",6,0.166807153332428,0.646734792586882,0.602565588130655,0.0441692044562271,1.43897149085248e-07,8.62655000561531e-07,2.55991615275356e-13,11
"poisson","tall",74001,"glmnet",7,0.152616579682172,0.64212879767979,0.582641318600479,0.059487479079311,2.22820725870321e-07,1.46000127257345e-06,7.46729395762006e-13,15
"poisson","tall",74001,"glmnet",8,0.139633222727965,0.636170605943022,0.561973996989371,0.0741966089536512,3.07853702252725e-07,2.20472619270105e-06,1.83460933597668e-12,17
"poisson","tall",74001,"glmnet",9,0.127754382453082,0.628991316077061,0.542379496030876,0.0866118200461854,3.35811910917583e-07,2.62856758230276e-06,1.90370299385512e-12,18
"poisson","tall",74001,"glmnet",10,0.116886095709225,0.620886649361592,0.52569126475779,0.0951953846038023,3.44439665650453e-07,2.94678891077276e-06,1.89869781008767e-12,19
"poisson","tall",74001,"glmnet",11,0.10694239295598,0.612091010545797,0.509759735717621,0.102331274828176,3.82826378653167e-07,3.57973108377387e-06,2.42405633760212e-12,21
"poisson","tall",74001,"glmnet",12,0.0978446182307429,0.602768660749889,0.495718292663526,0.107050368086363,3.78971513892434e-07,3.8731823264204e-06,2.28765124898889e-12,23
"poisson","tall",74001,"glmnet",13,0.0895208069699783,0.593104422747513,0.483120640051826,0.109983782695687,3.52245784956962e-07,3.93477685100102e-06,2.35482871396853e-12,24
"poisson","tall",74001,"glmnet",14,0.0819051167603015,0.583259178738263,0.471933208915513,0.111325969822749,3.20509418519355e-07,3.91316412198492e-06,2.31395708150117e-12,26
"poisson","tall",74001,"glmnet",15,0.074937306516555,0.573325603788758,0.461353262192099,0.111972341596658,3.38396306198696e-07,4.51570511179247e-06,2.47061390790115e-12,28
"poisson","tall",74001,"glmnet",16,0.0685622599671079,0.563385436692814,0.452043692306417,0.111341744386397,3.26839495057296e-05,0.0004764775308434,5.02543007968419e-08,28
"poisson","tall",74001,"glmnet",17,0.0627295496770865,0.553561996837368,0.444104519641726,0.109457477195641,2.87688420048671e-05,0.000458406832492102,3.6372024619348e-08,29
"poisson","tall",74001,"glmnet",18,0.0573930381609041,0.543950023628864,0.437373176026562,0.106576847602301,2.533597965379e-05,0.000441252125874698,2.66997717303027e-08,29
"poisson","tall",74001,"glmnet",19,0.0525105129288406,0.534627681303759,0.431583261552291,0.103044419751468,2.22213472043098e-05,0.000423000011526961,1.96043469784628e-08,31
"poisson","tall",74001,"glmnet",20,0.0480433525808403,0.525642167522681,0.426664138959627,0.0989780285630534,1.96742363714197e-05,0.000409342433763956,1.45438011455532e-08,31
"poisson","tall",74001,"glmnet",21,0.0439562213062902,0.517035252391955,0.422450610843825,0.09458464154813,1.70088080164929e-05,0.000386799149670815,1.05949548363255e-08,33
"poisson","tall",74001,"glmnet",22,0.0402167893732317,0.508822910619628,0.418701704656652,0.0901212059629762,1.57189657777057e-05,0.00039070310121491,8.35248081747404e-09,35
"poisson","tall",74001,"glmnet",23,0.0367954773960389,0.501011214073592,0.415435332470651,0.0855758816029407,1.39326603004128e-05,0.000378508111895515,6.37417727286649e-09,37
"poisson","tall",74001,"glmnet",24,0.033665222358689,0.493601858349467,0.412523331490414,0.0810785268590526,1.23334383008711e-05,0.000366221301071185,5.0846421107793e-09,39
"poisson","tall",74001,"glmnet",25,0.0308012635428392,0.486592875539571,0.410002852382094,0.0765900231574764,1.13956271554604e-05,0.000369835887665204,4.18262924686223e-09,41
"poisson","tall",74001,"glmnet",26,0.028180946667372,0.479979828168374,0.407790811178638,0.0721890169897355,1.01877574162704e-05,0.000361381605392663,3.29760289092076e-09,45
"poisson","tall",74001,"glmnet",27,0.02578354469013,0.473750900282688,0.405804625858961,0.0679462744237268,9.39094550319458e-06,0.000364089828155152,2.68660732372973e-09,49
"poisson","tall",74001,"glmnet",28,0.0235900938543568,0.467893525471458,0.404066227913671,0.0638272975577878,8.51291701928908e-06,0.000360738119066199,2.13076524927316e-09,51
"poisson","tall",74001,"glmnet",29,0.0215832436829522,0.462397765463972,0.40258095053103,0.0598168149329422,7.62553893094917e-06,0.000353183507925675,1.61459740553394e-09,53
"poisson","tall",74001,"glmnet",30,0.0197471197339751,0.457249164681965,0.401217079294558,0.0560320853874063,7.10119739606024e-06,0.00035947747171254,1.35942146328467e-09,61
"poisson","tall",74001,"glmnet",31,0.0180671980317748,0.452428733572217,0.39999847197243,0.052430261599787,6.71862880262733e-06,0.000371730650793688,1.10126554790993e-09,65
"poisson","tall",74001,"glmnet",32,0.0165301901804825,0.447921053493559,0.398922658829914,0.0489983946636451,6.37078896378179e-06,0.000385254768240673,8.83874656054315e-10,71
"poisson","tall",74001,"glmnet",33,0.0151239382510979,0.443709712085555,0.397954594829565,0.0457551172559895,6.22464973711913e-06,0.000411406656882431,7.64644357820893e-10,75
"poisson","tall",74001,"glmnet",34,0.0138373186107134,0.439779458598228,0.397095746207017,0.0426837123912117,4.7991200519213e-06,0.000346704178165948,7.07119458149066e-10,80
"poisson","tall",74001,"glmnet",35,0.0126601539331527,0.436114170413202,0.396322376412499,0.0397917940007032,5.05277882503589e-06,0.000398949574210847,5.49969772181691e-10,84
"poisson","tall",74001,"glmnet",36,0.011583132695017,0.432698418872352,0.39562866643731,0.0370697524350423,4.99032883227203e-06,0.000430641685629461,7.97176351641921e-10,88
"poisson","tall",74001,"glmnet",37,0.0105977355203422,0.429517680922526,0.395015947208372,0.0345017337141546,5.09093484699422e-06,0.000480148842245988,7.39365426803001e-10,91
"poisson","tall",74001,"glmnet",38,0.0096961677912434,0.426559248642461,0.394490303890583,0.0320689447518776,3.7464823686266e-06,0.000386238709224333,3.71309660903568e-10,94
"poisson","tall",74001,"glmnet",39,0.00887129799148925,0.423810645314302,0.394029611632175,0.0297810336821268,3.58857417651764e-06,0.000404351554238535,3.12462654715462e-10,97
"poisson","tall",74001,"glmnet",40,0.00811660129529473,0.421259719918661,0.393637679534634,0.0276220403840267,3.28628340348462e-06,0.00040472030821041,2.51077829752783e-10,99
"poisson","tall",74001,"glmnet",41,0.00742610795511342,0.418895194717578,0.393307724381902,0.0255874703356755,1.05436760180029e-05,0.00141779883487681,3.43321537668584e-09,101
"poisson","tall",74001,"glmnet",42,0.00679435608016968,0.41670588836765,0.393025496492895,0.0236803918747546,9.58551282288951e-06,0.00140881762312036,3.05847344784019e-09,103
"poisson","tall",74001,"glmnet",43,0.00621634843220289,0.41468041362929,0.392779680119831,0.0219007335094594,8.92908253655959e-06,0.00143432682565852,2.88756431667675e-09,104
"poisson","tall",74001,"glmnet",44,0.00568751289667265,0.412807958097859,0.392570298726616,0.0202376593712424,8.61801470883241e-06,0.00151295938294057,2.51426357863321e-09,106
"poisson","tall",74001,"glmnet",45,0.00520366631674709,0.411078425978096,0.392393603350719,0.0186848226273772,7.96173618516482e-06,0.00152768695392321,2.15833249841285e-09,107
"poisson","tall",74002,"picasso",1,0.307539457420876,0.670628306935067,0.670628306935067,0,5.18585174802411e-16,1.68623948013511e-15,5.18585174802411e-16,0
"poisson","tall",74002,"picasso",2,0.281376542739433,0.67044961023158,0.666605918556315,0.00384369167526497,0.00017869690289749,0.000635081024017598,0.00017869690289749,1
"poisson","tall",74002,"picasso",3,0.257439352556462,0.66997298349851,0.663239299938098,0.00673368356041248,0.000149522853352056,0.000580793084864908,0.000149522853352056,1
"poisson","tall",74002,"picasso",4,0.235538540631171,0.669274761579898,0.660421103910904,0.00885365766899311,0.000125139965460055,0.000531254590201753,0.000125139965460055,1
"poisson","tall",74002,"picasso",5,0.215500868735653,0.66836939571548,0.655603277190394,0.0127661185250857,1.04987726195216e-05,4.8715632687536e-05,8.4801875567031e-08,3
"poisson","tall",74002,"picasso",6,0.197167836318314,0.666885819914697,0.646330376368405,0.0205554435462919,2.96591615948638e-05,0.00015040333814932,3.70375031616077e-07,4
"poisson","tall",74002,"picasso",7,0.180394426744201,0.664682971099011,0.635622032174446,0.0290609389245647,3.57094397951119e-05,0.00019791283513025,2.78466211345085e-07,6
"poisson","tall",74002,"picasso",8,0.165047960194846,0.661634264725365,0.621884377392302,0.039749887333063,4.10377354757852e-05,0.000248579469197007,6.13226329514438e-07,11
"poisson","tall",74002,"picasso",9,0.151007044153902,0.657478426502611,0.604135997804453,0.0533424286981579,9.19061728159587e-05,0.000608251563741721,1.07494694533605e-06,12
"poisson","tall",74002,"picasso",10,0.138160613176791,0.652212866801871,0.587281052807227,0.0649318139946447,8.86073646070573e-05,0.00064092487653863,1.37672361518359e-06,15
"poisson","tall",74002,"picasso",11,0.126407050348807,0.645905953596972,0.56935807418864,0.0765478794083323,9.78070754146798e-05,0.000773148773937535,1.38297575935087e-06,18
"poisson","tall",74002,"picasso",12,0.115653383482306,0.63854903955129,0.549803270168915,0.0887457693823753,0.000106084333480097,0.00091642036268614,1.93586448070626e-06,22
"poisson","tall",74002,"picasso",13,0.105814549694787,0.63018504579915,0.531211534202503,0.0989735115966467,0.000118613407443527,0.00111970042213372,2.23672564922006e-06,24
"poisson","tall",74002,"picasso",14,0.0968127225505988,0.620998424874976,0.513882073833151,0.107116351041825,0.000126026033678159,0.0013000583927344,2.7696989479824e-06,25
"poisson","tall",74002,"picasso",15,0.0885766964438636,0.611209047523927,0.498703796841351,0.112505250682577,0.000129711468330213,0.00146225589991884,2.9356725172508e-06,27
"poisson","tall",74002,"picasso",16,0.0810413233530102,0.601018001653209,0.484878662161964,0.116139339491246,0.000133680812153952,0.00164682236273073,3.07172370928455e-06,28
"poisson","tall",74002,"picasso",17,0.0741469975115804,0.590609132125403,0.47318882606678,0.117420306058624,0.000135578979829576,0.00182517874626029,3.10080952261726e-06,28
"poisson","tall",74002,"picasso",18,0.067839183918979,0.580173137742115,0.46330179113469,0.116871346607425,0.000136143295798877,0.00200283398958437,3.04235203966119e-06,29
"poisson","tall",74002,"picasso",19,0.0620679869616337,0.569851346705638,0.454960155643227,0.114891191062411,0.000136589875217821,0.00219581712734845,2.94737174838744e-06,29
"poisson","tall",74002,"picasso",20,0.0567877557322997,0.559753361272106,0.447758807350854,0.111994553921252,0.000138340675375555,0.00243018025309219,2.81897775235762e-06,31
"poisson","tall",74002,"picasso",21,0.0519567229255352,0.549938926871131,0.441453147190613,0.108485779680518,0.000137900443051731,0.00264711469504326,2.64057604895129e-06,33
"poisson","tall",74002,"picasso",22,0.0475366744529652,0.540449287032212,0.435735164906371,0.104714122125841,0.000136503966007742,0.00286332840676334,2.51680028422857e-06,35
"poisson","tall",74002,"picasso",23,0.0434926471649466,0.531318702937372,0.430858127651328,0.100460575286044,0.000135102276569168,0.00309670515437146,2.35244681997293e-06,37
"poisson","tall",74002,"picasso",24,0.0397926522875758,0.52257729597154,0.426583315524329,0.0959939804472109,0.000133710722751659,0.00334893320278316,2.15594634195804e-06,39
"poisson","tall",74002,"picasso",25,0.0364074223873897,0.514242815476658,0.4229162487139,0.0913265667627581,0.000130430311152972,0.00356973115604505,1.96560597006978e-06,40
"poisson","tall",74002,"picasso",26,0.0333101798622168,0.506328420437516,0.419734349899185,0.0865940705383313,0.000130589381279855,0.00390509501527844,1.89049020215792e-06,44
"poisson","tall",74002,"picasso",27,0.0304764251269145,0.498832560644405,0.416926221206082,0.081906339438323,0.000121121821790766,0.00395854680748814,1.59694195557636e-06,46
"poisson","tall",74002,"picasso",28,0.0278837428185118,0.491752283678819,0.414462045280239,0.0772902383985795,0.000117924839328622,0.00421135057988603,1.46083329402824e-06,50
"poisson","tall",74002,"picasso",29,0.0255116244878169,0.485074342396578,0.41222696525043,0.0728473771461482,0.000114567458634463,0.00447071725966401,1.26427345120672e-06,52
"poisson","tall",74002,"picasso",30,0.0233413063749566,0.478786942326554,0.410257570522689,0.0685293718038655,0.000112272633566335,0.00478701495944545,1.14273115018271e-06,56
"poisson","tall",74002,"picasso",31,0.0213556209856321,0.472877351721974,0.408525298535859,0.0643520531861149,0.000107798524559617,0.00502243011689867,1.02381317002598e-06,59
"poisson","tall",74002,"picasso",32,0.0195388612940401,0.467334456129911,0.407041661607545,0.0602927945223665,0.00010331776585194,0.00525999511240112,9.08868316417899e-07,60
"poisson","tall",74002,"picasso",33,0.0178766564982862,0.462146895776539,0.405784064833647,0.0563628309428918,9.87746695553827e-05,0.00549498193579316,8.0514464739756e-07,61
"poisson","tall",74002,"picasso",34,0.0163558583455013,0.457302325539736,0.404707193701873,0.0525951318378634,9.38013405940887e-05,0.00570232712311837,7.12424137916612e-07,63
"poisson","tall",74002,"picasso",35,0.0149644371274769,0.452784523671924,0.403768557848865,0.0490159658230598,8.73123277862729e-05,0.00580080927109388,6.17942178211095e-07,66
"poisson","tall",74002,"picasso",36,0.013691386524132,0.448577378270648,0.40296250749032,0.045614870780328,8.2841900961644e-05,0.00601426797966584,5.34450166755684e-07,68
"poisson","tall",74002,"picasso",37,0.0125266365421117,0.444664959743884,0.402321384603331,0.0423435751405533,0.00038582062515829,0.0298797215867058,2.57723282423774e-05,71
"poisson","tall",74002,"picasso",38,0.011460973859849,0.441028270080381,0.40164283001457,0.0393854400658101,8.44510762118209e-05,0.00731467890350638,5.57231318077722e-07,76
"poisson","tall",74002,"picasso",39,0.0104859689490121,0.437653021446196,0.40114753575348,0.0365054856927159,0.000340998976184538,0.0314953344778053,2.0024971419631e-05,78
"poisson","tall",74002,"picasso",40,0.00959390939585429,0.434521608871155,0.400675515138996,0.033846093732159,0.000379211728894794,0.0380233754460026,2.03750658861935e-05,81
"poisson","tall",74002,"picasso",41,0.00877773889503388,0.431619201236813,0.40026309132791,0.0313561099089033,0.000365354592156173,0.0399596255543109,1.80985497903863e-05,85
"poisson","tall",74002,"picasso",42,0.00803100143333487,0.428930951948197,0.399892806989311,0.0290381449588855,0.00032574147765883,0.0389794781445653,1.62393403569759e-05,87
"poisson","tall",74002,"picasso",43,0.00734779022177531,0.426442715327588,0.399573691374982,0.0268690239526064,0.000310047176309046,0.0404875632886389,1.39956238860699e-05,90
"poisson","tall",74002,"picasso",44,0.0067227009721498,0.42414141496116,0.399298985196423,0.0248424297647366,0.000295001306622963,0.0420367372259844,1.2124096070561e-05,91
"poisson","tall",74002,"picasso",45,0.00615078914841752,0.422014609021569,0.39906032376074,0.0229542852608293,0.000271598030951534,0.0422892646248425,1.04020635868207e-05,95
"poisson","tall",74002,"glmnet",1,0.307539457420876,0.670628306935067,0.670628306935067,3.5654602439304e-17,5.58997292898766e-16,1.81764414097201e-15,5.58997292898766e-16,0
"poisson","tall",74002,"glmnet",2,0.281376542739433,0.670449601896408,0.666606004467249,0.00384359742915923,2.4405943659378e-06,8.67369103769393e-06,8.33547114065247e-09,1
"poisson","tall",74002,"glmnet",3,0.257439352556462,0.669972977637136,0.663238401306146,0.00673457633098992,3.91210793826424e-06,1.51960003434699e-05,5.84651363610966e-09,1
"poisson","tall",74002,"glmnet",4,0.235538540631171,0.669274757374535,0.660419007766477,0.00885574960805882,4.70468873439711e-06,1.99737790315634e-05,4.10130758288219e-09,1
"poisson","tall",74002,"glmnet",5,0.215500868735653,0.668369395701904,0.655602821369242,0.0127665743326613,7.72544547503196e-06,3.58475053135884e-05,6.0491571849397e-09,3
"poisson","tall",74002,"glmnet",6,0.197167836318314,0.666885819650928,0.646325074693342,0.020560744957586,2.65947601996164e-08,1.34883848750449e-07,2.28395080625887e-14,4
"poisson","tall",74002,"glmnet",7,0.180394426744201,0.664682970649412,0.635614238814686,0.0290687318347258,4.73793476674089e-08,2.62643009979118e-07,6.150258080595e-14,6
"poisson","tall",74002,"glmnet",8,0.165047960194846,0.661634262757994,0.62186084783592,0.0397734149220739,6.83847179439034e-08,4.14332231244662e-07,2.14585016422575e-13,11
"poisson","tall",74002,"glmnet",9,0.151007044153902,0.657478419541442,0.60409512593407,0.0533832936073719,1.65666035861767e-07,1.09707368316591e-06,7.31440574774922e-13,12
"poisson","tall",74002,"glmnet",10,0.138160613176791,0.652212858136545,0.587231779484643,0.0649810786519025,2.07270508784108e-07,1.50021191328383e-06,1.06963315982256e-12,15
"poisson","tall",74002,"glmnet",11,0.126407050348807,0.645905940999814,0.569298630845457,0.0766073101543563,2.70589690043455e-07,2.14061723667974e-06,1.70045000302821e-12,18
"poisson","tall",74002,"glmnet",12,0.115653383482306,0.638549020100537,0.549724749360461,0.0888242707400769,3.49665107118868e-07,3.02337933764043e-06,2.74947664635761e-12,22
"poisson","tall",74002,"glmnet",13,0.105814549694787,0.630185018310693,0.53112084676531,0.0990641715453828,4.29309116131704e-07,4.05716771078195e-06,4.3685072226296e-12,24
"poisson","tall",74002,"glmnet",14,0.0968127225505988,0.620998386487695,0.51377708428202,0.107221302205674,4.73004497750229e-07,4.8857440872411e-06,6.15759754296619e-12,25
"poisson","tall",74002,"glmnet",15,0.0885766964438636,0.611209001364977,0.498595531954534,0.112613469410443,4.75136288757838e-07,5.36409415972256e-06,6.50198683782577e-12,27
"poisson","tall",74002,"glmnet",16,0.0810413233530102,0.601017946334013,0.484766157782154,0.116251788551859,4.76205175514721e-07,5.87604394412317e-06,7.20282189448085e-12,28
"poisson","tall",74002,"glmnet",17,0.0741469975115804,0.590609070757983,0.473078457564179,0.117530613193805,4.48578004727529e-07,6.04981059206754e-06,6.7026160177619e-12,28
"poisson","tall",74002,"glmnet",18,0.067839183918979,0.580173071497893,0.463195481883566,0.116977589614327,4.28613052480542e-07,6.31803509016455e-06,5.91881565981112e-12,29
"poisson","tall",74002,"glmnet",19,0.0620679869616337,0.56985127908487,0.454877985930105,0.114973293154765,3.92307669331918e-05,0.00063166196084722,3.84586809172305e-08,29
"poisson","tall",74002,"glmnet",20,0.0567877557322997,0.559753289833729,0.447678964800646,0.112074325033083,3.42544069874412e-05,0.000602836944759148,2.83235565482487e-08,31
"poisson","tall",74002,"glmnet",21,0.0519567229255352,0.549938852410258,0.441376751432792,0.108562100977466,3.02347367614128e-05,0.000581583114707642,2.22457793180864e-08,33
"poisson","tall",74002,"glmnet",22,0.0475366744529652,0.540449208917744,0.435661040947104,0.104788167970641,2.76297054734101e-05,0.000580891615304083,1.83684125873995e-08,35
"poisson","tall",74002,"glmnet",23,0.0434926471649466,0.531318624034381,0.430788144175555,0.100530479858826,2.39480388315796e-05,0.00055031968193827,1.3287032942344e-08,37
"poisson","tall",74002,"glmnet",24,0.0397926522875758,0.522577217315419,0.426518073904331,0.0960591434110876,2.17575910244211e-05,0.000546475285977189,1.01924933172404e-08,39
"poisson","tall",74002,"glmnet",25,0.0364074223873897,0.514242738646147,0.422856021138336,0.0913867175078115,1.88291758301123e-05,0.000516912254818019,7.57029007658616e-09,40
"poisson","tall",74002,"glmnet",26,0.0333101798622168,0.506328346338086,0.419678885967132,0.0866494603709536,1.74120313002762e-05,0.000522450927625025,5.70824847878626e-09,44
"poisson","tall",74002,"glmnet",27,0.0304764251269145,0.49883248984303,0.416876218795675,0.0819562710473548,1.46441960780994e-05,0.000480278206151876,4.48683291132124e-09,46
"poisson","tall",74002,"glmnet",28,0.0278837428185118,0.49175221657517,0.41441667032007,0.0773355462550999,1.31258440454474e-05,0.000470513167775875,3.6718967147964e-09,50
"poisson","tall",74002,"glmnet",29,0.0255116244878169,0.485074279576489,0.412186288643834,0.0728879909326549,1.15127575844656e-05,0.000451071413117129,2.87217872330103e-09,52
"poisson","tall",74002,"glmnet",30,0.0233413063749566,0.478786883253936,0.410221944078515,0.0685649391754205,1.00796116635701e-05,0.000431649396286179,2.81437670990314e-09,56
"poisson","tall",74002,"glmnet",31,0.0213556209856321,0.472877296480774,0.408493340766286,0.0643839557144888,9.31315705325272e-06,0.00043590853082228,2.32832211333189e-09,59
"poisson","tall",74002,"glmnet",32,0.0195388612940401,0.467334405308547,0.407013144907981,0.0603212604005665,8.50778907698913e-06,0.000435239598782491,1.82729861797348e-09,60
"poisson","tall",74002,"glmnet",33,0.0178766564982862,0.462146849371829,0.405758835498462,0.0563880138733676,7.65458232957622e-06,0.000428005434208354,1.43481146008817e-09,61
"poisson","tall",74002,"glmnet",34,0.0163558583455013,0.457302282878235,0.404684747316466,0.0526175355617691,6.9772541507647e-06,0.000426408620209632,1.14476860257895e-09,63
"poisson","tall",74002,"glmnet",35,0.0149644371274769,0.452784485315907,0.403748912193852,0.0490355731220549,6.27563637601615e-06,0.000419194227757064,9.41536716037028e-10,66
"poisson","tall",74002,"glmnet",36,0.013691386524132,0.448577344180404,0.40294543585515,0.0456319083252538,5.74244587652449e-06,0.000419244491973335,7.55327140944395e-10,68
"poisson","tall",74002,"glmnet",37,0.0125266365421117,0.444664229613983,0.402243501562364,0.0424207280516191,5.10674293138433e-06,0.000407504591757745,6.22042965692238e-10,72
"poisson","tall",74002,"glmnet",38,0.011460973859849,0.441028232739644,0.401627512504591,0.0394007202350532,4.96449726651929e-06,0.000432977843757411,5.32570248901187e-10,76
"poisson","tall",74002,"glmnet",39,0.0104859689490121,0.437652445943513,0.401088368872425,0.0365640770710884,4.86069609285066e-06,0.000463328092942455,4.78315963392539e-10,79
"poisson","tall",74002,"glmnet",40,0.00959390939585429,0.434520912167573,0.400615461244625,0.0339054509229483,4.76982415456746e-06,0.000496925050336567,4.26586623136771e-10,81
"poisson","tall",74002,"glmnet",41,0.00877773889503388,0.431618549382939,0.400209946203949,0.03140860317899,4.44951828878007e-06,0.000506652565325302,3.83973871698196e-10,84
"poisson","tall",74002,"glmnet",42,0.00803100143333487,0.428930350171085,0.399844880820371,0.0290854693507142,4.58580163270432e-06,0.000570686559502309,3.91584890069296e-10,87
"poisson","tall",74002,"glmnet",43,0.00734779022177531,0.426442182829947,0.399532109119115,0.0269100737108316,4.22485730410503e-06,0.000574652970466166,3.38388854270732e-10,90
"poisson","tall",74002,"glmnet",44,0.0067227009721498,0.424140950294767,0.399263103531294,0.0248778467634725,3.80668374763259e-06,0.000565922755517137,2.89425049704306e-10,91
"poisson","tall",74002,"glmnet",45,0.00615078914841752,0.422014192506198,0.399027974743297,0.0229862177629015,4.02145615505719e-06,0.000653384224702144,2.99283523963467e-10,94
"poisson","tall",74003,"picasso",1,0.272048002621678,0.657692323257823,0.657692323257823,0,8.12794276328077e-16,2.98768698352983e-15,8.12794276328077e-16,0
"poisson","tall",74003,"picasso",2,0.248904407515092,0.657553937783026,0.65457691306583,0.0029770247171959,0.000138423824664253,0.000556132476906258,0.000138423824664253,1
"poisson","tall",74003,"picasso",3,0.22772967815755,0.65718490235383,0.651970994357366,0.00521390799646448,0.000115734506283176,0.000508208384390498,0.000115734506283176,1
"poisson","tall",74003,"picasso",4,0.20835631972727,0.656633292526187,0.64906932462376,0.00756396790242703,0.000107918449203891,0.000517928301874772,0.000107918449203891,2
"poisson","tall",74003,"picasso",5,0.190631086477268,0.65577607379834,0.642339777720556,0.013436296077784,0.000234898294666663,0.00123082206037814,0.000211223517063443,7
"poisson","tall",74003,"picasso",6,0.174413769541867,0.654036931799887,0.628637716706855,0.0253992150930328,5.80667236939891e-05,0.000332814309385766,3.47881120096649e-07,8
"poisson","tall",74003,"picasso",7,0.159576087866608,0.651285644953068,0.614547008751731,0.0367386362013367,6.19839514741927e-05,0.000388278001408256,3.38351997173802e-07,10
"poisson","tall",74003,"picasso",8,0.146000673488677,0.647555583944901,0.599998682385426,0.047556901559475,6.69838759704278e-05,0.000458581161490168,5.32763563066529e-07,13
"poisson","tall",74003,"picasso",9,0.133580143141281,0.642831943712238,0.584753837885133,0.0580781058271047,6.3780354308679e-05,0.000477240959711749,7.70118136783515e-07,14
"poisson","tall",74003,"picasso",10,0.122216248838257,0.637213658454772,0.568524615303483,0.0686890431512883,6.63012049011424e-05,0.000542196780143547,1.08511658497301e-06,18
"poisson","tall",74003,"picasso",11,0.111819100719909,0.630654357055038,0.552164203223894,0.0784901538311443,8.04066111850521e-05,0.000718560904358061,1.26180931780595e-06,20
"poisson","tall",74003,"picasso",12,0.102306456012706,0.623301289990955,0.536811970929904,0.0864893190610509,8.14436190332279e-05,0.000795441837621028,1.43000577641861e-06,23
"poisson","tall",74003,"picasso",13,0.0936030684784092,0.615334191580156,0.523212426437353,0.0921217651428035,8.62108920184346e-05,0.000920178835804414,1.56337353461511e-06,23
"poisson","tall",74003,"picasso",14,0.085640093206685,0.606986139771205,0.511825215874174,0.0951609238970304,8.76393755550875e-05,0.00102229900307947,1.59421250052111e-06,23
"poisson","tall",74003,"picasso",15,0.0783545420430467,0.598414627331434,0.500926080604851,0.0974885467265835,9.44591913445147e-05,0.00120408405280123,1.70173076117297e-06,27
"poisson","tall",74003,"picasso",16,0.0716887853444833,0.58969018500548,0.491351047272972,0.0983391377325083,9.85746900501738e-05,0.00137314828129568,1.7365092583348e-06,27
"poisson","tall",74003,"picasso",17,0.0655900961216002,0.580958288375522,0.483175079781011,0.0977832085945107,9.95721206206723e-05,0.00151579576035481,1.68143070106147e-06,28
"poisson","tall",74003,"picasso",18,0.0600102329613792,0.572325269361111,0.476127583238506,0.0961976861226052,0.000101506102346764,0.00168862361874367,1.68908539055834e-06,29
"poisson","tall",74003,"picasso",19,0.0549050584314214,0.56385967058632,0.469866186318887,0.0939934842674335,0.000102388548750082,0.00186135795007883,1.67435696996154e-06,31
"poisson","tall",74003,"picasso",20,0.0502341899472026,0.555615181378441,0.464364526969328,0.0912506544091134,0.000100536561425807,0.00199735984278315,1.5837695351868e-06,32
"poisson","tall",74003,"picasso",21,0.0459606803406566,0.547635405788072,0.459526808316656,0.0881085974714168,9.86196149600979e-05,0.00214114446062205,1.47698342686636e-06,35
"poisson","tall",74003,"picasso",22,0.0420507256033427,0.539951045726724,0.455351050406792,0.0845999953199323,9.83924005098849e-05,0.00233438812410953,1.37452849127645e-06,36
"poisson","tall",74003,"picasso",23,0.0384733974924089,0.532592587585781,0.451803046715083,0.080789540870698,9.68676451702927e-05,0.00251145914669677,1.2744892225407e-06,36
"poisson","tall",74003,"picasso",24,0.0352003988842283,0.525582791389867,0.44879003846032,0.076792752929547,9.56049483382751e-05,0.00270866211347312,1.16479834357353e-06,37
"poisson","tall",74003,"picasso",25,0.0322058399405267,0.518933047920609,0.446201646004086,0.0727314019165228,9.33118870072164e-05,0.0028889887730015,1.05162897979971e-06,40
"poisson","tall",74003,"picasso",26,0.0294660333164449,0.512641276762998,0.443892727581307,0.0687485491816905,9.05693837723008e-05,0.00306426908027678,9.51388084232729e-07,44
"poisson","tall",74003,"picasso",27,0.026959306790607,0.506699004671625,0.441831238485458,0.0648677661861675,8.9180144788932e-05,0.00329704744675496,8.62093594815261e-07,46
"poisson","tall",74003,"picasso",28,0.0246658318350724,0.501098287220339,0.440005150359361,0.0610931368609783,8.564473061521e-05,0.00346018672413012,7.64820027960689e-07,50
"poisson","tall",74003,"picasso",29,0.0225674667691398,0.495828989341437,0.43842109538246,0.0574078939589776,8.30046517426887e-05,0.00366458826398479,6.81239331075001e-07,52
"poisson","tall",74003,"picasso",30,0.0206476132563293,0.490880299805734,0.436978075189303,0.053902224616431,8.074423400347e-05,0.0038953512858473,6.29492899746398e-07,58
"poisson","tall",74003,"picasso",31,0.0188910850094139,0.486235830321141,0.435681919717417,0.0505539106037238,7.66484100012607e-05,0.0040409894164162,5.61069737009756e-07,61
"poisson","tall",74003,"picasso",32,0.0172839876649428,0.481884647895662,0.434570622991331,0.0473140249043318,7.25376243483865e-05,0.00417927108907804,5.14081728471949e-07,66
"poisson","tall",74003,"picasso",33,0.0158136088770458,0.477814904388345,0.433589430856231,0.0442254735321136,6.81301661636519e-05,0.00428984294341383,4.45316739759838e-07,68
"poisson","tall",74003,"picasso",34,0.0144683177611495,0.474013137077606,0.432716213727376,0.0412969233502299,6.50892641577798e-05,0.00447859638448429,3.94236214232013e-07,73
"poisson","tall",74003,"picasso",35,0.0132374728921904,0.470464829288988,0.431941265330291,0.0385235639586969,6.37800522949056e-05,0.00479504093043723,3.54132500132942e-07,76
"poisson","tall",74003,"picasso",36,0.012111338129579,0.467157242070982,0.431307815134761,0.0358494269362203,0.000383139297129036,0.0306646916108746,2.58530827097723e-05,81
"poisson","tall",74003,"picasso",37,0.011081005603081,0.464076690364161,0.430720633429801,0.0333560569343601,0.00039690427446095,0.0345798388988528,2.56680184387861e-05,82
"poisson","tall",74003,"picasso",38,0.0101383252504222,0.461212364957525,0.43021946790169,0.0309928970558347,0.000379983645431172,0.0361259256781263,2.20739170808952e-05,84
"poisson","tall",74003,"picasso",39,0.00927584034925219,0.458552841708029,0.429790875165416,0.0287619665426122,0.000347430778300241,0.0361031892061641,1.8927236594974e-05,86
"poisson","tall",74003,"picasso",40,0.00848672853351514,0.456086334083611,0.429420904257771,0.0266654298258408,0.000318281396204529,0.0361477611888011,1.6288511422345e-05,90
"poisson","tall",74003,"picasso",41,0.00776474782766035,0.4538002395493,0.429086104936997,0.0247141346123034,0.00028535260656584,0.0354470865174081,1.46969688043054e-05,94
"poisson","tall",74003,"picasso",42,0.00710418727181601,0.451682615594592,0.428799790184355,0.0228828254102371,0.000264689631026981,0.035919942009733,1.26406959846641e-05,96
"poisson","tall",74003,"picasso",43,0.0064998217473651,0.449722873763152,0.428552573723822,0.0211703000393296,0.000247208139524445,0.0366395500937095,1.0902654135777e-05,98
"poisson","tall",74003,"picasso",44,0.00594687064558768,0.447910648618724,0.428341279862517,0.0195693687562074,0.000230911139509005,0.0373776781928518,9.37667943100939e-06,98
"poisson","tall",74003,"picasso",45,0.00544096005243357,0.446236335414826,0.428162222513509,0.0180741129013166,0.000213856040313394,0.0378183899893212,7.91486010888798e-06,99
"poisson","tall",74003,"glmnet",1,0.272048002621678,0.657692323257823,0.657692323257823,0,1.18849374786123e-15,4.36869132067843e-15,1.18849374786123e-15,0
"poisson","tall",74003,"glmnet",2,0.248904407515092,0.657553932829508,0.654577577629615,0.00297635519989254,1.65469742852142e-06,6.64787917904792e-06,4.9577330285544e-09,1
"poisson","tall",74003,"glmnet",3,0.22772967815755,0.657184898891715,0.651970904216668,0.00521399467504672,2.65036896712756e-06,1.16380883833055e-05,3.47570814607234e-09,1
"poisson","tall",74003,"glmnet",4,0.20835631972727,0.656633289473795,0.649067946800154,0.00756534267364051,3.5694752419102e-06,1.7131297465996e-05,3.02456548451069e-09,2
"poisson","tall",74003,"glmnet",5,0.190631086477268,0.655776025606515,0.642316349711081,0.0134596758954336,9.59940737713105e-06,5.03534034856525e-05,1.1821323121497e-08,7
"poisson","tall",74003,"glmnet",6,0.174413769541867,0.65403693064002,0.628625437977941,0.0254114926620784,3.25242103249579e-08,1.8647727381481e-07,2.13808970528362e-14,8
"poisson","tall",74003,"glmnet",7,0.159576087866608,0.651285643407217,0.614531710447031,0.0367539329601851,6.10120541866266e-08,3.82338179078495e-07,6.80516754059113e-14,10
"poisson","tall",74003,"glmnet",8,0.146000673488677,0.647555581229958,0.599975765404564,0.0475798158253938,1.16359829605006e-07,7.96980822677354e-07,1.57198698502725e-13,13
"poisson","tall",74003,"glmnet",9,0.133580143141281,0.642831939694893,0.584724190946768,0.0581077487481253,1.23867896439922e-07,9.27291876362333e-07,3.26824789453894e-13,14
"poisson","tall",74003,"glmnet",10,0.122216248838257,0.637213650687224,0.568478350180139,0.0687353005070847,1.78993538005323e-07,1.46456201658643e-06,7.65339014385802e-13,18
"poisson","tall",74003,"glmnet",11,0.111819100719909,0.630654345151772,0.55210852217994,0.0785458229718321,2.17120658521641e-07,1.94170973955693e-06,1.22345444886207e-12,20
"poisson","tall",74003,"glmnet",12,0.102306456012706,0.623301275596797,0.536753360911669,0.0865479146851276,2.3410402087698e-07,2.28825720595475e-06,1.52959356292115e-12,23
"poisson","tall",74003,"glmnet",13,0.0936030684784092,0.615334173909734,0.523150737334476,0.0921834365752576,2.50455774328251e-07,2.67571467742887e-06,1.79988191018055e-12,23
"poisson","tall",74003,"glmnet",14,0.085640093206685,0.60698612027973,0.511764627100201,0.0952214931795289,2.38396828361465e-07,2.78369809992287e-06,1.72026165534689e-12,23
"poisson","tall",74003,"glmnet",15,0.0783545420430467,0.598414602961378,0.500861349430078,0.0975532535313001,2.26284208343364e-07,2.88794432265142e-06,1.8237839016777e-12,27
"poisson","tall",74003,"glmnet",16,0.0716887853444833,0.589690157583095,0.491286918851343,0.0984032387317517,2.29517870597995e-07,3.20157657402155e-06,1.81257070464014e-12,27
"poisson","tall",74003,"glmnet",17,0.0655900961216002,0.580958261500995,0.483128461725512,0.0978297997754838,3.70529728080105e-05,0.000564598238980453,3.62818883219429e-08,28
"poisson","tall",74003,"glmnet",18,0.0600102329613792,0.572325240194352,0.47608004905571,0.0962451911386421,3.27748818022486e-05,0.000545856761337624,2.7017906127802e-08,29
"poisson","tall",74003,"glmnet",19,0.0549050584314214,0.563859639573886,0.469819728686416,0.0940399108874702,3.05461653937536e-05,0.000556035846295655,2.2455018924783e-08,31
"poisson","tall",74003,"glmnet",20,0.0502341899472026,0.555615149716901,0.464319915969039,0.0912952337478621,2.66341525160668e-05,0.000529918738762103,1.70469013261454e-08,32
"poisson","tall",74003,"glmnet",21,0.0459606803406566,0.547635373788607,0.459484547664397,0.0881508261242097,2.38722631107427e-05,0.000519136574328375,1.30768459118968e-08,35
"poisson","tall",74003,"glmnet",22,0.0420507256033427,0.539951013421286,0.455311163008241,0.0846398504130451,2.09811186751147e-05,0.00049869901436954,9.89563026648765e-09,36
"poisson","tall",74003,"glmnet",23,0.0384733974924089,0.532592555819933,0.451766677744209,0.0808258780757242,1.6858616781322e-05,0.000437997001981411,7.26369124232074e-09,36
"poisson","tall",74003,"glmnet",24,0.0352003988842283,0.525582760414657,0.448756419444046,0.0768263409706112,1.44311218331361e-05,0.000409802399462162,5.27634333402638e-09,37
"poisson","tall",74003,"glmnet",25,0.0322058399405267,0.518933018227865,0.446170962659631,0.0727620555682335,1.24436470983896e-05,0.000386229361491163,3.90341221156998e-09,40
"poisson","tall",74003,"glmnet",26,0.0294660333164449,0.512641248472796,0.443864899213796,0.0687763492590002,1.09898118674616e-05,0.000372826381403011,3.20262540637328e-09,44
"poisson","tall",74003,"glmnet",27,0.026959306790607,0.506698977480764,0.441805914194512,0.064893063286252,9.79007859938652e-06,0.000363010991686745,2.61621765856868e-09,46
"poisson","tall",74003,"glmnet",28,0.0246658318350724,0.501098261744329,0.439982438267313,0.0611158234770161,8.6201409528544e-06,0.000349354910140664,2.01005553596145e-09,50
"poisson","tall",74003,"glmnet",29,0.0225674667691398,0.495828965599197,0.438400683980044,0.0574282816191521,7.61896597367348e-06,0.00033749444246065,1.55729725526133e-09,52
"poisson","tall",74003,"glmnet",30,0.0206476132563293,0.490880276976662,0.436959502402391,0.0539207745742719,6.98236677060607e-06,0.000338053908099613,1.29129264786476e-09,58
"poisson","tall",74003,"glmnet",31,0.0188910850094139,0.486235809471256,0.435665431931063,0.0505703775401934,6.18930354834291e-06,0.000327523612444862,1.08482198180049e-09,61
"poisson","tall",74003,"glmnet",32,0.0172839876649428,0.481884628440683,0.434555995974105,0.0473286324665783,6.87185208486304e-06,0.000397426864644629,1.34324673145558e-09,66
"poisson","tall",74003,"glmnet",33,0.0158136088770458,0.477814886893324,0.433576422277176,0.0442384646161489,5.27015400313482e-06,0.000333155970962967,6.68472686371491e-10,68
"poisson","tall",74003,"glmnet",34,0.0144683177611495,0.474013121451113,0.432704847126704,0.0413082743244098,4.82603246866088e-06,0.000333447420786967,5.36805697004539e-10,73
"poisson","tall",74003,"glmnet",35,0.0132374728921904,0.470464814896712,0.431931240124811,0.0385335747719005,4.61366172277607e-06,0.000348408968933426,4.41313884436134e-10,76
"poisson","tall",74003,"glmnet",36,0.012111338129579,0.467156780210085,0.431251353945443,0.0359054262646428,4.27994467935323e-06,0.000353258467964312,3.66661419892722e-10,81
"poisson","tall",74003,"glmnet",37,0.011081005603081,0.464076165310016,0.430664909318437,0.033411255991579,3.8691368803561e-06,0.00034904651348091,2.93671313211785e-10,82
"poisson","tall",74003,"glmnet",38,0.0101383252504222,0.461211881275929,0.430170473684986,0.0310414075909424,3.56653023929517e-06,0.000351663211995203,2.2838263835645e-10,84
"poisson","tall",74003,"glmnet",39,0.00927584034925219,0.45855241881795,0.429748528731492,0.0288038900864582,3.11186748525039e-06,0.000335368413648815,1.72767224915216e-10,86
"poisson","tall",74003,"glmnet",40,0.00848672853351514,0.456085966010198,0.429385039659674,0.0267009263505231,2.62701086626432e-06,0.000309447619731628,1.37361661156632e-10,90
"poisson","tall",74003,"glmnet",41,0.00776474782766035,0.453799917857879,0.429055061112991,0.0247448567448877,2.38083360222345e-06,0.000306526865467996,1.16251576420812e-10,94
"poisson","tall",74003,"glmnet",42,0.00710418727181601,0.451682337333141,0.428773407487711,0.02290892984543,8.17557256764436e-06,0.00114948755378816,1.51754088317801e-09,96
"poisson","tall",74003,"glmnet",43,0.0064998217473651,0.449722635321862,0.428529629234155,0.0211930060877071,7.36806623510746e-06,0.00113229619023991,1.39179862390648e-09,98
"poisson","tall",74003,"glmnet",44,0.00594687064558768,0.447910445492855,0.428321826817695,0.0195886186751594,6.5535598865107e-06,0.00110080512665042,1.21361412042109e-09,98
"poisson","tall",74003,"glmnet",45,0.00544096005243357,0.446236158839993,0.42814501752567,0.0180911413143223,6.53494026810544e-06,0.00119962299678305,1.20855703139577e-09,100
"poisson","wide",74001,"picasso",1,0.378427457398644,0.696807633696649,0.696807633696649,0,4.80567966373461e-17,1.26990776429634e-16,4.80567966373461e-17,0
"poisson","wide",74001,"picasso",2,0.346233977693415,0.696520673747999,0.689336211195047,0.00718446255295238,0.000287340248841193,0.000829886246300094,0.000287340248841193,3
"poisson","wide",74001,"picasso",3,0.316779253105627,0.695011157925317,0.668734304571083,0.0262768533542337,2.96074637108901e-05,9.3455289279733e-05,2.18911542782371e-07,4
"poisson","wide",74001,"picasso",4,0.28983029299053,0.691817517323538,0.644435525151203,0.0473819921723353,4.56496955493213e-05,0.000157480110720183,3.13427664388446e-07,10
"poisson","wide",74001,"picasso",5,0.265173927621349,0.686391994123387,0.611951554822942,0.0744404393004449,8.13131122968658e-05,0.000306546675843121,8.30783000361589e-07,13
"poisson","wide",74001,"picasso",6,0.242615121989439,0.67843010537852,0.574149214886361,0.104280890492159,0.00012407713334911,0.000511154085526772,1.05091061555812e-06,18
"poisson","wide",74001,"picasso",7,0.221975433052384,0.668022911872724,0.538987725139003,0.129035186733721,0.000143097444155499,0.000644239108892036,1.28519772451928e-06,21
"poisson","wide",74001,"picasso",8,0.203091598226668,0.65529635890648,0.49764243003772,0.15765392886876,0.000164993542205144,0.000811750018876441,5.58541670532593e-06,37
"poisson","wide",74001,"picasso",9,0.185814243959731,0.63991913941196,0.452747522161121,0.18717161725084,0.000327078336125414,0.00175738957064513,1.0889386366439e-05,48
"poisson","wide",74001,"picasso",10,0.170006704166025,0.622062673792615,0.407679643020251,0.214383030772364,0.000105943672099318,0.00062278539218396,5.98558433803234e-07,66
"poisson","wide",74001,"picasso",11,0.155543939180776,0.601890734942131,0.363095581774006,0.238795153168125,0.000114956092996443,0.000738512841134193,6.24397187934151e-07,77
"poisson","wide",74001,"picasso",12,0.142311546680216,0.579731510028682,0.320715765834229,0.259015744194454,0.000121574425294646,0.000853554456653288,7.80729466273008e-07,89
"poisson","wide",74001,"picasso",13,0.130204856744546,0.55598462910275,0.281694813118575,0.274289815984175,0.000152588939296261,0.00117054256851839,1.20268610120251e-06,100
"poisson","wide",74001,"picasso",14,0.119128103905462,0.531092187019129,0.246200698079905,0.284891488939223,0.000226375673513565,0.00189666675529991,1.72243432560837e-06,111
"poisson","wide",74001,"picasso",15,0.108993669629032,0.505435979649327,0.213858766057331,0.291577213591996,0.00035928631472934,0.00328556564043971,2.70970579167457e-06,123
"poisson","wide",74001,"picasso",16,0.099721389241871,0.479338058928631,0.184498411189173,0.294839647739458,0.000198586885832144,0.0019874593002138,7.49941471237842e-07,135
"poisson","wide",74001,"picasso",17,0.0912379178183016,0.453073943733315,0.157411124299699,0.295662819433616,0.000274527269515434,0.0030019483795447,8.53640087626022e-07,153
"poisson","wide",74001,"picasso",18,0.0834761500125985,0.426805096824793,0.132001484788483,0.294803612036309,0.000395188650337719,0.00472343232736193,1.29896934084653e-06,161
"poisson","wide",74001,"picasso",19,0.0763746892471068,0.400720705933698,0.109212902528596,0.291507803405102,0.000327428882645614,0.00427511986012514,1.32182239480036e-06,170
"poisson","wide",74001,"picasso",20,0.0698773620574473,0.374998265350216,0.0882948005480988,0.286703464802118,0.000236636943648061,0.00337645426874877,4.7011777824592e-07,176
"poisson","wide",74001,"picasso",21,0.0639327737532175,0.349774288665639,0.0690137141123773,0.280760574553262,0.000271235455907418,0.00422890896255497,7.65591946337851e-07,189
"poisson","wide",74001,"picasso",22,0.0584939018794067,0.325096599052677,0.0511175131661314,0.273979085886546,0.000289204098056245,0.00492324300965301,5.56583687301636e-07,195
"poisson","wide",74001,"picasso",23,0.0535177242627529,0.301078956571628,0.0351349776474626,0.265943978924166,0.000389322781550724,0.00722928449624422,1.36393047813068e-06,205
"poisson","wide",74001,"picasso",24,0.048964878700841,0.277803849953592,0.0206362974635392,0.257167552490053,0.000334899311609967,0.00679312007298259,1.45504404413632e-06,211
"poisson","wide",74001,"picasso",25,0.0447993516020397,0.255314805353725,0.00700027078562134,0.248314534568103,0.00028921207058439,0.00641431101430244,6.39193920360936e-07,214
"poisson","wide",74001,"picasso",26,0.0409881931133775,0.233619181155392,-0.00572885650842399,0.239348037663816,0.000363029976605436,0.00878439195954245,8.58715556404535e-07,226
"poisson","wide",74001,"picasso",27,0.0375012564829852,0.212692340450035,-0.0183326627586474,0.231025003208682,0.000358756547920933,0.00950459601774008,2.90661746899116e-07,240
"poisson","wide",74001,"picasso",28,0.0343109595954267,0.192506090670538,-0.0300805687083055,0.222586659378843,0.000383706800468328,0.0111025880661144,3.46641603144698e-07,246
"poisson","wide",74001,"picasso",29,0.0313920667936322,0.173080097937763,-0.040837746385658,0.213917844323421,0.000353760551082993,0.0111987752000806,2.29232443339341e-07,246
"poisson","wide",74001,"picasso",30,0.0287214892616182,0.154445741353774,-0.0504794627098839,0.204925204063658,0.000360947733358718,0.0124572624537844,2.58461047246377e-07,252
"poisson","wide",74001,"picasso",31,0.0262781023889954,0.1366104246377,-0.0592375494621436,0.195847974099844,0.000354261216174972,0.0133388682936017,4.64005464436542e-07,262
"poisson","wide",74001,"picasso",32,0.0240425786725942,0.119582125055313,-0.0672751745187168,0.18685729957403,0.000355054138749245,0.0145528109835379,3.31633421618095e-07,274
"poisson","wide",74001,"picasso",33,0.0219972348334389,0.103330826019224,-0.074952414678548,0.178283240697772,0.000377522195442716,0.0169551250489272,3.19825782973483e-07,285
"poisson","wide",74001,"picasso",34,0.0201258919397453,0.0878229892860483,-0.0821073439721485,0.169930333258197,0.00038153092945999,0.0186516477886501,3.51254491350713e-07,299
"poisson","wide",74001,"picasso",35,0.0184137474294983,0.0730316985474774,-0.0889319698550513,0.161963668402529,0.000398622664396601,0.0212110529510363,3.25622675024149e-07,302
"poisson","wide",74001,"picasso",36,0.0168472580202895,0.0589081990199293,-0.0956815327822557,0.154589731802185,0.000386619533270977,0.0225315473768148,8.85532707861625e-08,305
"poisson","wide",74001,"picasso",37,0.015414032580219,0.0454633882545642,-0.101625198653331,0.147088586907895,0.000394258330568146,0.0250912562909028,1.06439777455756e-07,312
"poisson","wide",74001,"picasso",38,0.014102734112454,0.0326740128516903,-0.107099143101321,0.139773155953012,0.000380399004680978,0.0262649663994959,1.28033823175246e-07,316
"poisson","wide",74001,"picasso",39,0.0129029900781324,0.0205222534264286,-0.112098048634686,0.132620302061114,0.000388232168092426,0.0292096664174506,1.4233320458999e-07,317
"poisson","wide",74001,"picasso",40,0.0118053103482508,0.00899260418278784,-0.116697255791026,0.125689859973813,0.000384722254045712,0.0315603958248015,1.86384769028579e-07,317
"poisson","wide",74001,"picasso",41,0.0108010121355289,-0.00191717726159561,-0.12080593867206,0.118888761410465,0.000362256078084428,0.0324507188354272,1.92423820451878e-07,323
"poisson","wide",74001,"picasso",42,0.00988215131244971,-0.0122291169453709,-0.124444873114683,0.112215756169312,0.000377551950202833,0.0367994999989133,2.67712567821955e-07,336
"poisson","wide",74001,"picasso",43,0.00904145957219309,-0.0220026161829259,-0.128292708059477,0.106290091876551,0.000387134581980954,0.0414423064834882,8.72157962692307e-08,337
"poisson","wide",74001,"picasso",44,0.0082722869353978,-0.0312316066415667,-0.131639732997869,0.100408126356302,0.000382164803366747,0.0446970805201452,5.61445114617896e-08,338
"poisson","wide",74001,"picasso",45,0.00756854914797288,-0.0399175106097649,-0.134332928255807,0.0944154176460423,0.000376742461615607,0.0474170716605227,1.14802264074446e-07,343
"poisson","wide",74001,"glmnet",1,0.378427457398644,0.696807633696648,0.696807633696648,2.24159461469536e-17,2.19189745718852e-16,5.79212056190608e-16,2.19189745718852e-16,0
"poisson","wide",74001,"glmnet",2,0.346233977693415,0.696520651460643,0.689341999904532,0.00717865155611163,4.83117393418331e-06,1.39532998914464e-05,2.23730252038986e-08,3
"poisson","wide",74001,"glmnet",3,0.316779253105627,0.695011157509926,0.668721650288451,0.0262895072214744,7.87346626784924e-09,2.48547403119577e-08,1.42741770784279e-14,4
"poisson","wide",74001,"glmnet",4,0.28983029299053,0.691817515977939,0.644411203398299,0.0474063125796401,1.82025385320195e-08,6.28041230645955e-08,2.47938574433298e-14,10
"poisson","wide",74001,"glmnet",5,0.265173927621349,0.686391988081119,0.611895728381162,0.0744962596999578,1.07114907887951e-07,4.03941916841473e-07,5.19442514795061e-13,13
"poisson","wide",74001,"glmnet",6,0.242615121989439,0.678430090367923,0.574055098166101,0.104374992201822,3.54694498383434e-07,1.46196155015084e-06,2.7788990503549e-12,18
"poisson","wide",74001,"glmnet",7,0.221975433052384,0.668022888454273,0.538871918624432,0.129150969829841,5.4645705285794e-07,2.46178462221724e-06,6.99087389663796e-12,21
"poisson","wide",74001,"glmnet",8,0.203091598226668,0.655296314004431,0.497489920771849,0.157806393232581,3.28612755606805e-06,1.61802576491125e-05,1.19133185776705e-10,36
"poisson","wide",74001,"glmnet",9,0.185814243959731,0.639918954550677,0.452574990975372,0.187343963575306,3.85850894202289e-06,2.07649925523798e-05,2.2342313760986e-10,48
"poisson","wide",74001,"glmnet",10,0.170006704166025,0.622062639429718,0.407648096188676,0.214414543241041,9.60547448122795e-06,5.64973707613018e-05,4.78365877465414e-10,66
"poisson","wide",74001,"glmnet",11,0.155543939180776,0.6018906809529,0.363057131266131,0.238833549686769,1.60908315820496e-05,0.000103438084839475,1.66785213806531e-09,77
"poisson","wide",74001,"glmnet",12,0.142311546680216,0.579731434810857,0.320666787559802,0.259064647251055,2.43827878330938e-05,0.000171304518291477,2.63517442501891e-09,89
"poisson","wide",74001,"glmnet",13,0.130204856744546,0.55598447217197,0.281639014876228,0.274345457295743,2.32596257841167e-05,0.000178606789627312,2.57853744435797e-09,100
"poisson","wide",74001,"glmnet",14,0.119128103905462,0.531091793095207,0.246175727191663,0.284916065903544,2.40720079513618e-05,0.000202027430609867,3.02510778442994e-09,111
"poisson","wide",74001,"glmnet",15,0.108993669629032,0.505434931939786,0.213801309808978,0.291633622130808,2.98251138487471e-05,0.000273568594946747,4.20968600280323e-09,123
"poisson","wide",74001,"glmnet",16,0.099721389241871,0.47933752118569,0.184467828893012,0.294869692292679,3.62096971150971e-05,0.000362984834176977,5.844946460403e-09,135
"poisson","wide",74001,"glmnet",17,0.0912379178183016,0.453072853123879,0.157357195007439,0.295715658116441,5.33935908271638e-05,0.000584870454844015,5.95374144913523e-09,154
"poisson","wide",74001,"glmnet",18,0.0834761500125985,0.426803484254098,0.131968037914439,0.294835446339659,5.93458860408402e-05,0.000710568524018479,7.74319759438186e-09,162
"poisson","wide",74001,"glmnet",19,0.0763746892471068,0.400718874618399,0.109184701200386,0.291534173418014,7.38602072444666e-05,0.000966346795199981,7.25899568882709e-09,169
"poisson","wide",74001,"glmnet",20,0.0698773620574473,0.374997237720193,0.0882954464712395,0.286701791248954,0.000112541046156489,0.00160849029830356,1.81781844721396e-08,176
"poisson","wide",74001,"glmnet",21,0.0639327737532175,0.349772717894822,0.0690192808508393,0.280753437043982,0.00011601500653953,0.00181185404931524,1.71417820944113e-08,187
"poisson","wide",74001,"glmnet",22,0.0584939018794067,0.325094799415312,0.0510913401692689,0.274003459246044,9.55487994237156e-05,0.00163081917165404,1.21745876489689e-08,194
"poisson","wide",74001,"glmnet",23,0.0535177242627529,0.301075080153703,0.035008881919206,0.266066198234497,0.000108053624688645,0.00201530809730713,2.58382623982304e-08,203
"poisson","wide",74001,"glmnet",24,0.048964878700841,0.277798359297421,0.0205031046200435,0.257295254677377,9.72404930317597e-05,0.00198198721599257,1.51619196290095e-08,207
"poisson","wide",74001,"glmnet",25,0.0447993516020397,0.255311605146249,0.00694002865204896,0.2483715764942,0.00013167625962298,0.00293063092231933,1.628752318921e-08,213
"poisson","wide",74001,"glmnet",26,0.0409881931133775,0.233613306190706,-0.00592070222367971,0.239534008414386,0.000163128569896268,0.00396411495970425,2.14554510960926e-08,227
"poisson","wide",74001,"glmnet",27,0.0375012564829852,0.21268679577544,-0.0183991254619035,0.231085921237343,0.000146664216897255,0.0038960158737705,2.44493542429185e-08,239
"poisson","wide",74001,"glmnet",28,0.0343109595954267,0.192498739342577,-0.0301353241014177,0.222634063443995,0.000182498891288928,0.00529404943808409,3.02092303683388e-08,243
"poisson","wide",74001,"glmnet",29,0.0313920667936322,0.17307475573039,-0.0408391730461696,0.21391392877656,0.000153108270962835,0.00485361931418402,2.5889579839955e-08,244
"poisson","wide",74001,"glmnet",30,0.0287214892616182,0.154443042062366,-0.0504420849159279,0.204885126978294,0.000251038313523442,0.00866470185841957,3.39421791479515e-08,253
"poisson","wide",74001,"glmnet",31,0.0262781023889954,0.136603321981991,-0.0593224605943315,0.195925782576322,0.00019747623145103,0.00746152504014972,2.46363064264938e-08,259
"poisson","wide",74001,"glmnet",32,0.0240425786725942,0.11957605126108,-0.0673071259757282,0.186883177236808,0.000243984008091443,0.0100460493853861,3.51331288000229e-08,274
"poisson","wide",74001,"glmnet",33,0.0219972348334389,0.103322805315466,-0.0750765881848833,0.178399393500349,0.000209849904922742,0.00946531106961374,3.15511195376444e-08,286
"poisson","wide",74001,"glmnet",34,0.0201258919397453,0.087811100802364,-0.0822686539367954,0.170079754739159,0.00025918287674646,0.0127725289410109,3.21168581076035e-08,291
"poisson","wide",74001,"glmnet",35,0.0184137474294983,0.0730209009077729,-0.0890375596594693,0.162058460567242,0.000238703008534864,0.0127974074681436,5.5884169641545e-08,299
"poisson","wide",74001,"glmnet",36,0.0168472580202895,0.0589039554782783,-0.0956606314335,0.154564586911778,0.000290581601229172,0.016955556105468,4.06627983070721e-08,304
"poisson","wide",74001,"glmnet",37,0.015414032580219,0.045460972535784,-0.101591113409786,0.14705208594557,0.000284706872507326,0.0181356518059724,5.20842407016252e-08,310
"poisson","wide",74001,"glmnet",38,0.014102734112454,0.0326644650022545,-0.107205747502199,0.139870212504453,0.000323879187103854,0.0224501191221213,4.60020060086671e-08,320
"poisson","wide",74001,"glmnet",39,0.0129029900781324,0.0205006854158906,-0.112343872104428,0.132844557520319,0.00020895203746907,0.0159360097555986,3.09881079337191e-08,311
"poisson","wide",74001,"glmnet",40,0.0118053103482508,0.00897705232345374,-0.116779734102438,0.125756786425892,0.000298751773210964,0.0246819431537158,6.74139351422179e-08,312
"poisson","wide",74001,"glmnet",41,0.0108010121355289,-0.00192917823699086,-0.120884932698259,0.118955754461268,0.000289361199773274,0.0261194921605743,4.08525954642691e-08,324
"poisson","wide",74001,"glmnet",42,0.00988215131244971,-0.0122483412901873,-0.12472804442467,0.112479703134483,0.000337806410456106,0.033194596839468,5.01226490238839e-08,336
"poisson","wide",74001,"glmnet",43,0.00904145957219309,-0.0220056578978596,-0.128234777560697,0.106229119662837,0.0003349817766007,0.0358532193039192,6.09450985504324e-08,337
"poisson","wide",74001,"glmnet",44,0.0082722869353978,-0.0312300173071616,-0.13156668196447,0.100336664657308,0.000314469453376856,0.0366896278880863,4.61826413345705e-08,339
"poisson","wide",74001,"glmnet",45,0.00756854914797288,-0.0399165931203701,-0.134334553819131,0.0944179606987612,0.000387565608435625,0.0487913819569445,9.35881522345123e-08,348
"poisson","wide",74002,"picasso",1,0.357197876663464,0.771471238989525,0.771471238989525,0,7.30209543624889e-16,2.04427179255844e-15,7.30209543624889e-16,0
"poisson","wide",74002,"picasso",2,0.326810434187263,0.771207097936237,0.76552764263506,0.00567945530117757,0.000263945272016002,0.000807601272553272,0.000263945272016002,1
"poisson","wide",74002,"picasso",3,0.299008104111141,0.770386108333292,0.755945992722566,0.0144401156107251,0.000335014679486039,0.0011197490939714,0.000335014679486039,3
"poisson","wide",74002,"picasso",4,0.273570966442611,0.76852022365589,0.73989061811152,0.0286296055443691,3.0324974317264e-05,0.000110836371276674,1.58557945045347e-07,6
"poisson","wide",74002,"picasso",5,0.250297810164121,0.76525716718242,0.719905555634773,0.0453516115476478,6.18865459138807e-05,0.000247190529175138,5.4151377941482e-07,9
"poisson","wide",74002,"picasso",6,0.229004541628129,0.760252901471925,0.69290578086068,0.0673471206112459,0.000108961616097164,0.000475579197883484,1.17215740029002e-06,13
"poisson","wide",74002,"picasso",7,0.209522728352767,0.753070861107666,0.656473378157014,0.0965974829506518,0.000118556147991666,0.000565519087874304,2.4460558018521e-06,27
"poisson","wide",74002,"picasso",8,0.191698266699332,0.743000569552419,0.613247766251191,0.129752803301228,0.000176360163903932,0.000919142706813645,5.05856167836478e-06,40
"poisson","wide",74002,"picasso",9,0.175390162892764,0.729951940072442,0.566121119240906,0.163830820831536,0.000104200377654601,0.000593878919797161,2.03561182980293e-07,50
"poisson","wide",74002,"picasso",10,0.160469417742824,0.713916109127335,0.518418198920941,0.195497910206393,8.7467309658501e-05,0.00054477458023622,3.15532922423906e-07,58
"poisson","wide",74002,"picasso",11,0.146818006243971,0.695433941275952,0.476472568877942,0.218961372398011,0.000389784149041117,0.00264785000848448,1.42881831427934e-05,69
"poisson","wide",74002,"picasso",12,0.134327943982451,0.675119145588867,0.438304793247591,0.236814352341276,0.000125646683701464,0.000934498536476005,4.36958730387944e-07,78
"poisson","wide",74002,"picasso",13,0.122900432965753,0.653424635519088,0.402918175816597,0.25050645970249,0.000176172106923958,0.00143140206719164,9.8156937353203e-07,96
"poisson","wide",74002,"picasso",14,0.112445080117825,0.630574727200737,0.367301381476506,0.263273345724232,0.00033433105649644,0.00296572709024172,2.87248253811053e-06,115
"poisson","wide",74002,"picasso",15,0.102879182258272,0.606739885673216,0.334315865327519,0.272424020345697,0.000373416259343895,0.00361653134841142,3.56336885653428e-06,128
"poisson","wide",74002,"picasso",16,0.0941270719095944,0.582229816742449,0.303901476615501,0.278328340126948,0.00028526784472642,0.00302325688587304,1.01048950587902e-06,136
"poisson","wide",74002,"picasso",17,0.0861195187577574,0.55734552159335,0.276373433877876,0.280972087715474,0.000201540531661881,0.0023375309519169,3.84662479965746e-07,146
"poisson","wide",74002,"picasso",18,0.0787931820315315,0.532351449107995,0.251320161755224,0.281031287352771,0.000248761555764837,0.00315296684207519,4.02884749014351e-07,158
"poisson","wide",74002,"picasso",19,0.0720901094688807,0.507436447354773,0.228274270884466,0.279162176470306,0.00037867759367681,0.00523908997075911,6.13804553481399e-07,167
"poisson","wide",74002,"picasso",20,0.0659572789071455,0.482756901446307,0.20693414458563,0.275822756860677,0.000330959338725595,0.0050061899167833,6.56266750074559e-07,179
"poisson","wide",74002,"picasso",21,0.0603461788709435,0.458418582601582,0.187121271280434,0.271297311321149,0.000372235471427798,0.00614686389405197,7.71800875711508e-07,188
"poisson","wide",74002,"picasso",22,0.0552124248401853,0.434545897675506,0.16920648008763,0.265339417587877,0.000290331210039192,0.0052432476763264,2.16268934648703e-07,195
"poisson","wide",74002,"picasso",23,0.0505154081628343,0.411256415567207,0.153156108539491,0.258100307027716,0.000374668433993856,0.00737560672946515,6.00755420189067e-07,196
"poisson","wide",74002,"picasso",24,0.0462179748352667,0.388648607776934,0.138625043243577,0.250023564533357,0.000288964632650768,0.00622552367581445,2.97042757822259e-07,207
"poisson","wide",74002,"picasso",25,0.0422861316093441,0.366800392615199,0.1255247502516,0.241275642363599,0.000348412603458852,0.00820595722224129,2.46218096946154e-07,214
"poisson","wide",74002,"picasso",26,0.0386887771014655,0.345743597435682,0.113413406716803,0.232330190718879,0.000372109523307615,0.0095726937594041,3.50102911060381e-07,224
"poisson","wide",74002,"picasso",27,0.0353974557766386,0.325452515068216,0.101421571948837,0.224030943119379,0.000352745687928514,0.00990448178953713,2.50908721026732e-07,236
"poisson","wide",74002,"picasso",28,0.0323861328615534,0.305887805563707,0.0900700616673051,0.215817743896401,0.000394411241480409,0.0120318698872331,3.9983321937712e-07,251
"poisson","wide",74002,"picasso",29,0.0296309884061897,0.287028215000061,0.0793097297848058,0.207718485215255,0.000333933941986161,0.0111712456204975,2.07124278768234e-07,251
"poisson","wide",74002,"picasso",30,0.0271102288649609,0.268902267805493,0.0693548151732506,0.199547452632243,0.000358270935517425,0.0130760327924233,2.73709409648009e-07,266
"poisson","wide",74002,"picasso",31,0.0248039147069773,0.251480014345142,0.0599084962388984,0.191571518106243,0.000338502184483017,0.013482530275544,2.6928094007918e-07,270
"poisson","wide",74002,"picasso",32,0.0226938026918015,0.234778589421134,0.0513350590355979,0.183443530385536,0.000393813823160449,0.0171478315698433,2.02902053178284e-07,280
"poisson","wide",74002,"picasso",33,0.0207632015630801,0.21880837048871,0.0436347206165171,0.175173649872193,0.000381131775655956,0.0180252443787258,4.60155402216397e-07,290
"poisson","wide",74002,"picasso",34,0.0189968400185676,0.203558537191469,0.0364752431438621,0.167083294047607,0.000359724830827319,0.0185841255215573,3.87607361803655e-07,296
"poisson","wide",74002,"picasso",35,0.0173807459121693,0.189004223090439,0.0297364134795741,0.159267809610865,0.000397520837142208,0.0224135182441458,2.66857382428741e-07,302
"poisson","wide",74002,"picasso",36,0.0159021357324758,0.1751323697624,0.0234694267929038,0.151662942969496,0.000362349364040976,0.0222953341911797,1.42965611461226e-07,301
"poisson","wide",74002,"picasso",37,0.0145493134835501,0.161946312259178,0.0177857927970585,0.14416051946212,0.000398092218651206,0.026632863694372,1.97023412611884e-07,310
"poisson","wide",74002,"picasso",38,0.0133115781681016,0.149405627315137,0.0123580337169764,0.137047593598161,0.000391226059607681,0.0285508026755983,5.72977523154756e-08,316
"poisson","wide",74002,"picasso",39,0.0121791391412265,0.137503373982384,0.00751633089674364,0.129987043085641,0.000384907178290726,0.0306356064361849,1.14507623720307e-07,313
"poisson","wide",74002,"picasso",40,0.0111430386651524,0.126228284763045,0.00324286068167064,0.122985424081375,0.00038308928331063,0.0332365981900898,2.49107696241075e-07,323
"poisson","wide",74002,"picasso",41,0.0101950810523852,0.11554926059225,-0.000835395410430287,0.11638465600268,0.000366574773113335,0.0347080778970594,2.91755026047042e-07,332
"poisson","wide",74002,"picasso",42,0.009327767836771,0.105434149490585,-0.00477497542821484,0.1102091249188,0.000398977695476909,0.0410186217120767,2.57521539604614e-07,342
"poisson","wide",74002,"picasso",43,0.0085342384596681,0.0958508693881016,-0.00857734125811723,0.104428210646219,0.000381198932255529,0.0427571767371561,1.03691199806863e-07,339
"poisson","wide",74002,"picasso",44,0.00780821600204953,0.0868065786622958,-0.0116526845601373,0.0984592632224331,0.000399397960864478,0.048661884278324,1.88143690381274e-07,350
"poisson","wide",74002,"picasso",45,0.00714395753326927,0.0782586034130529,-0.0147374262469034,0.0929960296599563,0.000373350574502335,0.0496654612462079,1.28906606344237e-07,351
"poisson","wide",74002,"glmnet",1,0.357197876663464,0.771471238989524,0.771471238989524,0,5.5828357809722e-17,1.56295323844607e-16,5.5828357809722e-17,0
"poisson","wide",74002,"glmnet",2,0.326810434187263,0.771207077904309,0.765524669381677,0.00568240852263216,4.59068852370903e-06,1.40467486935578e-05,1.99884377773328e-08,1
"poisson","wide",74002,"glmnet",3,0.299008104111141,0.770386065087855,0.755921398660039,0.0144646664278161,1.11111855449209e-05,3.71587676527623e-05,3.26560872565551e-08,3
"poisson","wide",74002,"glmnet",4,0.273570966442611,0.768520223260667,0.739880064356406,0.0286401589042606,1.00957353588171e-08,3.69035330414556e-08,1.17341057505525e-14,6
"poisson","wide",74002,"glmnet",5,0.250297810164121,0.765257165387222,0.719883724647955,0.0453734407392677,5.47908503012451e-08,2.18902587567425e-07,1.23285508785947e-13,9
"poisson","wide",74002,"glmnet",6,0.229004541628129,0.760252895477821,0.692863522427646,0.067389373050175,1.94583913259994e-07,8.4969383812142e-07,1.26408724757506e-12,13
"poisson","wide",74002,"glmnet",7,0.209522728352767,0.753070835243708,0.65639209266275,0.0966787425809582,1.22155753312647e-06,5.83015704719884e-06,3.34169434980579e-11,27
"poisson","wide",74002,"glmnet",8,0.191698266699332,0.74300051520653,0.61313604864591,0.12986446656062,6.27077772280549e-06,3.27108479452429e-05,3.49627953255549e-10,40
"poisson","wide",74002,"glmnet",9,0.175390162892764,0.729951925984397,0.566140734764485,0.163811191219912,1.10155438904358e-05,6.28042334653763e-05,5.91446696063258e-10,50
"poisson","wide",74002,"glmnet",10,0.160469417742824,0.713916088833059,0.518428817353183,0.195487271479875,7.765475619953e-06,4.83904089904983e-05,7.67365264664477e-10,58
"poisson","wide",74002,"glmnet",11,0.146818006243971,0.695433354218397,0.476296034211186,0.219137320007211,1.95284900449955e-05,0.000132993856648232,1.86000316926282e-09,70
"poisson","wide",74002,"glmnet",12,0.134327943982451,0.675119097128957,0.438308896341734,0.236810200787224,1.67720992865494e-05,0.000124843758472384,1.86884081606767e-09,78
"poisson","wide",74002,"glmnet",13,0.122900432965753,0.653424536337437,0.402866122810473,0.250558413526965,2.02341307136422e-05,0.000164611299235488,2.69656183541197e-09,96
"poisson","wide",74002,"glmnet",14,0.112445080117825,0.630573790506389,0.367299395424638,0.263274395081752,6.15178570610442e-05,0.000546924911998564,4.93896888212727e-09,115
"poisson","wide",74002,"glmnet",15,0.102879182258272,0.606738485478456,0.334360957307363,0.272377528171092,5.26064225939427e-05,0.000511179883625822,5.17507271163049e-09,127
"poisson","wide",74002,"glmnet",16,0.0941270719095944,0.582228995589583,0.303959458352206,0.278269537237378,2.87255320424173e-05,0.000305089672235343,5.20698859426564e-09,134
"poisson","wide",74002,"glmnet",17,0.0861195187577574,0.557345201784646,0.276418725614081,0.280926476170565,6.01152525153692e-05,0.000697822606892993,4.9160057513653e-09,146
"poisson","wide",74002,"glmnet",18,0.0787931820315315,0.532350995719763,0.251350206416808,0.281000789302955,4.40787465800091e-05,0.0005591105797558,6.05712411592764e-09,159
"poisson","wide",74002,"glmnet",19,0.0720901094688807,0.507435637891343,0.228317857914399,0.279117779976944,9.6088612514339e-05,0.00133112166962987,1.01748362608361e-08,167
"poisson","wide",74002,"glmnet",20,0.0659572789071455,0.482755697366096,0.206975140139946,0.27578055722615,8.76648208278236e-05,0.00132751993150438,1.19881740718546e-08,178
"poisson","wide",74002,"glmnet",21,0.0603461788709435,0.458416828083613,0.187137658836213,0.2712791692474,7.13198378471253e-05,0.00118045002476656,9.07185848442182e-09,187
"poisson","wide",74002,"glmnet",22,0.0552124248401853,0.434544726258605,0.16919981298401,0.265344913274595,0.000100877839510918,0.00182375368354107,1.7761716123602e-08,196
"poisson","wide",74002,"glmnet",23,0.0505154081628343,0.411252101438934,0.153083917909221,0.258168183529713,0.000125750259442586,0.00248316316925462,1.81430161113763e-08,195
"poisson","wide",74002,"glmnet",24,0.0462179748352667,0.388647030091744,0.138659471497258,0.249987558594485,0.000154409177825714,0.00333035966960591,3.02122831726973e-08,205
"poisson","wide",74002,"glmnet",25,0.0422861316093441,0.366798551186522,0.125575211903292,0.24122333928323,0.000110978517867726,0.00261807046063913,1.66500799075082e-08,212
"poisson","wide",74002,"glmnet",26,0.0386887771014655,0.345740190372526,0.11342674935588,0.232313441016646,0.000139484350421583,0.00359705061098632,1.29238336559518e-08,223
"poisson","wide",74002,"glmnet",27,0.0353974557766386,0.325449911491319,0.101475949420908,0.223973962070411,0.000163167201238767,0.00459048035773942,2.3472774822889e-08,236
"poisson","wide",74002,"glmnet",28,0.0323861328615534,0.305879824616467,0.0899988454311895,0.215880979185278,0.00024796089198912,0.0075982159597186,2.65282084039547e-08,251
"poisson","wide",74002,"glmnet",29,0.0296309884061897,0.287024500574771,0.0792685074891949,0.207755993085576,0.000177111920060792,0.00594173792097777,2.34026970469259e-08,251
"poisson","wide",74002,"glmnet",30,0.0271102288649609,0.268895121340221,0.0692210055452818,0.199674115794939,0.000164469530277312,0.00603011362010243,2.08021329108275e-08,263
"poisson","wide",74002,"glmnet",31,0.0248039147069773,0.251474574396835,0.0598481160350482,0.191626458361787,0.000253787359396317,0.0101341911571919,3.818932291003e-08,269
"poisson","wide",74002,"glmnet",32,0.0226938026918015,0.234769604189212,0.0512598108168905,0.183509793372321,0.000307735782066929,0.0134425622568191,3.2096143208601e-08,275
"poisson","wide",74002,"glmnet",33,0.0207632015630801,0.218799361530476,0.0435409116220793,0.175258449908397,0.000245504590133928,0.0116858500634686,3.73896375468633e-08,286
"poisson","wide",74002,"glmnet",34,0.0189968400185676,0.203547516179848,0.0362480673302843,0.167299448849564,0.00024879710784521,0.0129295717875298,4.5279460475183e-08,293
"poisson","wide",74002,"glmnet",35,0.0173807459121693,0.188986261305423,0.0295232877072328,0.159462973598191,0.000241151350458997,0.0136847552147759,4.20482883994084e-08,295
"poisson","wide",74002,"glmnet",36,0.0159021357324758,0.175119254690829,0.0233783739963607,0.151740880694468,0.000247544686872582,0.0153281477060071,4.40847696688998e-08,301
"poisson","wide",74002,"glmnet",37,0.0145493134835501,0.161934945248686,0.0176862633564264,0.144248681892259,0.000333014134512213,0.0223764818957514,4.77179430922815e-08,309
"poisson","wide",74002,"glmnet",38,0.0133115781681016,0.149403570645006,0.0124888500385922,0.136914720606414,0.000325973589304529,0.0239026472715312,9.73747902141156e-08,318
"poisson","wide",74002,"glmnet",39,0.0121791391412265,0.137502358250443,0.00756151027511821,0.129940847975324,0.000346663352295039,0.0276759395235824,9.83578937030494e-08,319
"poisson","wide",74002,"glmnet",40,0.0111430386651524,0.126217345356561,0.00302070389576214,0.123196641460799,0.000287052210365794,0.0251137294962915,3.95313447957132e-08,326
"poisson","wide",74002,"glmnet",41,0.0101950810523852,0.115533231679823,-0.00103344890035612,0.116566680580179,0.000234862762961426,0.0225181235028177,8.38478603202932e-08,330
"poisson","wide",74002,"glmnet",42,0.009327767836771,0.105418185573067,-0.00486293349693116,0.110281119069998,0.000258276738586931,0.0269429936984502,9.56642284397465e-08,339
"poisson","wide",74002,"glmnet",43,0.0085342384596681,0.0958422061186228,-0.00848991179124104,0.104332117909864,0.000246143409787698,0.0280333376665488,6.6073651389347e-08,344
"poisson","wide",74002,"glmnet",44,0.00780821600204953,0.0867889954440004,-0.0118085032146001,0.0985974986586005,0.000243573787295498,0.0302508875253823,5.83971072432814e-08,347
"poisson","wide",74002,"glmnet",45,0.00714395753326927,0.0782475908987978,-0.0147197086894395,0.0929672995882373,0.000279563798827831,0.0376591897997356,9.05071588165805e-08,356
"poisson","wide",74003,"picasso",1,0.387993564028967,0.714538109579297,0.714538109579297,0,5.95079541199084e-16,1.53373559865198e-15,5.95079541199084e-16,0
"poisson","wide",74003,"picasso",2,0.35498627905237,0.714243245006628,0.707894952984318,0.00634829202230987,0.000295411435897557,0.000832177053958684,0.000295411435897557,1
"poisson","wide",74003,"picasso",3,0.324786981018167,0.7134576186095,0.702359565645034,0.0110980529644668,0.000245655813592045,0.000756359792569099,0.000245655813592045,1
"poisson","wide",74003,"picasso",4,0.297156789610263,0.712285431353343,0.696299170657979,0.0159862606953643,0.000227875606134586,0.000766853102813022,0.000227875606134586,2
"poisson","wide",74003,"picasso",5,0.271877146475089,0.710582084010713,0.687625578577078,0.0229565054336348,0.000343531645217688,0.00126348639735263,0.000343531645217688,4
"poisson","wide",74003,"picasso",6,0.248748086397027,0.707998464113508,0.671460102602692,0.0365383615108163,4.37520267475289e-05,0.000175857966341343,7.85955962690567e-07,8
"poisson","wide",74003,"picasso",7,0.22758665554794,0.703936588881405,0.647896134853297,0.0560404540281076,5.25874060525733e-05,0.000231012040675261,1.93896731688411e-06,17
"poisson","wide",74003,"picasso",8,0.208225464298951,0.697751404537793,0.6133163168579,0.0844350876798929,0.000143068764681592,0.000686715725985273,3.52625208344432e-06,32
"poisson","wide",74003,"picasso",9,0.19051136314704,0.688666302484986,0.568521741829829,0.120144560655157,0.000219804816179781,0.00115249064365898,8.74531041522289e-06,44
"poisson","wide",74003,"picasso",10,0.17430423128285,0.676497647078874,0.524442853840392,0.152054793238482,0.000328573114887598,0.00188150855173379,1.42037203671062e-05,53
"poisson","wide",74003,"picasso",11,0.159475868217142,0.661759675089576,0.482849930553685,0.178909744535891,0.000110521431873761,0.000692735907533912,3.50362407936749e-07,69
"poisson","wide",74003,"picasso",12,0.145908979698495,0.644782298145258,0.442905857130715,0.201876441014543,0.000124158772989685,0.000850327160563805,5.13206597050342e-07,79
"poisson","wide",74003,"picasso",13,0.133496249900757,0.626025993445499,0.40645831089657,0.219567682548929,0.000218454390031014,0.00163463049872031,1.00740711512464e-06,91
"poisson","wide",74003,"picasso",14,0.122139492541111,0.605815223279052,0.371024032573077,0.234791190705975,0.000395516306774285,0.00323328069485763,1.49122303647672e-06,107
"poisson","wide",74003,"picasso",15,0.111748874213998,0.584379058994659,0.337399954310009,0.24697910468465,0.000385419604869472,0.0034403387564402,2.24351794896105e-06,122
"poisson","wide",74003,"picasso",16,0.102242203797372,0.561982266205279,0.305662749740996,0.256319516464282,0.000325427426322897,0.00317739563329928,4.95267316300563e-07,133
"poisson","wide",74003,"picasso",17,0.0935442823103981,0.538891676974597,0.276348573071805,0.262543103902793,0.000385108962629971,0.00410757447225217,8.7110811582493e-07,143
"poisson","wide",74003,"picasso",18,0.0855863080798769,0.51537572233827,0.249177006585529,0.266198715752741,0.000275507502537839,0.00321264864664547,4.18108502097907e-07,162
"poisson","wide",74003,"picasso",19,0.0783053325101986,0.49163140921768,0.224038095960174,0.267593313257505,0.000280217438257638,0.00357185739038278,4.25402635035559e-07,171
"poisson","wide",74003,"picasso",20,0.0716437621518863,0.467822194369217,0.200049491777811,0.267772702591406,0.000397738832036101,0.00553557951113646,1.44737594539749e-06,183
"poisson","wide",74003,"picasso",21,0.0655489031300332,0.444069510253,0.177909116573395,0.266160393679605,0.000372043088411919,0.00566066253171278,2.93272916521227e-07,196
"poisson","wide",74003,"picasso",22,0.0599725443290021,0.420543577076454,0.157916836056151,0.262626741020303,0.00036361003714943,0.00603754211549039,5.10985382339132e-07,203
"poisson","wide",74003,"picasso",23,0.054870576036324,0.397362701860687,0.139040609905762,0.258322091954925,0.000324921860820199,0.00589569690799841,3.70515783347157e-07,210
"poisson","wide",74003,"picasso",24,0.0502026410292222,0.374610800051305,0.121553017886878,0.253057782164427,0.000374865218892184,0.0074298154894432,5.35932039955928e-07,219
"poisson","wide",74003,"picasso",25,0.0459318153438105,0.352362182666174,0.105320507584825,0.247041675081349,0.000336362557482109,0.00728569585237702,2.49744619118213e-07,227
"poisson","wide",74003,"picasso",26,0.0420243162018082,0.330678590338535,0.090307487842967,0.240371102495568,0.000380170815514391,0.00900069534119446,2.86777666577936e-07,232
"poisson","wide",74003,"picasso",27,0.0384492347844367,0.309616078906877,0.0766183488538381,0.232997730053039,0.000346291292601601,0.00895302985413758,1.4464305288112e-07,238
"poisson","wide",74003,"picasso",28,0.035178291739703,0.289238366768356,0.0642608797495304,0.224977487018826,0.000386731903906486,0.0109155572414633,1.43406397722526e-07,241
"poisson","wide",74003,"picasso",29,0.032185613489103,0.269597765126664,0.0530674008391595,0.216530364287505,0.000365438906792491,0.0112780136615309,1.83284482268168e-07,249
"poisson","wide",74003,"picasso",30,0.0294475275643011,0.250700920528458,0.0425997464044377,0.208101174124021,0.000366254513766252,0.0123274742467833,3.69382958888157e-07,259
"poisson","wide",74003,"picasso",31,0.0269423753548729,0.232542248302301,0.0328603841310828,0.199681864171218,0.000350793117067903,0.0128527809964072,4.20620982737001e-07,262
"poisson","wide",74003,"picasso",32,0.0246503407859223,0.215128237385904,0.0239023519847245,0.19122588540118,0.000391132226685579,0.0156193777613901,2.20223358957344e-07,266
"poisson","wide",74003,"picasso",33,0.0225532935703906,0.198477356145755,0.015744962715308,0.182732393430447,0.000382022073342828,0.0167150841483384,1.16373721180832e-07,276
"poisson","wide",74003,"picasso",34,0.0206346457961632,0.182573314266462,0.00810327495016387,0.174470039316298,0.000365629984915902,0.017475792504454,1.31294073614388e-07,289
"poisson","wide",74003,"picasso",35,0.0188792207135599,0.16740406824933,0.00118651038585859,0.166217557863471,0.000386955441351523,0.0200847037959257,3.5831805811602e-07,296
"poisson","wide",74003,"picasso",36,0.0172731326853007,0.152932301333998,-0.00550400249592507,0.158436303829923,0.000396235289017832,0.0224427090325044,2.6490055015633e-07,298
"poisson","wide",74003,"picasso",37,0.0158036773493361,0.139153192696711,-0.0115228421853113,0.150676034882022,0.000397291401604896,0.0245385499102218,2.53233573303773e-07,304
"poisson","wide",74003,"picasso",38,0.0144592311257158,0.126049971704697,-0.01710601405508,0.143155985759777,0.000372580826615501,0.0251203850084506,2.34656530776002e-07,312
"poisson","wide",74003,"picasso",39,0.0132291592725823,0.113623306462907,-0.0219318579991805,0.135555164462088,0.000369509532846124,0.0271757672517008,3.80351698158675e-07,316
"poisson","wide",74003,"picasso",40,0.0121037317640004,0.101844143744058,-0.0265605382523895,0.128404681996447,0.000386892767363466,0.0309746535405,2.84394238800572e-07,321
"poisson","wide",74003,"picasso",41,0.0110740463242058,0.0906917400709595,-0.0308435875682762,0.121535327639236,0.000398358151604319,0.0347231613428789,1.8888914603015e-07,327
"poisson","wide",74003,"picasso",42,0.010131958009463,0.0801430381278982,-0.0347580221856289,0.114901060313527,0.000389378049670701,0.0370172666598286,1.32694826578326e-07,334
"poisson","wide",74003,"picasso",43,0.00927001478051733,0.070177444387913,-0.0382775157541552,0.108454960142068,0.000395068545483955,0.040875855091816,2.41011783268995e-07,337
"poisson","wide",74003,"picasso",44,0.00848139855600964,0.060769399275104,-0.0415208444818344,0.102290243756938,0.000392186086586328,0.0441970299921085,1.95580332067775e-07,344
"poisson","wide",74003,"picasso",45,0.00775987128057935,0.0518926240845992,-0.0445428093876547,0.0964354334722538,0.000338668398364538,0.0418184526829043,2.2142907564225e-07,346
"poisson","wide",74003,"glmnet",1,0.387993564028967,0.714538109579297,0.714538109579297,1.16691784726755e-17,2.69625591694681e-16,6.949228458711e-16,2.69625591694681e-16,0
"poisson","wide",74003,"glmnet",2,0.35498627905237,0.714243220901212,0.707903980543753,0.00633924035745875,5.26644928589004e-06,1.48354217237702e-05,2.42371930500188e-08,1
"poisson","wide",74003,"glmnet",3,0.324786981018167,0.713457602220444,0.702363669074941,0.0110939331455037,8.39661101004197e-06,2.585200279429e-05,1.69961829435802e-08,1
"poisson","wide",74003,"glmnet",4,0.297156789610263,0.71228541717994,0.69630379517437,0.0159816220055695,1.11372570325563e-05,3.74779914843563e-05,1.50016689959287e-08,2
"poisson","wide",74003,"glmnet",5,0.271877146475089,0.710582049268447,0.687640540673277,0.0229415085951699,2.16989901623554e-05,7.98053780817859e-05,3.4914148251884e-08,4
"poisson","wide",74003,"glmnet",6,0.248748086397027,0.707998461959958,0.671449542480799,0.0365489194791599,5.6866041089898e-07,2.28608742118202e-06,1.37188165589513e-12,8
"poisson","wide",74003,"glmnet",7,0.22758665554794,0.703936585768624,0.647873667368189,0.056062918400435,2.16288836313305e-07,9.50357261680834e-07,4.60888026156324e-12,17
"poisson","wide",74003,"glmnet",8,0.208225464298951,0.697751359894238,0.613273244434648,0.0844781154595899,2.40594978323516e-06,1.15544673986154e-05,7.28004564568404e-11,32
"poisson","wide",74003,"glmnet",9,0.19051136314704,0.688666177244231,0.568419222051635,0.120246955192596,2.82966863557332e-06,1.48527970213278e-05,3.88962113311615e-11,44
"poisson","wide",74003,"glmnet",10,0.17430423128285,0.676497482006134,0.524275111432785,0.152222370573349,1.54058128584988e-05,8.83768066247202e-05,2.20579662662297e-09,53
"poisson","wide",74003,"glmnet",11,0.159475868217142,0.661759621317261,0.48284982359385,0.178909797723411,1.54450188602495e-05,9.68392481501188e-05,2.43949974379884e-09,69
"poisson","wide",74003,"glmnet",12,0.145908979698495,0.644782195467549,0.442912283227535,0.201869912240014,1.2440302240041e-05,8.5253434622404e-05,2.1501724305801e-09,79
"poisson","wide",74003,"glmnet",13,0.133496249900757,0.62602579966332,0.406505050967703,0.219520748695617,1.7694377202393e-05,0.000132528308545476,2.33007750237237e-09,91
"poisson","wide",74003,"glmnet",14,0.122139492541111,0.605814624817928,0.371062706317121,0.234751918500807,2.77456215111299e-05,0.000227111801235913,4.11416750889515e-09,106
"poisson","wide",74003,"glmnet",15,0.111748874213998,0.58437811429236,0.337447085661055,0.246931028631304,2.88401762123663e-05,0.00025801365119783,4.26517542173599e-09,122
"poisson","wide",74003,"glmnet",16,0.102242203797372,0.561981889957812,0.30568947667929,0.256292413278523,4.8564389956901e-05,0.000474821351351678,5.07002932335711e-09,133
"poisson","wide",74003,"glmnet",17,0.0935442823103981,0.53889078049415,0.276406946989977,0.262483833504172,3.10678214332366e-05,0.000332028507637165,4.24743846189861e-09,143
"poisson","wide",74003,"glmnet",18,0.0855863080798769,0.515375003766397,0.249209136845598,0.266165866920799,5.37077812997194e-05,0.000627134182071852,8.02464650728751e-09,160
"poisson","wide",74003,"glmnet",19,0.0783053325101986,0.49163011071739,0.224069253603216,0.267560857114174,6.50529281978895e-05,0.00083007212966198,1.15783118083611e-08,173
"poisson","wide",74003,"glmnet",20,0.0716437621518863,0.467818972423607,0.20012990076479,0.267689071658817,9.27756984681338e-05,0.00129337941564052,1.55979939371014e-08,183
"poisson","wide",74003,"glmnet",21,0.0655489031300332,0.444067781297753,0.177944820680726,0.266122960617028,8.42063589377162e-05,0.00128298597450828,1.23985099831359e-08,195
"poisson","wide",74003,"glmnet",22,0.0599725443290021,0.420539833785631,0.157892715975608,0.262647117810023,0.000139491471106215,0.00232052482085399,2.08367575987063e-08,203
"poisson","wide",74003,"glmnet",23,0.054870576036324,0.397358761352576,0.138981331853581,0.258377429498995,0.000122796669800009,0.00223322056180881,1.99555317464168e-08,211
"poisson","wide",74003,"glmnet",24,0.0502026410292222,0.374606830987496,0.121532420862987,0.253074410124509,0.000174403591513266,0.00346196552073005,3.06431699430882e-08,217
"poisson","wide",74003,"glmnet",25,0.0459318153438105,0.352359901631595,0.105343838951118,0.247016062680477,0.000179649006922585,0.00389723964102114,2.83850263969678e-08,226
"poisson","wide",74003,"glmnet",26,0.0420243162018082,0.330674469583874,0.0902610515717775,0.240413418012096,0.000177710663252111,0.00421593460954559,1.99603354590826e-08,233
"poisson","wide",74003,"glmnet",27,0.0384492347844367,0.309613799118548,0.0766128958376108,0.233000903280937,0.000226230926161745,0.00585790510065787,2.44422071741087e-08,238
"poisson","wide",74003,"glmnet",28,0.035178291739703,0.289235082676799,0.0642491900331803,0.224985892643619,0.000216271548325389,0.0061232400107367,1.93661983122999e-08,241
"poisson","wide",74003,"glmnet",29,0.032185613489103,0.269594243159442,0.0530394513301988,0.216554791829243,0.000194436922998475,0.00600930297987587,2.82117727978815e-08,249
"poisson","wide",74003,"glmnet",30,0.0294475275643011,0.250692262326636,0.0424917629372101,0.208200499389426,0.000224687955791274,0.007572334989247,3.11549042678446e-08,254
"poisson","wide",74003,"glmnet",31,0.0269423753548729,0.232528703877463,0.0326501319923436,0.19987857188512,0.000205049043744011,0.00755316750249269,2.77443836679428e-08,257
"poisson","wide",74003,"glmnet",32,0.0246503407859223,0.215119936641545,0.0238735709294593,0.191246365712085,0.000142903703674081,0.00576527255716313,2.9535763402969e-08,266
"poisson","wide",74003,"glmnet",33,0.0225532935703906,0.198470590121178,0.0157436401465386,0.182726949974639,0.000191635851076958,0.00842660746080423,2.95035472510006e-08,270
"poisson","wide",74003,"glmnet",34,0.0206346457961632,0.182565657950328,0.00806318134510784,0.17450247660522,0.000207445566328634,0.00995320300255282,2.43751119729677e-08,284
"poisson","wide",74003,"glmnet",35,0.0188792207135599,0.16738644848509,0.000923068236187954,0.166463380248902,0.000211161230323262,0.0110611317753609,2.75831616068446e-08,291
"poisson","wide",74003,"glmnet",36,0.0172731326853007,0.152915156447047,-0.00566008052455692,0.158575236971604,0.000230989834505941,0.0131963104259906,4.00484410435973e-08,298
"poisson","wide",74003,"glmnet",37,0.0158036773493361,0.139132334208062,-0.011705230348507,0.150837564556569,0.000263540985367024,0.0164237188673169,3.93309506062169e-08,300
"poisson","wide",74003,"glmnet",38,0.0144592311257158,0.126031838883468,-0.0171963500705651,0.143228188954033,0.000307786616951876,0.0208818361970339,4.49830089650176e-08,310
"poisson","wide",74003,"glmnet",39,0.0132291592725823,0.113597088595135,-0.0222144872605835,0.135811575855718,0.000234650947273079,0.0174282720449398,3.88542114298269e-08,311
"poisson","wide",74003,"glmnet",40,0.0121037317640004,0.10182166055642,-0.026788465557386,0.128610126113806,0.000254010421037823,0.0205547596991754,5.09343424112288e-08,317
"poisson","wide",74003,"glmnet",41,0.0110740463242058,0.0906720700200802,-0.0309442784987721,0.121616348518852,0.000319908433392326,0.0280770320927415,5.52620970393848e-08,320
"poisson","wide",74003,"glmnet",42,0.010131958009463,0.0801263113591965,-0.0348215431427041,0.114947854501901,0.000274394846230049,0.026368012889351,5.32449906841061e-08,329
"poisson","wide",74003,"glmnet",43,0.00927001478051733,0.0701618424228762,-0.0383626112061181,0.108524453628994,0.000305518995698683,0.0319731693815323,6.40886533422234e-08,333
"poisson","wide",74003,"glmnet",44,0.00848139855600964,0.0607543551507093,-0.0416180854000886,0.102372440550798,0.000318912791154351,0.0362388077618555,6.31756274666051e-08,337
"poisson","wide",74003,"glmnet",45,0.00775987128057935,0.0518798401716947,-0.0446939620559146,0.0965738022276093,0.000300566945261141,0.0373186098284129,4.68555800578077e-08,341
"sqrtlasso","tall",74001,"picasso",1,0.234122697002081,2.23465844596279,2.23465844596279,0,2.77555756156289e-17,1.18551409030548e-16,2.2853720319104e-17,0
"sqrtlasso","tall",74001,"picasso",2,0.227803247267908,2.23461131086032,2.23122493326778,0.00338637759253982,1.73069466763431e-05,7.59674505051097e-05,1.55432969642089e-17,1
"sqrtlasso","tall",74001,"picasso",3,0.221654372388092,2.23447523192234,2.22797869210112,0.00649653982121425,1.51345853067475e-05,6.82754498505006e-05,2.79302494008842e-17,1
"sqrtlasso","tall",74001,"picasso",4,0.215671468198954,2.23425778721571,2.22491846288196,0.00933932433375246,1.31934419170254e-05,6.11700517628527e-05,4.04934382771183e-17,1
"sqrtlasso","tall",74001,"picasso",5,0.209850054812594,2.23396603315778,2.22203291476417,0.0119331183936089,1.15016243978638e-05,5.48057709717647e-05,4.2094916417832e-18,1
"sqrtlasso","tall",74001,"picasso",6,0.204185773262438,2.23360654052777,2.21931145718402,0.0142950833437569,1.00271157383036e-05,4.91053964857902e-05,4.33033769361317e-17,1
"sqrtlasso","tall",74001,"picasso",7,0.198674382239321,2.23318542737878,2.2167442088726,0.0164412185061825,8.7419269259037e-06,4.39993429869209e-05,3.11268935334429e-17,1
"sqrtlasso","tall",74001,"picasso",8,0.193311754915674,2.23264792119184,2.2075510719437,0.0250968492481402,1.79046924502491e-05,9.26122380111852e-05,5.23414668663259e-17,4
"sqrtlasso","tall",74001,"picasso",9,0.188093875855433,2.23175939595932,2.1906538592598,0.0411055366995235,6.44377807283714e-05,0.000342465764510271,6.44902795968356e-17,5
"sqrtlasso","tall",74001,"picasso",10,0.183016838007353,2.23038763872937,2.17116519465551,0.0592224440738638,7.91040386954045e-05,0.000432036001516133,4.34327007388589e-17,6
"sqrtlasso","tall",74001,"picasso",11,0.178076839779482,2.2285103784426,2.15090815676307,0.0776022216795272,8.35477728324818e-05,0.000468946963914463,6.07138816508375e-17,7
"sqrtlasso","tall",74001,"picasso",12,0.173270182192598,2.22611202957108,2.12892986506103,0.0971821645100489,8.42619222786167e-05,0.000486067275107058,7.12360081244146e-17,8
"sqrtlasso","tall",74001,"picasso",13,0.168593266110483,2.22314797396104,2.10410661819063,0.119041355770416,9.70540638855766e-05,0.000575338666648184,2.57029461432706e-17,9
"sqrtlasso","tall",74001,"picasso",14,0.164042589544957,2.21955656910761,2.07573063178688,0.143825937320729,2.14596251134347e-05,0.000130800289411299,4.0475448067259e-17,10
"sqrtlasso","tall",74001,"picasso",15,0.15961474503365,2.21524712068411,2.04486286537537,0.170384255308741,1.82538371225338e-05,0.000114348770314782,7.66892513349624e-18,10
"sqrtlasso","tall",74001,"picasso",16,0.155306417088564,2.21022752514249,2.0119265052744,0.198301019868092,2.85274507783873e-05,0.00018365121166385,1.83066571991487e-17,12
"sqrtlasso","tall",74001,"picasso",17,0.151114379713491,2.20433698116636,1.97176409313767,0.232572888028693,4.56340386070231e-05,0.000301892262869615,3.7049399202765e-17,13
"sqrtlasso","tall",74001,"picasso",18,0.147035493988449,2.19750075837805,1.93016844670282,0.267332311675229,5.93548588479487e-05,0.000403514190422579,5.01210446028857e-17,16
"sqrtlasso","tall",74001,"picasso",19,0.143066705719318,2.1896099426402,1.88226677967123,0.307343162968971,7.06197390067664e-05,0.000493370536166179,5.61226080882833e-17,16
"sqrtlasso","tall",74001,"picasso",20,0.139205043150913,2.18066427006783,1.83452187937293,0.346142390694891,8.41634895146492e-05,0.000604235543762668,4.52980116113948e-17,18
"sqrtlasso","tall",74001,"picasso",21,0.135447614741792,2.17061624308502,1.78266816992337,0.387948073161651,9.54310755681698e-05,0.000704064712377497,5.4330403574155e-17,20
"sqrtlasso","tall",74001,"picasso",22,0.131791606999122,2.15944039832561,1.73320269362049,0.426237704705122,8.02236344655816e-05,0.000608345497898537,6.60619145872644e-17,20
"sqrtlasso","tall",74001,"picasso",23,0.128234282371987,2.14727550899222,1.68464974754112,0.462625761451104,9.23255778938203e-05,0.000719457791090987,1.00966451047016e-16,22
"sqrtlasso","tall",74001,"picasso",24,0.124772977201561,2.13412860101344,1.6374257997908,0.49670280122264,6.54271924091926e-05,0.000524095070958413,2.34725343515734e-17,23
"sqrtlasso","tall",74001,"picasso",25,0.121405099726608,2.12006776624634,1.59136073326977,0.528707032976572,8.41469308689585e-05,0.000692628633266609,4.10745214508981e-18,23
"sqrtlasso","tall",74001,"picasso",26,0.118128128142825,2.10522066646065,1.55080409246196,0.554416573998691,6.42575051358618e-05,0.000543668737910532,9.1970974856266e-17,23
"sqrtlasso","tall",74001,"picasso",27,0.114939608714553,2.08971623295172,1.51170049077198,0.578015742179736,6.2690699948964e-05,0.000545125621558298,4.85451598221331e-17,25
"sqrtlasso","tall",74001,"picasso",28,0.111837153937473,2.0735978395152,1.47430104502234,0.599296794492856,6.40058647824598e-05,0.000571985713960133,6.05640802175007e-17,27
"sqrtlasso","tall",74001,"picasso",29,0.10881844075088,2.05691513076082,1.43846018066509,0.618454950095722,5.3902179792828e-05,0.000495095249554348,5.13255995056023e-18,27
"sqrtlasso","tall",74001,"picasso",30,0.105881208798225,2.0397742902761,1.40625987646347,0.633514413812629,4.54684259862254e-05,0.000429244333700602,3.5842681826876e-17,28
"sqrtlasso","tall",74001,"picasso",31,0.103023258734597,2.02225611337082,1.37643136521993,0.645824748150893,3.69398292870277e-05,0.000358429634347441,1.02561108817427e-16,28
"sqrtlasso","tall",74001,"picasso",32,0.100242450579896,2.00445208641155,1.34948041502806,0.654971671383492,4.55671317502321e-05,0.000454362672530324,4.01505293780295e-17,29
"sqrtlasso","tall",74001,"picasso",33,0.0975367021164555,1.98640921828495,1.32341004155859,0.66299917672636,3.07582554969349e-05,0.000315251164473037,3.42229743241187e-17,29
"sqrtlasso","tall",74001,"picasso",34,0.0949039873299158,1.96818150472245,1.29910321438058,0.669078290341861,2.93491917319894e-05,0.000309155801400668,4.38229911875174e-17,30
"sqrtlasso","tall",74001,"picasso",35,0.0923423348921829,1.94980084360428,1.27610969450401,0.673691149100262,2.52781291014276e-05,0.000273668748975929,5.68994085428632e-17,30
"sqrtlasso","tall",74001,"picasso",36,0.0898498266853339,1.93132857560129,1.25542475432141,0.675903821279885,2.02178330250685e-05,0.000224967430843303,1.15385715760992e-17,30
"sqrtlasso","tall",74001,"picasso",37,0.087424596365366,1.91282511749903,1.23674531240792,0.676079805091109,1.63081549950095e-05,0.0001865048753151,8.56571617196556e-17,30
"sqrtlasso","tall",74001,"picasso",38,0.0850648279647125,1.89434171418617,1.22011369946066,0.67422801472551,9.44500730225839e-05,0.00110909903417373,3.63561314194006e-17,30
"sqrtlasso","tall",74001,"picasso",39,0.0827687545324802,1.87592152335625,1.2046576040779,0.671263919278346,8.33398507874145e-05,0.00100588707392104,1.14725892953509e-17,30
"sqrtlasso","tall",74001,"picasso",40,0.0805346568113888,1.85760161927336,1.19055434114774,0.667047278125624,7.25185700086312e-05,0.000899654027889024,4.05474015095731e-17,30
"sqrtlasso","tall",74001,"picasso",41,0.0783608619504236,1.83941345356428,1.17765397652166,0.661759477042619,6.34084896495857e-05,0.000808531457083026,7.7858645981096e-17,30
"sqrtlasso","tall",74001,"picasso",42,0.076245742252235,1.82138381432283,1.16582338577826,0.655560428544568,5.57176094155842e-05,0.000730229926355422,4.385676282931e-17,30
"sqrtlasso","tall",74001,"picasso",43,0.0741877139543488,1.80353550276805,1.15494841970158,0.648587083066474,4.91901916978427e-05,0.000662611032392603,5.28701241655114e-19,30
"sqrtlasso","tall",74001,"picasso",44,0.072185236043275,1.78588789122828,1.14493062754872,0.640957263679565,4.36219637128671e-05,0.000603940930488571,5.33327215511015e-19,30
"sqrtlasso","tall",74001,"picasso",45,0.0702368091006244,1.76845738964054,1.13568458607515,0.632772803565391,3.88489573465295e-05,0.000552808161746172,7.98652660932757e-17,30
"sqrtlasso","tall",74002,"picasso",1,0.262048221596964,2.23219518798358,2.23219518798358,0,5.55111512312578e-17,2.11835634269769e-16,4.10764007286734e-17,0
"sqrtlasso","tall",74002,"picasso",2,0.254975004922476,2.23213535138107,2.22784400567479,0.00429134570627852,3.04269704913818e-05,0.000119318911230694,2.36711338564847e-17,1
"sqrtlasso","tall",74002,"picasso",3,0.248092708811459,2.23196269466917,2.22372778643806,0.00823490823111169,2.66499786109042e-05,0.00010740789731547,2.39833035638135e-17,1
"sqrtlasso","tall",74002,"picasso",4,0.241396179927996,2.23168695816329,2.21985192028071,0.0118350378825753,2.32271900563463e-05,9.62109481322204e-05,7.32008364869451e-17,1
"sqrtlasso","tall",74002,"picasso",5,0.234880404035226,2.23131719444746,2.21620131266786,0.0151158817796009,2.02447859845856e-05,8.61844617551244e-05,4.64951328582059e-17,1
"sqrtlasso","tall",74002,"picasso",6,0.228540502240786,2.23086181858784,2.21276186220267,0.018099956385171,1.76462955907564e-05,7.72070289497811e-05,5.89414758296728e-17,1
"sqrtlasso","tall",74002,"picasso",7,0.222371727343577,2.23032865307957,2.20952046091859,0.0208081921609787,1.53820949403416e-05,6.91681050182194e-05,1.33029564997697e-17,1
"sqrtlasso","tall",74002,"picasso",8,0.216369460279156,2.22972496928268,2.20646491249394,0.0232600567887314,1.34090167404344e-05,6.1968938595125e-05,3.11398232745194e-17,1
"sqrtlasso","tall",74002,"picasso",9,0.210529206661062,2.22905670232692,2.20307777135513,0.0259789309717942,5.98624390865943e-05,0.000284261853392427,1.01040335176375e-17,2
"sqrtlasso","tall",74002,"picasso",10,0.204846593415504,2.22825232385512,2.19559781388169,0.0326545099734257,5.88344271232333e-06,2.87203884598154e-05,1.28563711544193e-17,2
"sqrtlasso","tall",74002,"picasso",11,0.199317365506882,2.22727523269826,2.18862255674383,0.0386526759544337,5.04952100391365e-06,2.53334327863086e-05,0,2
"sqrtlasso","tall",74002,"picasso",12,0.193937382751697,2.22614219066667,2.18207976146081,0.0440624292058598,4.36012070634262e-06,2.24816001020017e-05,5.26789709717912e-17,2
"sqrtlasso","tall",74002,"picasso",13,0.18870261671846,2.2248383450807,2.17352809520019,0.0513102498805116,5.21518833579426e-06,2.76363110269323e-05,5.24903698369423e-17,3
"sqrtlasso","tall",74002,"picasso",14,0.183609147711273,2.22333987319134,2.16484864902302,0.0584912241683128,1.02171230909887e-05,5.56429497520871e-05,2.16931719281336e-17,4
"sqrtlasso","tall",74002,"picasso",15,0.178653161834835,2.22156813733395,2.14738789934396,0.0741802379899958,8.31433476474464e-05,0.000465173248168917,4.23948966309607e-18,7
"sqrtlasso","tall",74002,"picasso",16,0.173830948138671,2.21920151857875,2.12118888497977,0.0980126335989801,1.53057012823865e-05,8.80415939044463e-05,3.94575602680132e-17,7
"sqrtlasso","tall",74002,"picasso",17,0.169138895838436,2.21622799267335,2.09736779035667,0.118860202316681,1.29466053302718e-05,7.65383642485352e-05,3.68222919726226e-17,8
"sqrtlasso","tall",74002,"picasso",18,0.164573491612228,2.21263330323802,2.06739617344744,0.145237129790574,2.37048699812392e-05,0.000144017458910981,2.05139779619308e-17,10
"sqrtlasso","tall",74002,"picasso",19,0.16013131696988,2.20819760533369,2.02898700117917,0.179210604154511,4.18495648155104e-05,0.000261277002390068,1.95890778297158e-17,11
"sqrtlasso","tall",74002,"picasso",20,0.155809045693255,2.20285332624793,1.99202461210622,0.210828714141717,3.84522937557086e-05,0.000246730260365896,1.65528194937829e-17,12
"sqrtlasso","tall",74002,"picasso",21,0.151603441345637,2.1966666803723,1.95575453729741,0.240912143074889,3.52941721163125e-05,0.000232751691022775,2.86389475387532e-17,13
"sqrtlasso","tall",74002,"picasso",22,0.147511354848347,2.18957857963363,1.9095630044106,0.280015575223031,8.27651588908851e-05,0.000560761898148967,3.68027225582243e-17,17
"sqrtlasso","tall",74002,"picasso",23,0.14352972212277,2.18128160288983,1.85742970721372,0.323851895676107,8.55857844042907e-05,0.00059593775657682,4.35737934958424e-17,17
"sqrtlasso","tall",74002,"picasso",24,0.139655561796031,2.17189379983678,1.81166996066139,0.360223839175389,6.46210993662522e-05,0.000462503684343381,4.17175501291448e-17,17
"sqrtlasso","tall",74002,"picasso",25,0.135885972968597,2.16160038299204,1.7702313606656,0.391369022326439,5.86705369096108e-05,0.000431576672656722,2.68425622264935e-17,18
"sqrtlasso","tall",74002,"picasso",26,0.132218133042139,2.15043504828728,1.72498314897371,0.425451899313571,9.15915124159172e-05,0.00069225079807457,4.01695486507467e-17,20
"sqrtlasso","tall",74002,"picasso",27,0.128649295606021,2.13828391540016,1.67762675810822,0.460657157291936,9.3755552417446e-05,0.000728237769524859,4.6399183511956e-17,21
"sqrtlasso","tall",74002,"picasso",28,0.125176788380838,2.12523084837092,1.63406020468171,0.491170643689213,7.34036160903173e-05,0.000586055916721608,1.41490469087841e-17,21
"sqrtlasso","tall",74002,"picasso",29,0.121798011217465,2.11141412945595,1.59325575212512,0.518158377330829,6.79525555950106e-05,0.000557600772940608,7.40378286468343e-18,23
"sqrtlasso","tall",74002,"picasso",30,0.118510434150112,2.09687332446519,1.552773606386,0.544099718079186,7.67227961833844e-05,0.000646973906441909,2.79830578312042e-17,24
"sqrtlasso","tall",74002,"picasso",31,0.115311595501931,2.08163760390313,1.5136262125605,0.568011391342625,6.83479345944538e-05,0.000592372751786401,4.60170525783866e-17,25
"sqrtlasso","tall",74002,"picasso",32,0.112199100041761,2.06578271092206,1.47571531460969,0.590067396312378,6.8215969657559e-05,0.000607620918367916,1.39933143293899e-17,26
"sqrtlasso","tall",74002,"picasso",33,0.109170617190621,2.04930715884227,1.43671954967537,0.612587609166899,7.94484091507369e-05,0.000727216123071167,1.10116675898809e-18,27
"sqrtlasso","tall",74002,"picasso",34,0.106223879276618,2.03227760842768,1.40173168862872,0.630545919798963,6.49351767661593e-05,0.000610931423970661,2.94192153929707e-17,28
"sqrtlasso","tall",74002,"picasso",35,0.103356679836952,2.01480418064006,1.36927204107983,0.645532139560236,5.7425660582866e-05,0.000555298141453584,6.18954069021132e-17,29
"sqrtlasso","tall",74002,"picasso",36,0.100566871965762,1.99695429944977,1.33907472785641,0.657879571593356,4.75320565208881e-05,0.000472418009953736,4.80979977265117e-17,29
"sqrtlasso","tall",74002,"picasso",37,0.0978523667065604,1.97882027063018,1.31224887278723,0.666571397842953,3.70992778615936e-05,0.000378991523638484,1.6389499050953e-17,29
"sqrtlasso","tall",74002,"picasso",38,0.095211131488061,1.96049327643337,1.28829468532857,0.672198591104809,2.92328811380277e-05,0.000306937938883838,6.80507775335242e-17,29
"sqrtlasso","tall",74002,"picasso",39,0.0926411886022281,1.94204962248843,1.26679249846585,0.675257124022573,2.32584539765351e-05,0.000250996522565208,8.8722292044396e-18,29
"sqrtlasso","tall",74002,"picasso",40,0.0901406137234046,1.92354170187086,1.24622810675314,0.677313595117719,2.2349741965022e-05,0.000247881625736562,2.46735255021156e-17,30
"sqrtlasso","tall",74002,"picasso",41,0.087707534467413,1.90499480915246,1.22718335806169,0.677811451090777,1.86870168634584e-05,0.000213015180037223,8.59351426341776e-18,30
"sqrtlasso","tall",74002,"picasso",42,0.0853401289895489,1.88646007146079,1.21027200919566,0.676188062265135,9.98025683946746e-05,0.00116810215756073,3.43484052035014e-17,30
"sqrtlasso","tall",74002,"picasso",43,0.0830366246204168,1.86798211820406,1.19454190758717,0.67344021061689,8.79803803472412e-05,0.00105841562009747,2.64374491004227e-17,30
"sqrtlasso","tall",74002,"picasso",44,0.0807952965385887,1.84959932138054,1.18020183492576,0.669397486454781,7.62544541828419e-05,0.000942908269307927,1.0485932923835e-17,30
"sqrtlasso","tall",74002,"picasso",45,0.0786144664790893,1.83134417531174,1.16709665288424,0.664247522427501,6.63923418557782e-05,0.000843818215137535,1.16976376568287e-17,30
"sqrtlasso","tall",74003,"picasso",1,0.250450660610099,2.23851627878968,2.23851627878968,0,4.57774581064506e-17,1.82780344818962e-16,4.57774581064506e-17,0
"sqrtlasso","tall",74003,"picasso",2,0.243690485792012,2.23846180399714,2.23455187589114,0.00390992810599959,2.42556372429259e-05,9.95247029403297e-05,8.78171241937442e-18,1
"sqrtlasso","tall",74003,"picasso",3,0.237112781898378,2.23830458278915,2.23080264213557,0.00750194065357121,2.12293266899088e-05,8.95245965782603e-05,2.26630451430116e-17,1
"sqrtlasso","tall",74003,"picasso",4,0.230712623666289,2.23805343534686,2.2272705662737,0.0107828690731658,1.85044166851889e-05,8.01990474321021e-05,9.70766360045274e-18,1
"sqrtlasso","tall",74003,"picasso",5,0.224485218775745,2.23771656588764,2.22394218401128,0.0137743818763545,1.61298432122536e-05,7.18474223494782e-05,4.49666990725168e-17,1
"sqrtlasso","tall",74003,"picasso",6,0.218425904261247,2.23730160653311,2.22080491746826,0.0164966890648471,1.40606393284615e-05,6.43684379589664e-05,7.84623189296449e-17,1
"sqrtlasso","tall",74003,"picasso",7,0.21253014302026,2.23681565696938,2.2178470561189,0.0189686008504784,1.22573971525208e-05,5.76703619063703e-05,5.58716467820008e-17,1
"sqrtlasso","tall",74003,"picasso",8,0.206793520415911,2.2362309338384,2.21238114910999,0.0238497847284058,1.78247942511645e-05,8.61886674207879e-05,6.53498577494086e-17,2
"sqrtlasso","tall",74003,"picasso",9,0.201211740971395,2.23551385553069,2.20705277873335,0.0284610767973409,1.52928979075262e-05,7.59982275416283e-05,6.14204755830669e-17,2
"sqrtlasso","tall",74003,"picasso",10,0.195780625153594,2.2346469850253,2.19845221603019,0.0361947689951106,1.57420050718726e-05,8.03998833089476e-05,1.06555446821998e-17,3
"sqrtlasso","tall",74003,"picasso",11,0.190496106243529,2.23351939529672,2.18674177029488,0.046777625001844,2.03529017500925e-05,0.000106830149171376,6.02774549739576e-17,4
"sqrtlasso","tall",74003,"picasso",12,0.185354227291267,2.23207916443597,2.17275816518182,0.0593209992541551,2.95816139975202e-05,0.000159569566361845,2.66472963544735e-17,6
"sqrtlasso","tall",74003,"picasso",13,0.18035113815304,2.23022135514114,2.15418187866174,0.076039476479405,4.8852849855674e-05,0.000270802950621488,7.31904528797392e-17,6
"sqrtlasso","tall",74003,"picasso",14,0.175483092608319,2.2279250606517,2.1346816046565,0.0932434559951992,1.09108816915837e-05,6.2172390364351e-05,1.03627602905286e-17,8
"sqrtlasso","tall",74003,"picasso",15,0.17074644555472,2.22503192001418,2.10639397789904,0.118637942115135,1.5738846489588e-05,9.21682194730491e-05,6.48299574826449e-17,9
"sqrtlasso","tall",74003,"picasso",16,0.166137650278617,2.22141202572088,2.07563240426742,0.145779621453463,1.74035405417772e-05,0.00010474276973073,6.48747701290343e-17,10
"sqrtlasso","tall",74003,"picasso",17,0.161653255799427,2.21703252212701,2.04160686919624,0.175425652930771,2.65885870084082e-05,0.000164452081886336,6.81107787852641e-18,11
"sqrtlasso","tall",74003,"picasso",18,0.15728990428558,2.21181462479514,2.00683638415513,0.204978240640011,2.46728669630603e-05,0.000156837766783276,1.84637341336942e-17,11
"sqrtlasso","tall",74003,"picasso",19,0.15304432854024,2.20584722723714,1.97548945332354,0.230357773913604,1.93574445217504e-05,0.000126466603735634,2.17493598767175e-17,11
"sqrtlasso","tall",74003,"picasso",20,0.148913349554885,2.19914810092042,1.93821673004949,0.260931370870931,3.47542588674532e-05,0.000233331328010127,1.9303577019951e-17,14
"sqrtlasso","tall",74003,"picasso",21,0.144893874128925,2.19147824432243,1.89038089073721,0.30109735358522,7.01996546450812e-05,0.000484255531821551,2.30809383873707e-17,17
"sqrtlasso","tall",74003,"picasso",22,0.140982892553571,2.18268426129202,1.84310181590016,0.339582445391852,6.02952371465126e-05,0.000427494855235262,7.80064782361137e-18,17
"sqrtlasso","tall",74003,"picasso",23,0.137177476358222,2.17285196886372,1.79298116823769,0.379870800626038,8.76802440248903e-05,0.000638765482772598,4.15099596871185e-17,21
"sqrtlasso","tall",74003,"picasso",24,0.133474776117677,2.16184990881218,1.74036996712154,0.421479941690644,8.30621961515621e-05,0.000621919291298994,2.45441094016936e-17,21
"sqrtlasso","tall",74003,"picasso",25,0.129872019318544,2.14975944205247,1.68897597605593,0.460783465996541,1.89799027595638e-05,0.000146121770356286,6.05159035140525e-17,23
"sqrtlasso","tall",74003,"picasso",26,0.126366508283227,2.13650845585313,1.62925365008805,0.507254805765077,4.03714232949381e-05,0.00031937678857882,4.4761461744231e-17,26
"sqrtlasso","tall",74003,"picasso",27,0.122955618149958,2.12204587166754,1.57440319909593,0.54764267257161,2.86078597669798e-05,0.000232614057063852,2.00048116314301e-17,26
"sqrtlasso","tall",74003,"picasso",28,0.119636794907349,2.10660510422182,1.52773307209056,0.578872032131269,8.49739554350248e-05,0.00070976194423268,3.48776676119146e-17,26
"sqrtlasso","tall",74003,"picasso",29,0.116407553481995,2.09039044262624,1.48471852193045,0.60567192069579,2.46081441130086e-05,0.000211351775740721,2.424136862784e-17,27
"sqrtlasso","tall",74003,"picasso",30,0.1132654758777,2.07347509413903,1.44443367037262,0.629041423766415,7.45070815116877e-05,0.000657376854719496,2.34958037742608e-17,27
"sqrtlasso","tall",74003,"picasso",31,0.110208209364919,2.05599239016899,1.40880096039671,0.64719142977228,5.64484601099369e-05,0.000511936111020366,5.64548180774865e-17,27
"sqrtlasso","tall",74003,"picasso",32,0.107233464719087,2.0380777866955,1.37660418157081,0.661473605124686,4.74522624150375e-05,0.000442317830143263,5.98317742616431e-17,28
"sqrtlasso","tall",74003,"picasso",33,0.104339014506481,2.01980529888464,1.34680185763371,0.673003441250921,3.85259437295643e-05,0.000369101854320294,5.71989113948262e-17,28
"sqrtlasso","tall",74003,"picasso",34,0.101522691416367,2.00126923352215,1.32030026197692,0.680968971545236,2.96518717425448e-05,0.00029198609094052,1.58454600993225e-17,28
"sqrtlasso","tall",74003,"picasso",35,0.0987823866381506,1.98253393332921,1.2942680719972,0.688265861332009,3.06955255278824e-05,0.000310642324434703,5.56176011110699e-17,30
"sqrtlasso","tall",74003,"picasso",36,0.0961160482823444,1.96361966684079,1.27013228232117,0.693487384519622,2.51121215239375e-05,0.000261200524504248,2.65726494935827e-17,30
"sqrtlasso","tall",74003,"picasso",37,0.0935216798441481,1.94459991504862,1.24848385364146,0.696116061407162,1.97180911488543e-05,0.000210795343923483,4.84089287392488e-17,30
"sqrtlasso","tall",74003,"picasso",38,0.0909973387085031,1.9255396765016,1.22898117184394,0.69655850465766,1.56884451220918e-05,0.000172375819294644,3.51749156225735e-17,30
"sqrtlasso","tall",74003,"picasso",39,0.0885411346954989,1.90649385459883,1.21161941274386,0.694874441854973,9.69807024622932e-05,0.00109411963495474,2.74321304612029e-17,30
"sqrtlasso","tall",74003,"picasso",40,0.0861512286450408,1.88750860514617,1.19554936237046,0.691959242775711,8.50954243743901e-05,0.00098677007969279,6.45397861770085e-18,30
"sqrtlasso","tall",74003,"picasso",41,0.0838258310397213,1.86862338952623,1.18091227619915,0.687711113327086,7.37888099847789e-05,0.000879489205278412,2.80984382305537e-17,30
"sqrtlasso","tall",74003,"picasso",42,0.0815632006648625,1.8498716159585,1.16754422630935,0.682327389649146,6.43154288715031e-05,0.000787913585385212,4.47162827381965e-17,30
"sqrtlasso","tall",74003,"picasso",43,0.0793616433047264,1.8312816701519,1.1553017589446,0.675979911207303,5.63481320571546e-05,0.00070951343691445,4.23312124785603e-17,30
"sqrtlasso","tall",74003,"picasso",44,0.0772195104739179,1.81287765863153,1.14406236235696,0.668815296274569,4.96096249150285e-05,0.00064203688163621,2.30960381666977e-17,30
"sqrtlasso","tall",74003,"picasso",45,0.0751351981830296,1.79468001989266,1.13372073561619,0.660959284276472,4.38797924064427e-05,0.000583670265559521,3.51559297911054e-17,30
"sqrtlasso","wide",74001,"picasso",1,0.235162952450203,2.15137729666641,2.15137729666641,0,3.92199685300459e-17,1.66777836905883e-16,3.92199685300459e-17,0
"sqrtlasso","wide",74001,"picasso",2,0.228815424097001,2.15133149106894,2.14804081487963,0.00329067618931404,1.76953678437675e-05,7.73287008679088e-05,4.19389928067629e-17,1
"sqrtlasso","wide",74001,"picasso",3,0.222639228497428,2.15119925285846,2.14488626838611,0.00631298447234142,1.54750196314779e-05,6.95023252912877e-05,2.27750132039696e-17,1
"sqrtlasso","wide",74001,"picasso",4,0.216629741030555,2.15098794954955,2.14191259954683,0.00907535000271921,1.34901240239349e-05,6.22688461210654e-05,3.43580434697917e-17,1
"sqrtlasso","wide",74001,"picasso",5,0.210782461903417,2.15066836097387,2.13627229596111,0.0143960650127613,3.77094915048337e-05,0.000178870414796285,1.24728259788699e-17,2
"sqrtlasso","wide",74001,"picasso",6,0.205093012781652,2.15019335709601,2.12927030656192,0.0209230505340934,5.08510242877014e-05,0.000247879821235136,5.40776751677316e-17,3
"sqrtlasso","wide",74001,"picasso",7,0.199557133511082,2.14951406097331,2.12043295304651,0.0290811079268024,3.8005515786893e-05,0.000190413032963577,5.08623658781193e-18,5
"sqrtlasso","wide",74001,"picasso",8,0.194170678927793,2.1485809926098,2.10966843605957,0.0389125565502255,3.05407249134582e-05,0.000157263301271098,1.71408688336239e-17,5
"sqrtlasso","wide",74001,"picasso",9,0.188929615754309,2.14739328135419,2.09965357288664,0.0477397084675519,3.15134458869493e-05,0.000166772108212595,1.35968106503115e-17,5
"sqrtlasso","wide",74001,"picasso",10,0.18383001957955,2.14595927254949,2.08882473468734,0.0571345378621497,1.23745202192937e-05,6.73104823285657e-05,2.82457511224353e-17,6
"sqrtlasso","wide",74001,"picasso",11,0.178868071920308,2.14426077754375,2.07720400838275,0.0670567691610002,1.43546957946938e-05,8.02465399549855e-05,2.16845981233227e-17,7
"sqrtlasso","wide",74001,"picasso",12,0.174040057362032,2.14225384826367,2.06259542633474,0.0796584219289306,3.22075334605321e-05,0.000185023923712766,2.38374520927459e-17,8
"sqrtlasso","wide",74001,"picasso",13,0.1693423607768,2.13987041193013,2.04532516914706,0.0945452427830738,8.17138448285515e-05,0.000482460395224071,1.55088581145565e-17,10
"sqrtlasso","wide",74001,"picasso",14,0.164771464616376,2.13707186440602,2.02685008941017,0.110221774995852,6.78481427364153e-05,0.000411694901922045,5.18022413301657e-17,11
"sqrtlasso","wide",74001,"picasso",15,0.160323946278331,2.13384687449465,2.00791486345973,0.125932011034923,5.82876368450391e-05,0.000363475308243862,1.0110598507517e-17,13
"sqrtlasso","wide",74001,"picasso",16,0.15599647554327,2.13017794599765,1.9879659170535,0.142212028944146,5.42611365235146e-05,0.00034772140571777,3.35083116395887e-17,14
"sqrtlasso","wide",74001,"picasso",17,0.151785812081217,2.12597673025757,1.95962596736431,0.166350762893256,6.41648594320032e-05,0.000422554291576101,5.48742626859754e-17,17
"sqrtlasso","wide",74001,"picasso",18,0.147688803025323,2.1210872049354,1.93083516640173,0.190252038533677,6.43027532097884e-05,0.000435204071487822,5.43782189690284e-17,17
"sqrtlasso","wide",74001,"picasso",19,0.143702380611052,2.11558585058682,1.90414475762026,0.211441092966556,5.6221258148248e-05,0.000391081002578206,3.04854993963379e-17,18
"sqrtlasso","wide",74001,"picasso",20,0.139823559879099,2.10949216417052,1.87561018656236,0.23388197760816,6.18919707210119e-05,0.000442447516182447,1.28532571085434e-17,22
"sqrtlasso","wide",74001,"picasso",21,0.136049436440305,2.10267949286007,1.83909128181738,0.263588211042694,4.50012118954624e-05,0.000330661654302627,5.5711060052838e-17,25
"sqrtlasso","wide",74001,"picasso",22,0.132377184300909,2.09506606255781,1.80266789722008,0.292398165337732,4.45114350874631e-05,0.000336134006139021,5.06779394799274e-17,29
"sqrtlasso","wide",74001,"picasso",23,0.128804053746491,2.08664580767729,1.76351270144629,0.323133106230999,4.80289587488081e-05,0.00037274491603429,2.41028496587297e-17,35
"sqrtlasso","wide",74001,"picasso",24,0.125327369283039,2.07729101574621,1.71451464497571,0.362776370770501,7.09888369688216e-05,0.000566106590493669,7.23398732947598e-17,44
"sqrtlasso","wide",74001,"picasso",25,0.121944527633589,2.06671184992898,1.65642447197176,0.410287377957225,7.87138991932834e-05,0.000645073005802233,2.60441060858008e-17,53
"sqrtlasso","wide",74001,"picasso",26,0.118652995788938,2.05481078032072,1.59518660984893,0.459624170471795,3.75517235975675e-05,0.000316383438989542,5.86614381472519e-17,63
"sqrtlasso","wide",74001,"picasso",27,0.115450309110975,2.04153229097945,1.53115636829801,0.51037592268144,5.01082371281991e-05,0.000433835983269042,5.57281877759837e-17,71
"sqrtlasso","wide",74001,"picasso",28,0.112334069487206,2.02691012886163,1.4684705585259,0.558439570335723,5.61691660968394e-05,0.000499769079324654,6.35073910927633e-17,80
"sqrtlasso","wide",74001,"picasso",29,0.10930194353509,2.01097162641663,1.40560474259922,0.605366883817407,6.1477743991345e-05,0.000562141740559321,2.03105405072824e-17,86
"sqrtlasso","wide",74001,"picasso",30,0.106351660854845,1.99377214240886,1.34302096621186,0.650751176196996,5.48020843819108e-05,0.000515025900383611,4.88910920931657e-17,96
"sqrtlasso","wide",74001,"picasso",31,0.103481012329418,1.97541685277909,1.28544150344947,0.689975349329616,4.45913697337957e-05,0.000430727937249024,3.94829732960211e-18,100
"sqrtlasso","wide",74001,"picasso",32,0.100687848470336,1.95606293992592,1.23226100869314,0.723801931232777,8.59995677128245e-05,0.000853391722030441,1.60114205036854e-16,111
"sqrtlasso","wide",74001,"picasso",33,0.097970077808209,1.93572018627676,1.1719669171789,0.763753269097852,5.98394905204358e-05,0.000610420697776222,1.32894903211855e-16,120
"sqrtlasso","wide",74001,"picasso",34,0.0953256653266781,1.91419215670612,1.10531144066115,0.808880716044975,6.01854788443018e-05,0.000630968622034006,3.03341973223622e-16,139
"sqrtlasso","wide",74001,"picasso",35,0.0927526309386317,1.89130509024072,1.02803360743277,0.863271482807948,8.47664078697241e-05,0.000913063165195664,3.07322396725376e-16,158
"sqrtlasso","wide",74001,"picasso",36,0.0902490480035532,1.86690920874124,0.947295928367238,0.919613280373997,7.5056043141522e-05,0.000830963605271085,4.18903341369626e-16,184
"sqrtlasso","wide",74001,"picasso",37,0.0878130418848883,1.84087252707049,0.857133272781185,0.983739254289306,5.10559424782009e-05,0.000581078549039615,4.51495745195832e-17,196
"sqrtlasso","wide",74001,"picasso",38,0.0854427885463517,1.81308382007525,0.769055802559501,1.04402801751575,8.3947242772206e-05,0.000981532172339509,4.26898552248009e-16,210
"sqrtlasso","wide",74001,"picasso",39,0.0831365131861228,1.78377997935495,0.685098925161026,1.09868105419392,9.15527756671225e-05,0.00110038288135759,6.72288241908935e-16,227
"sqrtlasso","wide",74001,"picasso",40,0.0808924889079067,1.75293783375818,0.60139532066459,1.15154251309359,9.06351979357706e-05,0.00111918623708951,1.01507949809119e-15,242
"sqrtlasso","wide",74001,"picasso",41,0.0787090354278662,1.72051971264121,0.499677338790819,1.22084237385039,9.86062517171066e-05,0.00125122703351561,7.59565506914969e-16,268
"sqrtlasso","wide",74001,"picasso",42,0.0765845178164566,1.68603659625418,0.387513102384389,1.29852349386979,9.83968183596723e-05,0.00128316482006798,2.97140889621673e-16,292
"sqrtlasso","wide",74001,"picasso",43,0.0745173452742205,1.64906457341697,0.255614344265389,1.39345022915159,9.93438542525177e-05,0.00133148382714026,4.29526469989394e-15,313
"sqrtlasso","wide",74001,"picasso",44,0.0725059699406267,1.60797288339273,0.0424027044742203,1.56557017891851,9.65924747413083e-05,0.00133042790127284,1.12658661843642e-14,350
"sqrtlasso","wide",74002,"picasso",1,0.205609078465325,2.19536241390413,2.19536241390413,0,7.97581438961251e-17,3.87911586839663e-16,7.97581438961251e-17,0
"sqrtlasso","wide",74002,"picasso",2,0.200059269528007,2.19531016845342,2.19095019567854,0.00435997277488035,2.43944745574043e-05,0.000121921370637693,4.05385034060556e-17,2
"sqrtlasso","wide",74002,"picasso",3,0.194659261268123,2.19512285497431,2.1858974462241,0.00922540875021485,2.43458617904535e-05,0.000125053475993012,2.37988652935262e-17,2
"sqrtlasso","wide",74002,"picasso",4,0.189405010259455,2.19478297344985,2.17845049755125,0.016332475898599,4.87563980797467e-05,0.000257352487310959,2.27153319738317e-17,4
"sqrtlasso","wide",74002,"picasso",5,0.184292582216118,2.19422968745824,2.17027519337132,0.023954494086919,3.93032688313921e-05,0.000213220131329917,1.13419858292692e-16,4
"sqrtlasso","wide",74002,"picasso",6,0.179318149046637,2.1934771089754,2.16228115712388,0.0311959518515194,4.35839456570386e-05,0.000242994672999236,7.0415985063387e-17,5
"sqrtlasso","wide",74002,"picasso",7,0.174477985987542,2.19250940820749,2.15314836579748,0.0393610424100103,6.89119465735744e-05,0.000394804762440327,8.60361713878258e-17,5
"sqrtlasso","wide",74002,"picasso",8,0.169768468814338,2.19124723561909,2.13580233827467,0.0554448973444248,5.80680922940002e-05,0.000341925904818545,9.50519655209142e-18,7
"sqrtlasso","wide",74002,"picasso",9,0.165186071127752,2.18946397337659,2.11426873161301,0.0751952417635792,7.40560491120645e-05,0.000448118069235228,1.74036358537025e-17,9
"sqrtlasso","wide",74002,"picasso",10,0.160727361713226,2.18709733564256,2.08949024689724,0.097607088745326,7.95946290427785e-05,0.000494970061328476,2.73258916658574e-17,12
"sqrtlasso","wide",74002,"picasso",11,0.156389001971693,2.18411463877102,2.06389334575141,0.120221293019607,6.84063897695153e-05,0.000437220522095549,5.71739074752285e-17,15
"sqrtlasso","wide",74002,"picasso",12,0.152167743419692,2.18052139144085,2.03800816357177,0.142513227869079,5.98126542046551e-05,0.000392916077399415,5.41645962360247e-17,17
"sqrtlasso","wide",74002,"picasso",13,0.148060425256965,2.17629678026607,2.01047857985786,0.165818200408214,5.95346843011713e-05,0.000401935595478006,2.14576246190093e-17,19
"sqrtlasso","wide",74002,"picasso",14,0.144063971999709,2.17145211436126,1.98320050569401,0.188251608667254,5.37025451250728e-05,0.0003726298338818,9.59680811557659e-18,21
"sqrtlasso","wide",74002,"picasso",15,0.140175391177708,2.16591215777336,1.94943210466537,0.216480053107988,2.05776153517911e-05,0.0001467775110008,4.88152284511771e-17,25
"sqrtlasso","wide",74002,"picasso",16,0.13639177109363,2.1595412276369,1.9081361585669,0.251405069069997,3.49878293093853e-05,0.000256458700518922,7.91297469371482e-17,34
"sqrtlasso","wide",74002,"picasso",17,0.1327102786428,2.15206525416498,1.8557635953789,0.296301658786082,9.03917921067643e-05,0.00068065764887136,5.40140344623273e-17,38
"sqrtlasso","wide",74002,"picasso",18,0.129128157191825,2.14325609549946,1.79431388678643,0.348942208713038,6.00363131459669e-05,0.000464719813143425,5.5863848311541e-17,47
"sqrtlasso","wide",74002,"picasso",19,0.125642724514477,2.13292456369618,1.7281604376502,0.404764126045982,6.5122277788543e-05,0.000518044652345043,5.06602360225285e-17,53
"sqrtlasso","wide",74002,"picasso",20,0.122251370783289,2.12110420644848,1.66285467422101,0.458249532227463,5.54683746946671e-05,0.000453518176714703,6.3713924523632e-17,59
"sqrtlasso","wide",74002,"picasso",21,0.11895155661537,2.1078202683558,1.59551972973038,0.512300538625423,5.08528824598314e-05,0.0004273264942653,4.81122173282935e-17,68
"sqrtlasso","wide",74002,"picasso",22,0.11574081117096,2.09300698953853,1.52070115028114,0.572305839257388,3.70991782548818e-05,0.000320433994213416,3.42091402104435e-17,84
"sqrtlasso","wide",74002,"picasso",23,0.112616730303308,2.0764160815515,1.43756899327286,0.638847088278637,7.5155562560214e-05,0.000666911925226524,5.33984750280417e-17,95
"sqrtlasso","wide",74002,"picasso",24,0.109576974758495,2.05807180254038,1.35721798467375,0.700853817866629,7.18391077842856e-05,0.000655174508972763,8.97477984419601e-17,103
"sqrtlasso","wide",74002,"picasso",25,0.106619268423842,2.03801479788856,1.27273147932795,0.765283318560608,7.22042527421946e-05,0.000676757485212228,9.8197769085542e-17,118
"sqrtlasso","wide",74002,"picasso",26,0.103741396623601,2.01623786533208,1.19208379538921,0.824154069942867,6.58178471873994e-05,0.000634039238245051,6.01372881757298e-17,124
"sqrtlasso","wide",74002,"picasso",27,0.100941204460643,1.99295260113457,1.11465290567095,0.878299695463617,9.07260049618497e-05,0.000897993382327144,2.95961944677592e-17,143
"sqrtlasso","wide",74002,"picasso",28,0.0982165952029164,1.96816008597593,1.03457831653376,0.933581769442164,4.93115481812606e-05,0.000501817464587837,3.80189832910473e-16,155
"sqrtlasso","wide",74002,"picasso",29,0.0955655287134469,1.94182875610129,0.953768692825606,0.988060063275681,5.48641979582487e-05,0.000573770890160239,6.65164585188017e-19,164
"sqrtlasso","wide",74002,"picasso",30,0.0929860199227254,1.91411565257958,0.875491066202211,1.03862458637737,4.94603965362217e-05,0.000531629399520407,4.03622769038796e-16,179
"sqrtlasso","wide",74002,"picasso",31,0.0904761373423226,1.88485058349708,0.78621829344318,1.0986322900539,6.36228994645993e-05,0.000702706736738576,5.3095159542892e-16,195
"sqrtlasso","wide",74002,"picasso",32,0.0880340016186262,1.85403308740867,0.703617026769323,1.15041606063935,4.98789554489454e-05,0.000566266553242952,7.60087193663372e-16,211
"sqrtlasso","wide",74002,"picasso",33,0.0856577841256163,1.82175862296326,0.610374353955523,1.21138426900774,9.98128518893415e-05,0.00116389515806422,1.21503955014408e-15,239
"sqrtlasso","wide",74002,"picasso",34,0.0833457055956237,1.78740102713859,0.490931277017071,1.29646975012152,9.47269829113251e-05,0.00113526476294531,2.11220664387174e-15,254
"sqrtlasso","wide",74002,"picasso",35,0.0810960347870475,1.75066820859141,0.365972651273976,1.38469555731743,9.23412244692445e-05,0.00113738256681382,1.09730474924261e-15,281
"sqrtlasso","wide",74002,"picasso",36,0.0789070871880331,1.71135010936196,0.218112044786475,1.49323806457548,9.95319098350267e-05,0.0012597920398509,8.56308662745522e-15,299
"sqrtlasso","wide",74002,"picasso",37,0.0767772237551412,1.66932621381677,0.107068339850259,1.56225787396651,9.86554698571007e-05,0.00128330850783974,2.99017090401857e-14,319
"sqrtlasso","wide",74002,"picasso",38,0.0747048496860621,1.62566777991328,0.0155181946924881,1.61014958522079,0.000181398088204221,0.00242513421557123,1.07419598164868e-12,349
"sqrtlasso","wide",74003,"picasso",1,0.285055570507432,2.21989746574713,2.21989746574713,0,3.68662510348212e-17,1.29330049467881e-16,3.68662510348212e-17,0
"sqrtlasso","wide",74003,"picasso",2,0.2773613384986,2.21982611547866,2.21471876717876,0.00510734829990162,4.6379255719986e-05,0.00016718805120289,2.86453145352091e-17,1
"sqrtlasso","wide",74003,"picasso",3,0.269874789525395,2.21962033643422,2.20981559801026,0.00980473842396335,4.06934687875449e-05,0.0001507637440288,1.03351943347654e-17,1
"sqrtlasso","wide",74003,"picasso",4,0.262590317798542,2.21929187716171,2.20520369553812,0.0140881816235956,3.5459550109973e-05,0.000135019305675003,7.81076017851041e-17,1
"sqrtlasso","wide",74003,"picasso",5,0.255502468840465,2.21885163671264,2.20086429597336,0.0179873407392754,3.09000343677868e-05,0.000120923676245674,5.75071461874447e-17,1
"sqrtlasso","wide",74003,"picasso",6,0.248605935401078,2.21830973034002,2.19677984113424,0.0215298892057866,2.6928821367761e-05,0.000108307570087229,3.92757561439338e-17,1
"sqrtlasso","wide",74003,"picasso",7,0.241895553483813,2.21767554674439,2.1929340651093,0.0247414816350901,2.34695771049731e-05,9.70141860198536e-05,2.77726831983505e-17,1
"sqrtlasso","wide",74003,"picasso",8,0.235366298478915,2.21695780059867,2.1893118822668,0.0276459183318749,2.04559586323427e-05,8.69036096836539e-05,6.56345864690422e-17,1
"sqrtlasso","wide",74003,"picasso",9,0.229013281401111,2.21616458083976,2.18589928596705,0.0302652948727157,1.78302928490748e-05,7.78509640773184e-05,4.9919529089125e-17,1
"sqrtlasso","wide",74003,"picasso",10,0.222831745228822,2.21530339512728,2.18268325765391,0.0326201374733642,1.55424278276695e-05,6.97447475852449e-05,5.05743968661028e-17,1
"sqrtlasso","wide",74003,"picasso",11,0.216817061342197,2.21438121082545,2.17965168508313,0.0347295257423179,1.35487396944745e-05,6.24853644481166e-05,3.55095291944982e-17,1
"sqrtlasso","wide",74003,"picasso",12,0.210964726057289,2.21340449282488,2.17679328861061,0.0366112042142675,1.18112732937492e-05,5.59838238090045e-05,8.91818378143192e-17,1
"sqrtlasso","wide",74003,"picasso",13,0.205270357253778,2.21237923848695,2.17409755460875,0.0382816838781988,1.02969980428913e-05,5.01605866389136e-05,2.91805285178581e-17,1
"sqrtlasso","wide",74003,"picasso",14,0.19972969109372,2.21129381722822,2.16936207887972,0.041931738348502,2.03434528104618e-05,0.000101844552150618,8.48082564457477e-17,3
"sqrtlasso","wide",74003,"picasso",15,0.194338578828865,2.21005776080999,2.16179838756379,0.0482593732461961,3.42991808120474e-05,0.000176460734456685,1.52602038886093e-17,3
"sqrtlasso","wide",74003,"picasso",16,0.189092983694154,2.20865708044624,2.15469237602377,0.0539647044224723,2.91186866828996e-05,0.00015396765537358,7.08112053205965e-17,3
"sqrtlasso","wide",74003,"picasso",17,0.183988977885058,2.20710152838308,2.14705083545346,0.0600506929296168,9.65023779096741e-05,0.000524455081193623,3.22074507800926e-17,4
"sqrtlasso","wide",74003,"picasso",18,0.179022739616514,2.20537366433008,2.13885864328894,0.066515021041136,7.25954593381317e-05,0.000405478190546296,2.49154872152102e-17,6
"sqrtlasso","wide",74003,"picasso",19,0.174190550261244,2.20340854222677,2.12594677826078,0.0774617639659931,8.64670255145417e-05,0.000496254088025411,1.88001079308313e-17,7
"sqrtlasso","wide",74003,"picasso",20,0.169488791565315,2.20111913301279,2.11101678965306,0.0901023433597226,9.46059953969847e-05,0.000557872980243334,7.91883170565287e-17,8
"sqrtlasso","wide",74003,"picasso",21,0.164913942938857,2.19847181651894,2.0951199168857,0.103351899633238,9.2414152837561e-05,0.000560064196715805,2.87664917995769e-17,9
"sqrtlasso","wide",74003,"picasso",22,0.160462578819909,2.19545017867843,2.07784775460428,0.117602424074148,9.41760012349024e-06,5.86868758013071e-05,3.32801255298868e-17,11
"sqrtlasso","wide",74003,"picasso",23,0.156131366109425,2.19201220809607,2.05714149095748,0.134870717138589,6.64017799208994e-05,0.0004251135007764,2.96059669851899e-17,14
"sqrtlasso","wide",74003,"picasso",24,0.151917061675509,2.18801430393359,2.03022018809272,0.157794115840865,8.15342261049623e-05,0.000536414337391235,3.15609751226001e-17,16
"sqrtlasso","wide",74003,"picasso",25,0.147816509925018,2.18336320530141,2.00010152289318,0.183261682408226,7.04782942578808e-06,4.76773089002197e-05,1.55423333934258e-17,22
"sqrtlasso","wide",74003,"picasso",26,0.143826640440712,2.17795193795297,1.9649606112995,0.21299132665347,9.07935604771426e-06,6.31230966865771e-05,2.74433584209474e-17,26
"sqrtlasso","wide",74003,"picasso",27,0.139944465682184,2.17171092471531,1.92830192385095,0.243409000864358,1.15012155725569e-05,8.21797512680259e-05,6.84321967472979e-17,29
"sqrtlasso","wide",74003,"picasso",28,0.136167078748842,2.16464770712509,1.8917861264469,0.272861580678192,1.10908577089508e-05,8.14472641361483e-05,4.02421699615822e-18,32
"sqrtlasso","wide",74003,"picasso",29,0.132491651203282,2.15675845322796,1.85316107388945,0.303597379338511,8.7570852660146e-06,6.60924765134749e-05,3.01260147303594e-17,37
"sqrtlasso","wide",74003,"picasso",30,0.128915430953396,2.14801359944778,1.81199519900013,0.336018400447654,1.7021608667539e-05,0.000132024873985997,1.08536754819443e-17,45
"sqrtlasso","wide",74003,"picasso",31,0.125435740191667,2.13833294195451,1.76467083584205,0.373662106112462,6.87891466459867e-05,0.000548100909255292,1.07852378592624e-17,51
"sqrtlasso","wide",74003,"picasso",32,0.12204997339007,2.1274692424812,1.70876412481873,0.418705117662467,6.10731062100495e-05,0.000500143991574997,5.34629053073188e-17,56
"sqrtlasso","wide",74003,"picasso",33,0.118755595349103,2.11535069130677,1.64624019703001,0.469110494276769,4.70914029559455e-05,0.000396383316264769,4.74006274679751e-17,68
"sqrtlasso","wide",74003,"picasso",34,0.115550139299475,2.10163752309182,1.56597636780106,0.535661155290755,9.19088948219682e-05,0.00079477055497622,6.8870922253645e-18,85
"sqrtlasso","wide",74003,"picasso",35,0.112431205055038,2.08604248573059,1.48399096741637,0.602051518314219,5.51903750165006e-05,0.000490640444166589,4.87355391493938e-17,91
"sqrtlasso","wide",74003,"picasso",36,0.109396457215569,2.06865949967788,1.39999587701178,0.668663622666101,6.60465479950662e-05,0.000603371435187751,4.80342804851506e-17,105
"sqrtlasso","wide",74003,"picasso",37,0.106443623418066,2.04944729214938,1.31423891303585,0.735208379113533,8.56275937719114e-05,0.000803794196979725,1.34679675839326e-16,112
"sqrtlasso","wide",74003,"picasso",38,0.103570492635245,2.02847240293619,1.23173439655833,0.796738006377867,8.71427572298744e-05,0.000840678613784014,2.20830596103503e-16,126
"sqrtlasso","wide",74003,"picasso",39,0.100774913519965,2.00587857767619,1.15188785914269,0.853990718533501,7.25303911899289e-05,0.000719209018860477,2.46189487020179e-16,134
"sqrtlasso","wide",74003,"picasso",40,0.0980547927943382,1.98176036333075,1.0725962929512,0.90916407037955,8.27947578348476e-05,0.000843660007342561,3.17030232482105e-16,147
"sqrtlasso","wide",74003,"picasso",41,0.0954080936823208,1.95608767127169,0.990042073010963,0.966045598260725,7.17415448173997e-05,0.000751379017849506,3.65492956559613e-16,162
"sqrtlasso","wide",74003,"picasso",42,0.0928328343846145,1.92897249821431,0.914770473757419,1.0142020244569,9.62448235046903e-05,0.00103568037394566,2.65326224463888e-16,172
"sqrtlasso","wide",74003,"picasso",43,0.0903270865947316,1.90046549731323,0.83023636545903,1.0702291318542,7.16711215637683e-05,0.000792833036364268,5.61214311479563e-17,197
"sqrtlasso","wide",74003,"picasso",44,0.0878889740551148,1.87031916055769,0.736396612025,1.13392254853269,8.41616650519988e-05,0.000956674607117657,4.93537628148632e-16,222
"sqrtlasso","wide",74003,"picasso",45,0.0855166711522297,1.83848392447815,0.648835139228479,1.18964878524967,8.64957499776137e-05,0.00101043788742891,1.39638135322955e-16,234
